customer_id,age,occupation_type,employment_tenure_months,city_tier,declared_annual_income,existing_loan_count,existing_loan_types,residence_type,relationship_tenure_years,bureau_score_proxy
CUST000001,37,salaried,109,metro,1192000.0,0,,rented,0.5,645
CUST000002,26,salaried,17,metro,742000.0,1,auto,owned,5.4,733
CUST000003,41,salaried,172,metro,1103000.0,0,,owned,1.6,692
CUST000004,42,salaried,130,metro,1494000.0,0,,owned,0.2,690
CUST000005,21,salaried,3,metro,861000.0,1,auto,rented,2.4,557
CUST000006,24,salaried,26,metro,460000.0,1,personal,owned,0.6,640
CUST000007,36,salaried,57,tier3,827000.0,0,,owned,3.0,712
CUST000008,32,business_owner,41,metro,799000.0,1,mortgage,rented,2.8,730
CUST000009,34,business_owner,76,metro,434000.0,0,,rented,6.6,759
CUST000010,28,salaried,59,tier3,347000.0,1,mortgage,owned,13.5,613
CUST000011,42,salaried,59,metro,1276000.0,0,,rented,2.5,687
CUST000012,41,salaried,172,tier2,1626000.0,0,,owned,0.4,620
CUST000013,35,salaried,88,tier3,444000.0,0,,rented,2.0,778
CUST000014,44,business_owner,191,tier2,578000.0,0,,owned,1.4,651
CUST000015,38,salaried,115,metro,471000.0,2,personal|auto,owned,2.0,602
CUST000016,28,salaried,19,tier2,408000.0,0,,owned,0.9,685
CUST000017,37,salaried,69,tier2,406000.0,1,home,owned,3.7,454
CUST000018,27,salaried,49,metro,885000.0,0,,owned,5.2,678
CUST000019,42,self_employed,135,metro,494000.0,1,personal,owned,2.4,602
CUST000020,34,self_employed,95,metro,430000.0,0,,owned,0.3,900
CUST000021,33,salaried,117,tier3,314000.0,0,,owned,4.5,599
CUST000022,29,salaried,22,metro,797000.0,1,home,owned,4.1,655
CUST000023,44,business_owner,169,metro,459000.0,1,home,owned,1.2,746
CUST000024,33,salaried,62,tier2,684000.0,0,,rented,4.8,725
CUST000025,31,self_employed,39,tier3,78000.0,0,,rented,3.9,748
CUST000026,32,business_owner,128,metro,579000.0,0,,rented,0.3,654
CUST000027,39,salaried,178,metro,763000.0,1,mortgage,owned,2.4,576
CUST000028,37,business_owner,78,tier2,587000.0,0,,owned,1.1,900
CUST000029,38,salaried,166,tier2,306000.0,0,,owned,4.5,701
CUST000030,38,self_employed,51,tier2,608000.0,0,,owned,14.2,675
CUST000031,52,salaried,311,tier3,387000.0,1,personal,owned,3.0,752
CUST000032,31,salaried,89,metro,950000.0,1,mortgage,rented,1.8,537
CUST000033,30,salaried,36,metro,381000.0,0,,rented,1.0,613
CUST000034,28,salaried,49,metro,480000.0,2,mortgage|home,owned,0.3,586
CUST000035,39,salaried,155,metro,707000.0,0,,owned,6.5,645
CUST000036,44,salaried,112,tier2,1069000.0,0,,owned,2.0,555
CUST000037,34,salaried,67,tier3,503000.0,0,,rented,1.8,715
CUST000038,28,salaried,51,metro,901000.0,1,personal,rented,7.8,761
CUST000039,28,salaried,24,tier2,411000.0,0,,owned,3.9,733
CUST000040,40,business_owner,70,metro,184000.0,0,,owned,0.6,719
CUST000041,40,business_owner,83,tier2,756000.0,1,auto,rented,1.1,672
CUST000042,39,salaried,147,metro,1125000.0,1,auto,owned,8.6,617
CUST000043,29,salaried,42,tier2,710000.0,0,,rented,5.3,720
CUST000044,36,self_employed,109,metro,1425000.0,1,home,owned,3.4,670
CUST000045,35,self_employed,67,tier3,398000.0,1,personal,owned,1.1,511
CUST000046,36,salaried,58,tier3,516000.0,1,mortgage,owned,0.6,624
CUST000047,41,self_employed,157,tier3,222000.0,0,,rented,0.1,726
CUST000048,36,salaried,48,tier3,537000.0,0,,owned,2.6,528
CUST000049,40,salaried,144,metro,1819000.0,2,auto|home,owned,1.7,551
CUST000050,35,self_employed,93,tier2,307000.0,0,,owned,0.8,637
CUST000051,37,self_employed,157,metro,443000.0,0,,rented,6.5,459
CUST000052,40,self_employed,122,tier3,541000.0,1,personal,owned,1.1,720
CUST000053,23,salaried,17,metro,628000.0,1,auto,rented,4.0,712
CUST000054,32,salaried,31,metro,939000.0,1,home,rented,1.4,765
CUST000055,31,salaried,93,tier2,1240000.0,1,personal,owned,0.5,674
CUST000056,29,salaried,35,metro,932000.0,1,auto,rented,0.3,603
CUST000057,32,salaried,30,tier2,948000.0,1,personal,owned,3.3,544
CUST000058,46,salaried,169,metro,388000.0,1,mortgage,owned,1.4,704
CUST000059,28,salaried,29,tier2,792000.0,1,personal,owned,5.2,744
CUST000060,42,self_employed,130,tier3,865000.0,1,mortgage,owned,3.8,579
CUST000061,21,salaried,3,tier2,346000.0,2,personal|auto,rented,1.0,567
CUST000062,32,salaried,94,metro,563000.0,0,,owned,0.1,678
CUST000063,36,self_employed,134,metro,1151000.0,1,mortgage,owned,0.0,692
CUST000064,39,salaried,180,metro,765000.0,0,,owned,1.4,739
CUST000065,40,business_owner,142,metro,739000.0,1,home,owned,1.1,714
CUST000066,41,salaried,54,tier2,619000.0,0,,owned,5.3,622
CUST000067,32,salaried,96,metro,918000.0,1,home,rented,0.2,773
CUST000068,31,business_owner,49,metro,440000.0,1,auto,owned,3.3,623
CUST000069,41,salaried,75,metro,998000.0,1,mortgage,owned,2.6,652
CUST000070,33,self_employed,38,tier3,233000.0,1,home,rented,9.7,731
CUST000071,24,self_employed,17,metro,688000.0,1,home,rented,0.7,741
CUST000072,25,salaried,19,metro,745000.0,1,mortgage,rented,1.3,743
CUST000073,27,self_employed,33,tier2,915000.0,0,,owned,2.3,663
CUST000074,38,business_owner,138,metro,1087000.0,0,,rented,0.5,686
CUST000075,36,business_owner,150,tier3,480000.0,0,,rented,1.8,602
CUST000076,40,salaried,184,metro,910000.0,1,home,owned,8.1,760
CUST000077,31,salaried,31,tier2,775000.0,1,auto,rented,3.1,626
CUST000078,36,self_employed,62,tier2,221000.0,0,,owned,2.7,475
CUST000079,40,salaried,133,tier3,493000.0,0,,owned,15.0,640
CUST000080,32,salaried,34,tier2,1241000.0,0,,rented,0.8,602
CUST000081,38,salaried,89,tier3,476000.0,0,,rented,0.0,386
CUST000082,29,salaried,58,tier2,624000.0,0,,rented,3.1,603
CUST000083,32,salaried,93,tier2,479000.0,2,home|auto,rented,3.0,750
CUST000084,31,salaried,40,tier2,703000.0,0,,rented,7.7,717
CUST000085,25,salaried,30,tier2,554000.0,3,mortgage|auto|home,rented,0.8,692
CUST000086,38,salaried,126,tier2,1149000.0,0,,owned,2.9,783
CUST000087,31,business_owner,106,metro,629000.0,1,home,owned,4.0,602
CUST000088,35,salaried,67,metro,709000.0,0,,owned,0.2,551
CUST000089,38,salaried,140,metro,611000.0,1,personal,rented,3.9,649
CUST000090,38,salaried,140,metro,1967000.0,1,home,owned,1.9,687
CUST000091,40,salaried,81,tier2,569000.0,1,mortgage,owned,4.4,566
CUST000092,34,business_owner,94,metro,458000.0,0,,owned,1.6,664
CUST000093,31,business_owner,97,tier2,203000.0,1,auto,rented,1.3,728
CUST000094,34,salaried,59,tier2,404000.0,0,,rented,6.8,704
CUST000095,21,salaried,3,tier2,766000.0,0,,rented,1.0,720
CUST000096,23,salaried,11,tier2,742000.0,3,home|auto|mortgage,owned,0.5,619
CUST000097,24,salaried,25,metro,677000.0,1,auto,owned,0.1,552
CUST000098,27,salaried,14,metro,622000.0,1,personal,rented,0.5,547
CUST000099,38,salaried,107,tier2,1439000.0,1,auto,rented,12.8,757
CUST000100,27,salaried,23,tier3,1702000.0,2,mortgage|auto,rented,1.7,773
CUST000101,31,salaried,74,tier2,1095000.0,0,,rented,2.1,664
CUST000102,45,salaried,184,tier2,1279000.0,0,,owned,3.5,816
CUST000103,32,salaried,69,tier2,1390000.0,1,mortgage,owned,1.5,665
CUST000104,40,salaried,125,tier2,1665000.0,1,mortgage,rented,5.3,633
CUST000105,27,salaried,29,tier2,516000.0,1,auto,rented,5.2,528
CUST000106,33,salaried,58,tier2,411000.0,2,personal|auto,owned,0.6,623
CUST000107,27,salaried,49,metro,2033000.0,0,,rented,0.2,775
CUST000108,32,salaried,37,metro,572000.0,3,personal|auto|mortgage,rented,0.2,794
CUST000109,41,salaried,168,metro,566000.0,1,home,owned,4.5,751
CUST000110,21,self_employed,3,tier2,213000.0,0,,rented,2.8,699
CUST000111,38,business_owner,197,tier3,376000.0,1,personal,owned,4.5,798
CUST000112,36,salaried,66,metro,358000.0,0,,owned,1.7,592
CUST000113,30,salaried,57,metro,411000.0,0,,rented,2.3,761
CUST000114,23,self_employed,5,tier3,388000.0,0,,rented,4.8,705
CUST000115,35,self_employed,157,metro,177000.0,1,home,owned,3.0,698
CUST000116,30,salaried,69,tier3,772000.0,0,,rented,3.5,526
CUST000117,36,salaried,108,metro,850000.0,2,auto|home,owned,0.4,710
CUST000118,35,salaried,113,metro,1098000.0,0,,rented,1.0,733
CUST000119,47,salaried,120,tier2,754000.0,3,home|personal|auto,owned,0.2,488
CUST000120,33,salaried,85,metro,740000.0,0,,rented,0.4,751
CUST000121,26,salaried,43,metro,1183000.0,1,auto,owned,1.2,449
CUST000122,36,salaried,46,metro,1123000.0,1,personal,rented,1.3,552
CUST000123,36,salaried,148,metro,771000.0,0,,rented,0.3,671
CUST000124,45,salaried,224,metro,387000.0,2,auto|mortgage,rented,4.0,797
CUST000125,41,self_employed,201,tier3,438000.0,0,,rented,1.8,643
CUST000126,37,salaried,139,metro,511000.0,1,home,rented,5.7,672
CUST000127,46,salaried,117,metro,992000.0,0,,owned,1.2,573
CUST000128,25,salaried,27,metro,916000.0,0,,rented,3.1,637
CUST000129,29,self_employed,30,tier3,194000.0,0,,owned,0.3,675
CUST000130,27,salaried,49,tier3,484000.0,0,,rented,0.3,801
CUST000131,31,salaried,35,tier3,519000.0,0,,rented,1.5,612
CUST000132,23,salaried,18,tier3,516000.0,0,,rented,4.1,620
CUST000133,40,self_employed,85,metro,733000.0,0,,owned,6.2,751
CUST000134,33,self_employed,43,tier2,428000.0,0,,rented,6.3,607
CUST000135,23,business_owner,6,metro,666000.0,2,mortgage|home,owned,0.2,640
CUST000136,26,self_employed,48,tier3,319000.0,1,auto,owned,1.6,694
CUST000137,37,salaried,61,tier2,420000.0,0,,rented,1.3,572
CUST000138,41,salaried,78,metro,1152000.0,0,,rented,5.8,495
CUST000139,50,salaried,107,tier3,728000.0,1,personal,owned,4.2,776
CUST000140,58,self_employed,218,tier3,527000.0,2,mortgage|auto,owned,3.8,690
CUST000141,38,salaried,165,tier3,445000.0,1,home,owned,6.6,540
CUST000142,27,salaried,37,metro,382000.0,2,home|personal,owned,1.5,725
CUST000143,21,business_owner,3,metro,590000.0,0,,rented,2.5,860
CUST000144,37,salaried,59,metro,352000.0,1,auto,owned,0.7,787
CUST000145,28,salaried,17,tier2,788000.0,1,mortgage,rented,7.3,867
CUST000146,31,salaried,52,tier2,1460000.0,0,,rented,2.7,569
CUST000147,30,business_owner,36,metro,324000.0,0,,owned,1.0,702
CUST000148,33,business_owner,32,tier3,526000.0,0,,owned,6.6,711
CUST000149,43,salaried,70,metro,985000.0,1,personal,owned,0.7,644
CUST000150,36,business_owner,89,tier2,663000.0,1,personal,rented,0.2,650
CUST000151,33,business_owner,120,tier3,533000.0,0,,rented,5.5,388
CUST000152,26,self_employed,14,tier2,263000.0,0,,rented,0.9,807
CUST000153,21,business_owner,3,metro,621000.0,1,auto,rented,1.5,534
CUST000154,31,salaried,72,metro,710000.0,0,,rented,0.7,736
CUST000155,34,self_employed,125,metro,1325000.0,1,home,rented,4.5,680
CUST000156,49,salaried,107,tier2,473000.0,1,mortgage,owned,1.4,627
CUST000157,36,self_employed,136,tier2,401000.0,1,mortgage,owned,6.6,636
CUST000158,42,salaried,192,metro,1334000.0,0,,owned,3.6,672
CUST000159,31,self_employed,125,tier3,497000.0,2,mortgage|auto,owned,1.3,737
CUST000160,25,business_owner,35,tier2,890000.0,1,auto,owned,3.6,765
CUST000161,27,salaried,20,tier3,883000.0,0,,owned,3.3,643
CUST000162,29,business_owner,94,tier2,1103000.0,2,mortgage|personal,rented,1.5,571
CUST000163,52,salaried,271,tier3,392000.0,2,personal|home,owned,1.4,568
CUST000164,28,salaried,28,metro,878000.0,0,,owned,2.8,748
CUST000165,41,salaried,73,metro,725000.0,0,,rented,0.4,630
CUST000166,27,self_employed,72,tier3,981000.0,0,,rented,15.0,587
CUST000167,42,salaried,75,tier3,402000.0,0,,owned,0.6,588
CUST000168,38,salaried,143,tier2,723000.0,1,home,rented,1.2,621
CUST000169,33,self_employed,74,metro,474000.0,0,,owned,2.6,564
CUST000170,34,salaried,104,metro,910000.0,1,auto,owned,1.2,677
CUST000171,29,salaried,24,tier3,407000.0,1,personal,owned,1.0,767
CUST000172,38,business_owner,152,tier3,362000.0,1,home,owned,0.1,644
CUST000173,31,self_employed,65,metro,1023000.0,0,,owned,14.8,520
CUST000174,25,self_employed,38,metro,2397000.0,1,auto,rented,2.5,733
CUST000175,24,salaried,11,tier2,1195000.0,1,mortgage,rented,4.7,754
CUST000176,36,business_owner,53,tier2,467000.0,0,,owned,1.0,734
CUST000177,47,salaried,102,tier2,394000.0,1,home,owned,0.7,660
CUST000178,36,salaried,45,tier2,397000.0,0,,owned,4.3,864
CUST000179,34,salaried,130,tier3,518000.0,0,,rented,2.6,746
CUST000180,37,salaried,53,metro,956000.0,1,auto,rented,3.1,875
CUST000181,45,self_employed,115,tier2,1092000.0,1,home,owned,6.3,801
CUST000182,36,self_employed,150,tier2,474000.0,1,personal,rented,5.3,762
CUST000183,31,salaried,43,tier2,1302000.0,1,home,owned,0.7,623
CUST000184,43,salaried,90,tier3,237000.0,1,home,owned,0.1,569
CUST000185,38,self_employed,153,tier2,392000.0,0,,owned,0.4,665
CUST000186,47,business_owner,152,tier2,292000.0,0,,owned,6.9,662
CUST000187,36,salaried,133,metro,838000.0,0,,rented,0.4,581
CUST000188,25,salaried,29,tier2,1108000.0,0,,rented,1.2,643
CUST000189,24,salaried,13,metro,787000.0,1,home,rented,1.9,637
CUST000190,48,salaried,190,metro,931000.0,1,personal,owned,3.7,597
CUST000191,48,salaried,247,tier2,793000.0,1,auto,owned,0.9,689
CUST000192,33,salaried,62,tier2,499000.0,1,home,rented,7.5,587
CUST000193,31,self_employed,90,tier3,558000.0,0,,rented,1.8,676
CUST000194,46,salaried,141,tier2,685000.0,0,,rented,10.7,545
CUST000195,26,salaried,33,tier3,283000.0,1,personal,rented,2.3,639
CUST000196,27,salaried,48,metro,698000.0,0,,rented,4.3,648
CUST000197,40,business_owner,64,tier2,480000.0,2,auto|home,owned,2.2,543
CUST000198,31,salaried,59,tier3,739000.0,0,,rented,0.6,686
CUST000199,34,salaried,40,tier2,1141000.0,1,auto,owned,4.5,671
CUST000200,33,salaried,96,tier3,1151000.0,1,mortgage,owned,0.7,613
CUST000201,37,self_employed,143,tier2,751000.0,1,auto,owned,12.4,639
CUST000202,46,business_owner,152,metro,627000.0,0,,owned,0.0,695
CUST000203,35,salaried,41,tier2,573000.0,0,,rented,11.6,632
CUST000204,40,salaried,182,metro,784000.0,0,,owned,0.2,716
CUST000205,21,salaried,3,metro,757000.0,0,,rented,3.3,586
CUST000206,34,self_employed,61,metro,883000.0,0,,rented,2.4,638
CUST000207,28,business_owner,26,metro,1400000.0,0,,rented,15.0,599
CUST000208,25,salaried,27,metro,530000.0,0,,rented,6.6,660
CUST000209,27,salaried,26,tier3,769000.0,2,auto|mortgage,owned,0.3,679
CUST000210,32,self_employed,101,metro,133000.0,1,mortgage,owned,1.9,548
CUST000211,42,self_employed,173,tier3,312000.0,0,,rented,5.5,733
CUST000212,24,salaried,7,tier2,1108000.0,1,home,owned,7.1,874
CUST000213,35,salaried,95,metro,1185000.0,0,,owned,0.4,670
CUST000214,31,salaried,42,metro,773000.0,1,auto,rented,2.2,601
CUST000215,32,self_employed,32,tier3,1307000.0,0,,rented,1.1,653
CUST000216,43,self_employed,183,tier2,558000.0,1,auto,owned,3.6,625
CUST000217,39,self_employed,75,tier3,130000.0,0,,rented,5.7,619
CUST000218,45,self_employed,265,metro,1145000.0,3,mortgage|personal|home,rented,1.9,720
CUST000219,33,salaried,82,tier2,269000.0,2,auto|home,rented,0.2,515
CUST000220,29,salaried,32,tier3,311000.0,0,,rented,2.4,704
CUST000221,33,salaried,120,tier3,572000.0,1,mortgage,owned,1.9,796
CUST000222,36,business_owner,126,metro,805000.0,1,auto,rented,0.8,790
CUST000223,36,salaried,55,tier3,594000.0,1,home,rented,2.6,747
CUST000224,26,salaried,32,metro,561000.0,0,,rented,2.2,595
CUST000225,35,salaried,138,tier3,712000.0,0,,rented,5.6,811
CUST000226,36,self_employed,101,tier2,179000.0,1,personal,owned,4.0,687
CUST000227,55,self_employed,251,tier2,739000.0,0,,rented,0.6,808
CUST000228,50,self_employed,186,metro,475000.0,0,,rented,1.6,777
CUST000229,28,salaried,32,tier3,876000.0,0,,owned,1.4,708
CUST000230,32,business_owner,50,metro,930000.0,0,,owned,3.6,607
CUST000231,23,self_employed,15,tier2,1836000.0,0,,owned,0.3,867
CUST000232,30,self_employed,93,tier2,386000.0,0,,owned,6.1,519
CUST000233,37,self_employed,132,tier2,227000.0,0,,owned,1.1,664
CUST000234,44,business_owner,73,tier2,686000.0,1,mortgage,owned,5.0,528
CUST000235,29,business_owner,45,tier2,887000.0,0,,owned,4.8,665
CUST000236,29,salaried,19,tier2,820000.0,1,mortgage,rented,3.5,712
CUST000237,21,salaried,3,tier2,1039000.0,0,,owned,2.5,597
CUST000238,33,salaried,91,tier2,928000.0,0,,owned,2.6,628
CUST000239,26,self_employed,29,tier2,441000.0,0,,owned,2.1,561
CUST000240,30,self_employed,81,tier3,409000.0,1,personal,owned,2.4,645
CUST000241,27,salaried,36,tier2,581000.0,1,home,owned,8.7,638
CUST000242,34,salaried,99,metro,564000.0,2,mortgage|personal,rented,1.1,718
CUST000243,21,business_owner,3,tier2,329000.0,1,auto,rented,1.1,607
CUST000244,23,business_owner,16,metro,295000.0,0,,rented,2.7,702
CUST000245,52,business_owner,363,metro,1452000.0,1,mortgage,owned,1.9,696
CUST000246,24,salaried,26,tier3,407000.0,2,home|mortgage,owned,1.1,698
CUST000247,26,self_employed,34,tier2,517000.0,1,auto,rented,6.6,673
CUST000248,49,self_employed,170,tier2,189000.0,0,,owned,0.4,670
CUST000249,58,salaried,174,tier3,1097000.0,1,personal,owned,2.4,672
CUST000250,25,salaried,36,metro,663000.0,0,,owned,0.4,625
CUST000251,32,business_owner,32,metro,1507000.0,0,,rented,9.7,662
CUST000252,37,salaried,155,metro,515000.0,0,,owned,1.5,686
CUST000253,48,salaried,133,metro,1121000.0,0,,owned,0.0,793
CUST000254,27,self_employed,58,tier2,244000.0,1,auto,rented,5.6,574
CUST000255,33,self_employed,64,tier3,432000.0,3,personal|home|mortgage,rented,7.2,600
CUST000256,41,salaried,196,tier2,1034000.0,1,home,rented,0.2,705
CUST000257,38,self_employed,56,metro,721000.0,0,,owned,0.7,788
CUST000258,31,salaried,51,tier2,482000.0,0,,rented,2.4,753
CUST000259,33,self_employed,125,metro,1073000.0,0,,rented,2.6,656
CUST000260,24,salaried,13,tier2,445000.0,1,mortgage,owned,1.1,790
CUST000261,33,self_employed,66,tier2,261000.0,1,auto,rented,1.3,517
CUST000262,32,self_employed,107,metro,186000.0,1,auto,rented,8.5,721
CUST000263,36,salaried,133,tier3,225000.0,0,,owned,3.9,651
CUST000264,30,salaried,29,tier3,550000.0,1,mortgage,rented,0.1,736
CUST000265,38,self_employed,150,metro,1445000.0,1,auto,owned,1.9,770
CUST000266,43,salaried,91,tier2,247000.0,1,personal,rented,2.1,672
CUST000267,36,salaried,61,tier2,412000.0,1,home,rented,7.7,661
CUST000268,37,salaried,115,metro,974000.0,1,home,owned,2.5,644
CUST000269,35,business_owner,54,metro,1847000.0,1,mortgage,owned,1.6,807
CUST000270,35,salaried,84,tier2,405000.0,0,,owned,2.9,661
CUST000271,29,salaried,35,tier3,653000.0,1,personal,owned,15.0,675
CUST000272,37,business_owner,151,tier2,449000.0,0,,rented,7.1,740
CUST000273,34,salaried,87,tier2,1908000.0,1,home,owned,0.9,634
CUST000274,51,salaried,122,tier2,649000.0,2,home|mortgage,owned,1.4,657
CUST000275,47,salaried,250,tier2,709000.0,2,mortgage|personal,owned,4.7,764
CUST000276,38,salaried,149,metro,814000.0,1,personal,owned,0.2,814
CUST000277,28,salaried,31,metro,730000.0,1,home,rented,2.4,609
CUST000278,26,self_employed,51,tier3,744000.0,0,,rented,2.2,714
CUST000279,44,salaried,103,tier3,284000.0,1,auto,rented,1.2,537
CUST000280,37,self_employed,80,tier3,175000.0,0,,owned,0.4,770
CUST000281,38,salaried,91,metro,847000.0,0,,rented,0.4,557
CUST000282,21,salaried,3,tier2,842000.0,1,auto,owned,4.8,631
CUST000283,42,salaried,162,tier2,519000.0,0,,owned,2.8,696
CUST000284,38,salaried,114,metro,905000.0,0,,rented,7.4,596
CUST000285,26,self_employed,59,metro,531000.0,3,auto|home|mortgage,owned,2.4,430
CUST000286,31,salaried,42,tier3,727000.0,0,,owned,0.2,568
CUST000287,37,salaried,59,tier2,802000.0,1,auto,owned,3.2,663
CUST000288,35,salaried,72,tier2,618000.0,0,,rented,5.6,814
CUST000289,32,self_employed,43,metro,528000.0,1,home,owned,0.9,757
CUST000290,34,salaried,127,tier2,332000.0,0,,rented,4.9,714
CUST000291,32,self_employed,90,metro,165000.0,0,,owned,5.7,694
CUST000292,36,salaried,129,metro,826000.0,0,,owned,3.1,726
CUST000293,46,salaried,205,tier2,737000.0,1,home,owned,5.0,749
CUST000294,21,self_employed,3,metro,391000.0,0,,rented,1.8,690
CUST000295,33,salaried,41,tier3,408000.0,0,,rented,0.5,693
CUST000296,36,salaried,86,tier2,865000.0,0,,owned,1.0,673
CUST000297,37,business_owner,180,metro,1167000.0,1,personal,rented,5.5,745
CUST000298,32,salaried,54,metro,845000.0,1,auto,rented,2.9,556
CUST000299,21,salaried,3,tier2,679000.0,0,,rented,0.2,656
CUST000300,37,salaried,120,metro,790000.0,0,,owned,6.9,716
CUST000301,48,salaried,106,metro,812000.0,2,home|mortgage,owned,3.2,459
CUST000302,22,self_employed,8,tier2,447000.0,3,mortgage|personal|auto,rented,0.6,712
CUST000303,41,salaried,50,metro,1749000.0,1,personal,owned,2.8,751
CUST000304,32,business_owner,87,tier2,978000.0,0,,rented,3.3,504
CUST000305,34,self_employed,84,tier2,1138000.0,1,personal,rented,1.5,642
CUST000306,26,business_owner,57,metro,907000.0,1,home,owned,3.1,620
CUST000307,32,self_employed,111,tier3,191000.0,0,,owned,14.2,575
CUST000308,45,business_owner,76,tier2,759000.0,1,auto,owned,3.0,612
CUST000309,39,self_employed,155,tier2,950000.0,1,mortgage,owned,2.8,582
CUST000310,48,salaried,231,metro,1780000.0,1,mortgage,owned,5.9,709
CUST000311,44,salaried,174,tier2,215000.0,1,auto,rented,3.9,792
CUST000312,38,self_employed,194,metro,2065000.0,1,home,owned,2.8,729
CUST000313,48,salaried,233,tier2,786000.0,1,mortgage,owned,3.7,597
CUST000314,38,self_employed,77,metro,645000.0,0,,rented,7.8,726
CUST000315,41,salaried,107,tier3,222000.0,0,,owned,0.8,709
CUST000316,32,self_employed,71,metro,635000.0,1,mortgage,rented,3.9,366
CUST000317,35,salaried,88,tier3,725000.0,0,,owned,0.2,791
CUST000318,29,business_owner,87,tier3,206000.0,0,,rented,1.7,692
CUST000319,42,salaried,151,tier2,173000.0,1,home,rented,0.9,670
CUST000320,25,salaried,19,metro,1038000.0,1,home,owned,1.3,523
CUST000321,41,self_employed,240,metro,751000.0,0,,owned,3.4,800
CUST000322,33,self_employed,107,tier3,673000.0,0,,owned,0.6,685
CUST000323,44,self_employed,119,tier2,337000.0,0,,owned,1.3,724
CUST000324,41,business_owner,201,tier2,654000.0,1,personal,owned,0.1,560
CUST000325,49,salaried,142,metro,1060000.0,0,,owned,1.6,701
CUST000326,40,self_employed,128,tier3,402000.0,0,,rented,3.7,727
CUST000327,22,salaried,6,metro,651000.0,0,,owned,7.9,640
CUST000328,34,salaried,124,metro,1341000.0,1,personal,rented,3.0,563
CUST000329,25,salaried,17,metro,646000.0,1,mortgage,owned,0.6,624
CUST000330,30,salaried,44,tier2,549000.0,3,mortgage|auto|home,owned,2.1,569
CUST000331,47,salaried,196,tier3,681000.0,0,,owned,1.1,617
CUST000332,40,self_employed,180,tier3,611000.0,2,home|auto,owned,1.2,784
CUST000333,29,salaried,26,metro,1075000.0,3,mortgage|personal|home,owned,1.3,637
CUST000334,26,business_owner,21,metro,345000.0,1,home,owned,1.4,672
CUST000335,35,salaried,137,tier3,192000.0,0,,owned,1.6,549
CUST000336,25,salaried,33,tier2,497000.0,1,auto,rented,1.0,675
CUST000337,29,self_employed,50,metro,1024000.0,0,,rented,0.2,666
CUST000338,37,salaried,83,metro,1058000.0,1,mortgage,rented,3.8,591
CUST000339,44,salaried,139,tier2,705000.0,0,,owned,2.0,777
CUST000340,39,self_employed,169,tier3,390000.0,2,mortgage|auto,rented,1.9,773
CUST000341,21,salaried,3,tier2,717000.0,0,,owned,3.7,585
CUST000342,37,salaried,135,metro,558000.0,1,auto,owned,0.1,715
CUST000343,35,self_employed,44,tier2,367000.0,0,,owned,1.5,513
CUST000344,38,salaried,149,metro,1248000.0,0,,owned,0.9,708
CUST000345,47,self_employed,89,tier3,239000.0,0,,owned,1.4,725
CUST000346,21,self_employed,3,metro,1133000.0,1,auto,rented,2.3,578
CUST000347,30,salaried,24,metro,417000.0,2,personal|mortgage,rented,1.8,681
CUST000348,39,salaried,61,tier2,643000.0,1,home,owned,3.7,691
CUST000349,22,salaried,3,metro,690000.0,0,,rented,2.3,900
CUST000350,46,self_employed,126,metro,1059000.0,0,,owned,13.2,875
CUST000351,37,salaried,88,tier2,559000.0,1,mortgage,owned,0.6,658
CUST000352,41,business_owner,164,tier3,365000.0,1,mortgage,owned,5.1,620
CUST000353,30,salaried,84,tier3,360000.0,0,,owned,4.1,702
CUST000354,41,self_employed,162,metro,146000.0,1,personal,owned,3.2,781
CUST000355,43,salaried,144,metro,778000.0,1,personal,owned,2.0,504
CUST000356,36,salaried,73,tier2,679000.0,0,,owned,12.7,466
CUST000357,36,salaried,129,tier2,586000.0,1,home,rented,9.0,576
CUST000358,37,salaried,52,metro,851000.0,1,mortgage,rented,2.5,748
CUST000359,28,business_owner,39,tier3,617000.0,0,,rented,2.5,728
CUST000360,33,salaried,37,tier3,397000.0,2,auto|mortgage,owned,1.1,669
CUST000361,33,salaried,48,metro,521000.0,0,,owned,0.3,754
CUST000362,38,salaried,118,tier3,176000.0,1,auto,owned,3.8,638
CUST000363,42,salaried,71,tier2,589000.0,1,mortgage,owned,3.6,655
CUST000364,26,business_owner,19,metro,369000.0,0,,owned,4.1,714
CUST000365,33,business_owner,136,tier2,827000.0,0,,rented,3.6,809
CUST000366,46,business_owner,107,metro,188000.0,0,,rented,4.0,692
CUST000367,29,salaried,57,metro,944000.0,2,home|personal,owned,1.6,671
CUST000368,28,salaried,36,tier3,1324000.0,0,,rented,0.6,716
CUST000369,36,self_employed,165,tier2,402000.0,0,,owned,1.0,783
CUST000370,41,salaried,158,metro,899000.0,1,personal,owned,1.9,622
CUST000371,35,self_employed,47,tier2,382000.0,0,,owned,0.0,639
CUST000372,45,salaried,225,tier3,573000.0,1,personal,owned,2.5,587
CUST000373,41,salaried,112,tier2,498000.0,1,personal,owned,1.0,728
CUST000374,41,business_owner,101,tier3,162000.0,0,,owned,1.5,584
CUST000375,39,salaried,137,tier3,634000.0,0,,owned,4.1,737
CUST000376,53,business_owner,324,metro,169000.0,1,mortgage,owned,14.6,522
CUST000377,33,salaried,57,tier2,882000.0,0,,rented,3.8,656
CUST000378,21,salaried,3,tier2,546000.0,0,,rented,3.6,674
CUST000379,47,salaried,94,tier3,399000.0,1,auto,owned,0.4,840
CUST000380,31,salaried,70,metro,694000.0,1,home,rented,1.9,742
CUST000381,35,salaried,138,metro,1693000.0,2,mortgage|auto,rented,1.0,647
CUST000382,45,salaried,135,metro,932000.0,0,,rented,1.6,608
CUST000383,22,self_employed,13,tier2,413000.0,1,home,owned,2.9,619
CUST000384,24,business_owner,13,tier3,281000.0,0,,rented,4.4,578
CUST000385,22,salaried,8,tier3,407000.0,0,,rented,2.7,825
CUST000386,28,salaried,67,tier2,1895000.0,1,home,rented,0.9,611
CUST000387,38,salaried,132,metro,486000.0,1,home,owned,5.6,834
CUST000388,39,self_employed,73,metro,1133000.0,0,,rented,0.3,663
CUST000389,37,salaried,79,tier3,602000.0,0,,owned,3.7,672
CUST000390,23,salaried,6,tier2,1280000.0,0,,rented,0.6,688
CUST000391,21,salaried,3,tier3,687000.0,1,mortgage,rented,5.2,788
CUST000392,35,salaried,142,metro,894000.0,1,mortgage,owned,6.1,603
CUST000393,31,salaried,53,tier2,1018000.0,0,,owned,1.2,700
CUST000394,38,salaried,62,tier3,519000.0,1,personal,owned,4.6,626
CUST000395,40,business_owner,92,metro,426000.0,0,,rented,5.3,716
CUST000396,36,salaried,102,metro,1526000.0,2,auto|personal,rented,8.7,661
CUST000397,41,salaried,136,tier2,589000.0,1,mortgage,owned,2.2,622
CUST000398,36,salaried,62,tier2,515000.0,0,,rented,0.4,702
CUST000399,39,salaried,148,tier3,359000.0,0,,owned,2.2,555
CUST000400,29,salaried,24,tier3,495000.0,0,,owned,0.9,730
CUST000401,33,salaried,87,tier2,416000.0,0,,owned,2.1,689
CUST000402,36,salaried,85,metro,733000.0,1,auto,owned,0.4,630
CUST000403,41,self_employed,71,tier2,140000.0,0,,owned,2.3,713
CUST000404,31,salaried,73,tier3,596000.0,1,auto,rented,2.3,592
CUST000405,39,business_owner,170,tier2,606000.0,2,auto|mortgage,rented,0.2,662
CUST000406,32,salaried,64,tier3,246000.0,0,,rented,1.5,687
CUST000407,34,salaried,112,tier2,360000.0,0,,owned,8.5,743
CUST000408,41,business_owner,142,metro,339000.0,1,mortgage,rented,0.9,705
CUST000409,21,self_employed,3,tier2,174000.0,1,auto,owned,2.9,554
CUST000410,24,salaried,29,tier2,671000.0,1,mortgage,rented,4.8,707
CUST000411,23,self_employed,21,metro,308000.0,0,,rented,2.1,719
CUST000412,21,salaried,3,metro,969000.0,0,,rented,0.8,484
CUST000413,29,salaried,78,tier2,835000.0,1,mortgage,rented,3.4,573
CUST000414,40,self_employed,182,metro,1030000.0,0,,owned,15.0,860
CUST000415,32,self_employed,40,metro,410000.0,1,home,owned,3.9,625
CUST000416,36,salaried,96,tier2,398000.0,1,auto,rented,3.8,627
CUST000417,43,self_employed,66,tier3,460000.0,0,,owned,4.3,626
CUST000418,45,salaried,167,tier2,681000.0,0,,rented,0.1,622
CUST000419,34,salaried,125,tier3,713000.0,1,auto,owned,3.6,495
CUST000420,45,business_owner,128,tier3,214000.0,0,,rented,0.5,553
CUST000421,35,salaried,89,tier2,500000.0,0,,owned,5.1,597
CUST000422,28,salaried,29,metro,729000.0,1,mortgage,owned,2.5,634
CUST000423,30,salaried,59,tier3,549000.0,1,auto,rented,2.1,585
CUST000424,23,salaried,17,metro,839000.0,2,mortgage|auto,rented,0.6,545
CUST000425,27,salaried,24,tier3,523000.0,2,personal|home,rented,0.9,630
CUST000426,32,business_owner,87,tier2,602000.0,1,home,rented,1.8,755
CUST000427,41,self_employed,118,metro,1484000.0,2,personal|auto,owned,0.9,594
CUST000428,48,self_employed,268,tier2,463000.0,0,,owned,15.0,663
CUST000429,23,salaried,15,tier2,408000.0,1,personal,rented,0.8,809
CUST000430,38,salaried,133,tier3,441000.0,1,auto,rented,9.1,618
CUST000431,26,salaried,26,metro,1237000.0,2,personal|mortgage,rented,2.1,900
CUST000432,38,salaried,120,tier3,648000.0,2,mortgage|personal,rented,7.6,710
CUST000433,33,salaried,89,metro,745000.0,0,,rented,4.1,686
CUST000434,21,self_employed,3,tier3,358000.0,0,,owned,2.9,657
CUST000435,42,business_owner,172,tier3,136000.0,0,,rented,10.2,775
CUST000436,30,salaried,82,metro,854000.0,1,home,rented,5.1,592
CUST000437,30,salaried,39,metro,458000.0,1,auto,owned,4.2,641
CUST000438,26,self_employed,16,tier3,577000.0,0,,rented,0.5,824
CUST000439,29,salaried,79,tier3,294000.0,1,personal,rented,4.7,571
CUST000440,38,business_owner,63,metro,772000.0,1,personal,owned,2.9,637
CUST000441,33,salaried,113,tier2,682000.0,1,mortgage,owned,1.1,620
CUST000442,37,salaried,114,tier3,509000.0,1,auto,owned,0.2,506
CUST000443,37,salaried,153,metro,657000.0,0,,owned,1.2,771
CUST000444,45,business_owner,204,tier2,295000.0,1,personal,owned,4.1,651
CUST000445,32,salaried,96,tier2,1064000.0,1,home,rented,0.9,776
CUST000446,23,self_employed,18,metro,726000.0,0,,rented,0.6,639
CUST000447,43,salaried,142,tier3,512000.0,0,,owned,8.4,592
CUST000448,32,salaried,57,metro,687000.0,0,,owned,0.5,620
CUST000449,43,business_owner,68,tier3,257000.0,0,,rented,1.4,741
CUST000450,38,salaried,74,tier2,608000.0,0,,rented,10.9,607
CUST000451,33,salaried,117,tier2,437000.0,0,,rented,3.5,714
CUST000452,37,salaried,72,tier2,579000.0,0,,rented,1.4,683
CUST000453,50,business_owner,296,tier2,441000.0,0,,owned,0.5,586
CUST000454,51,salaried,190,tier3,857000.0,2,personal|mortgage,rented,2.9,639
CUST000455,35,salaried,67,tier2,593000.0,0,,rented,1.9,680
CUST000456,36,business_owner,165,tier3,299000.0,0,,rented,4.0,652
CUST000457,43,self_employed,73,tier2,535000.0,2,personal|auto,owned,4.8,850
CUST000458,28,business_owner,49,metro,1622000.0,0,,owned,0.6,701
CUST000459,37,self_employed,106,metro,821000.0,0,,owned,3.7,662
CUST000460,34,self_employed,40,tier3,238000.0,0,,owned,2.4,622
CUST000461,37,salaried,65,tier2,532000.0,0,,owned,5.1,659
CUST000462,28,salaried,54,tier2,572000.0,1,home,rented,3.2,625
CUST000463,22,self_employed,3,tier2,255000.0,0,,rented,1.6,605
CUST000464,21,self_employed,3,tier2,360000.0,2,home|auto,rented,9.7,708
CUST000465,26,business_owner,38,tier2,344000.0,1,home,rented,0.3,818
CUST000466,31,salaried,31,tier2,414000.0,0,,rented,0.2,639
CUST000467,32,salaried,51,tier3,702000.0,0,,owned,2.2,668
CUST000468,50,salaried,100,metro,489000.0,0,,owned,0.6,520
CUST000469,43,self_employed,191,tier2,525000.0,0,,rented,0.2,664
CUST000470,27,salaried,39,metro,543000.0,2,auto|home,owned,0.1,537
CUST000471,37,self_employed,42,tier3,441000.0,0,,owned,9.7,528
CUST000472,31,salaried,66,tier2,656000.0,0,,rented,5.3,574
CUST000473,32,salaried,67,tier2,936000.0,0,,owned,0.9,641
CUST000474,36,salaried,111,tier3,321000.0,1,home,owned,10.0,574
CUST000475,39,self_employed,56,tier2,289000.0,1,auto,owned,1.1,478
CUST000476,32,business_owner,37,metro,531000.0,1,mortgage,rented,2.9,556
CUST000477,43,salaried,112,tier2,559000.0,0,,owned,2.2,664
CUST000478,25,salaried,31,metro,941000.0,0,,rented,0.0,608
CUST000479,35,salaried,106,tier3,214000.0,1,auto,owned,2.8,627
CUST000480,55,salaried,155,tier2,744000.0,1,home,owned,13.7,703
CUST000481,36,salaried,61,tier3,296000.0,0,,owned,1.1,581
CUST000482,46,business_owner,193,tier3,420000.0,1,auto,rented,0.0,647
CUST000483,35,business_owner,46,tier3,761000.0,2,personal|home,rented,8.4,847
CUST000484,39,salaried,121,tier2,249000.0,1,personal,owned,0.0,645
CUST000485,34,salaried,74,metro,1040000.0,2,home|mortgage,rented,4.2,661
CUST000486,33,salaried,51,metro,879000.0,1,mortgage,owned,5.4,714
CUST000487,28,salaried,45,tier3,291000.0,0,,rented,1.2,606
CUST000488,38,salaried,69,tier3,399000.0,0,,rented,4.3,576
CUST000489,28,self_employed,61,tier3,736000.0,0,,rented,0.7,646
CUST000490,40,salaried,67,metro,2152000.0,0,,owned,9.6,697
CUST000491,43,self_employed,154,metro,733000.0,1,auto,owned,0.2,571
CUST000492,37,salaried,102,tier3,1157000.0,1,auto,owned,1.5,730
CUST000493,32,self_employed,31,metro,350000.0,2,auto|home,rented,0.2,819
CUST000494,38,self_employed,134,tier2,125000.0,1,auto,rented,0.2,482
CUST000495,32,salaried,90,metro,767000.0,2,personal|home,owned,1.5,715
CUST000496,42,salaried,207,metro,1265000.0,0,,owned,0.2,671
CUST000497,21,self_employed,3,tier2,255000.0,2,auto|personal,rented,1.6,653
CUST000498,32,self_employed,55,tier3,154000.0,2,personal|mortgage,rented,0.7,684
CUST000499,21,salaried,3,tier3,337000.0,0,,rented,6.3,779
CUST000500,23,salaried,18,tier2,727000.0,0,,rented,0.4,678
CUST000501,45,salaried,133,tier2,689000.0,0,,rented,1.4,716
CUST000502,42,self_employed,118,tier3,125000.0,0,,owned,8.6,651
CUST000503,29,self_employed,78,tier2,572000.0,2,mortgage|home,owned,3.5,687
CUST000504,22,salaried,3,tier2,355000.0,1,auto,rented,3.0,606
CUST000505,21,self_employed,3,tier2,385000.0,1,home,rented,1.2,683
CUST000506,30,self_employed,54,metro,514000.0,1,mortgage,owned,0.6,630
CUST000507,54,self_employed,310,metro,555000.0,1,mortgage,owned,0.6,689
CUST000508,38,salaried,137,tier3,335000.0,0,,owned,5.5,481
CUST000509,30,salaried,44,tier2,837000.0,1,mortgage,rented,5.4,579
CUST000510,38,salaried,125,metro,892000.0,0,,owned,5.0,786
CUST000511,22,salaried,6,metro,699000.0,0,,rented,8.8,805
CUST000512,32,salaried,37,tier3,1072000.0,2,auto|personal,owned,6.9,499
CUST000513,35,salaried,129,tier2,784000.0,2,home|personal,owned,0.5,628
CUST000514,34,salaried,107,tier2,535000.0,1,home,owned,9.4,612
CUST000515,41,self_employed,231,metro,505000.0,1,mortgage,owned,0.2,702
CUST000516,37,salaried,128,tier3,284000.0,2,auto|home,rented,0.6,672
CUST000517,40,self_employed,84,tier3,549000.0,1,mortgage,owned,4.3,741
CUST000518,29,salaried,46,tier2,729000.0,0,,rented,1.5,558
CUST000519,42,salaried,113,metro,377000.0,4,personal|home|mortgage|auto,owned,5.0,711
CUST000520,48,salaried,72,tier2,362000.0,0,,owned,1.8,649
CUST000521,27,self_employed,43,tier3,129000.0,2,auto|home,owned,0.9,613
CUST000522,27,self_employed,36,tier3,263000.0,0,,rented,1.9,719
CUST000523,45,salaried,58,tier3,503000.0,1,mortgage,rented,2.6,632
CUST000524,33,self_employed,133,tier2,346000.0,1,home,owned,6.0,670
CUST000525,46,salaried,88,metro,821000.0,0,,owned,1.9,775
CUST000526,31,salaried,63,tier2,796000.0,0,,owned,0.3,636
CUST000527,46,salaried,213,tier3,374000.0,2,mortgage|auto,owned,0.2,855
CUST000528,36,salaried,106,metro,922000.0,1,auto,owned,2.1,470
CUST000529,37,salaried,59,metro,552000.0,0,,rented,0.1,679
CUST000530,47,business_owner,199,tier2,450000.0,1,auto,owned,1.5,579
CUST000531,32,salaried,91,tier2,645000.0,0,,rented,5.4,571
CUST000532,27,salaried,54,tier3,289000.0,1,mortgage,owned,0.1,620
CUST000533,31,salaried,48,metro,815000.0,1,mortgage,rented,4.7,763
CUST000534,38,salaried,45,metro,830000.0,0,,rented,9.0,593
CUST000535,22,salaried,7,metro,1077000.0,0,,rented,0.6,552
CUST000536,40,business_owner,97,tier2,495000.0,0,,rented,1.8,689
CUST000537,30,self_employed,83,tier3,194000.0,1,personal,rented,3.4,573
CUST000538,44,salaried,177,tier2,817000.0,1,mortgage,rented,0.1,805
CUST000539,21,self_employed,3,tier2,582000.0,0,,rented,5.9,563
CUST000540,28,salaried,69,metro,672000.0,1,auto,rented,8.7,629
CUST000541,21,salaried,3,tier2,377000.0,0,,owned,4.2,828
CUST000542,28,salaried,66,tier3,329000.0,1,home,rented,1.0,650
CUST000543,36,salaried,111,tier3,239000.0,0,,rented,2.3,718
CUST000544,33,salaried,45,metro,936000.0,1,home,owned,3.8,645
CUST000545,32,self_employed,119,tier2,577000.0,1,auto,owned,0.1,679
CUST000546,33,salaried,93,metro,1601000.0,1,auto,owned,5.1,606
CUST000547,36,business_owner,193,metro,442000.0,0,,owned,3.8,670
CUST000548,26,self_employed,23,metro,1044000.0,0,,rented,5.8,774
CUST000549,40,self_employed,105,metro,649000.0,1,mortgage,owned,0.6,455
CUST000550,40,self_employed,202,metro,291000.0,1,mortgage,owned,5.4,596
CUST000551,38,business_owner,49,tier3,377000.0,3,home|personal|mortgage,owned,4.5,605
CUST000552,39,salaried,132,metro,695000.0,1,personal,owned,1.3,600
CUST000553,37,salaried,105,tier3,835000.0,0,,rented,6.2,737
CUST000554,51,salaried,111,tier3,316000.0,1,personal,owned,0.4,625
CUST000555,34,business_owner,57,tier2,354000.0,1,mortgage,rented,0.5,687
CUST000556,32,salaried,95,tier2,556000.0,1,auto,rented,2.0,814
CUST000557,28,salaried,17,tier3,233000.0,0,,rented,12.7,493
CUST000558,26,self_employed,48,metro,612000.0,0,,rented,3.2,633
CUST000559,25,salaried,32,tier2,1234000.0,1,mortgage,rented,5.2,668
CUST000560,27,business_owner,52,tier2,651000.0,4,mortgage|home|personal|auto,rented,1.3,594
CUST000561,34,salaried,72,tier3,712000.0,1,home,owned,5.2,598
CUST000562,37,salaried,41,tier3,650000.0,0,,owned,2.0,645
CUST000563,35,salaried,121,tier3,381000.0,0,,owned,7.2,629
CUST000564,28,salaried,23,tier2,346000.0,0,,rented,4.8,638
CUST000565,42,salaried,96,tier2,362000.0,0,,owned,1.4,742
CUST000566,40,salaried,185,tier3,891000.0,0,,owned,0.0,581
CUST000567,33,salaried,57,tier3,516000.0,1,mortgage,owned,15.0,529
CUST000568,29,self_employed,41,tier2,310000.0,3,personal|mortgage|auto,owned,4.2,474
CUST000569,39,business_owner,207,tier3,237000.0,1,auto,owned,4.5,617
CUST000570,36,salaried,46,tier3,218000.0,0,,owned,1.3,748
CUST000571,23,salaried,7,tier2,436000.0,0,,rented,1.3,574
CUST000572,34,salaried,75,metro,955000.0,0,,rented,0.4,516
CUST000573,37,business_owner,172,metro,2857000.0,0,,rented,15.0,749
CUST000574,27,self_employed,66,tier3,443000.0,0,,rented,7.1,794
CUST000575,36,salaried,124,metro,707000.0,1,personal,rented,7.0,750
CUST000576,23,salaried,20,tier2,610000.0,1,personal,owned,4.5,711
CUST000577,45,business_owner,68,tier2,1475000.0,1,personal,rented,1.8,718
CUST000578,44,business_owner,212,tier3,597000.0,2,auto|personal,owned,2.4,604
CUST000579,32,salaried,36,tier3,409000.0,1,home,rented,1.1,551
CUST000580,37,self_employed,194,tier3,472000.0,1,auto,owned,2.9,556
CUST000581,21,salaried,3,tier2,413000.0,0,,rented,1.3,655
CUST000582,25,salaried,19,metro,1167000.0,0,,owned,1.1,738
CUST000583,32,self_employed,115,tier2,343000.0,2,mortgage|auto,owned,2.8,639
CUST000584,26,salaried,36,metro,331000.0,0,,rented,0.4,734
CUST000585,40,salaried,60,tier2,547000.0,0,,rented,3.8,646
CUST000586,50,business_owner,246,tier3,303000.0,0,,rented,1.0,632
CUST000587,25,self_employed,41,tier2,303000.0,0,,rented,1.9,749
CUST000588,28,salaried,33,tier2,319000.0,0,,rented,1.1,799
CUST000589,36,self_employed,43,tier2,245000.0,0,,rented,2.1,705
CUST000590,47,self_employed,328,tier3,606000.0,1,mortgage,owned,1.0,829
CUST000591,25,salaried,22,tier2,598000.0,0,,rented,8.8,634
CUST000592,36,business_owner,98,tier2,442000.0,3,auto|personal|home,owned,1.4,799
CUST000593,49,self_employed,268,metro,584000.0,0,,rented,1.0,707
CUST000594,21,salaried,3,tier2,1013000.0,1,mortgage,rented,0.0,490
CUST000595,24,salaried,14,metro,718000.0,0,,owned,2.5,807
CUST000596,31,self_employed,35,tier2,181000.0,2,auto|home,owned,2.3,597
CUST000597,30,business_owner,98,tier3,487000.0,1,auto,rented,2.1,607
CUST000598,41,salaried,123,metro,1421000.0,0,,rented,3.9,733
CUST000599,36,salaried,114,tier2,612000.0,1,home,owned,2.6,587
CUST000600,21,self_employed,3,metro,630000.0,2,mortgage|auto,rented,4.2,673
CUST000601,39,salaried,45,metro,1034000.0,1,auto,rented,3.3,739
CUST000602,30,salaried,81,metro,2055000.0,2,personal|mortgage,rented,2.6,581
CUST000603,45,business_owner,199,metro,367000.0,2,auto|personal,owned,1.8,658
CUST000604,29,self_employed,90,tier3,354000.0,1,personal,rented,4.4,623
CUST000605,29,business_owner,40,tier3,808000.0,0,,rented,1.5,741
CUST000606,39,self_employed,99,tier2,907000.0,0,,owned,4.8,771
CUST000607,41,salaried,151,tier2,1099000.0,0,,owned,5.2,505
CUST000608,38,business_owner,211,tier3,188000.0,2,home|mortgage,owned,1.3,686
CUST000609,21,salaried,3,tier3,356000.0,0,,rented,3.9,632
CUST000610,39,salaried,101,tier2,270000.0,2,personal|auto,rented,3.4,657
CUST000611,26,business_owner,35,metro,1223000.0,0,,rented,3.2,839
CUST000612,36,self_employed,69,tier2,477000.0,2,home|mortgage,rented,0.9,714
CUST000613,23,business_owner,19,tier3,156000.0,2,auto|mortgage,rented,7.6,629
CUST000614,38,salaried,151,metro,1373000.0,0,,owned,0.1,531
CUST000615,28,business_owner,72,tier2,306000.0,1,home,rented,4.2,769
CUST000616,24,self_employed,18,metro,1178000.0,1,auto,rented,3.0,638
CUST000617,40,self_employed,213,metro,334000.0,0,,rented,8.0,585
CUST000618,36,business_owner,61,tier2,647000.0,0,,rented,1.4,682
CUST000619,30,salaried,56,metro,1166000.0,1,home,owned,0.2,682
CUST000620,46,self_employed,192,tier3,461000.0,0,,owned,0.1,596
CUST000621,31,self_employed,85,tier3,274000.0,0,,rented,2.1,544
CUST000622,35,self_employed,122,metro,2495000.0,0,,owned,1.1,803
CUST000623,37,business_owner,119,tier3,275000.0,1,home,owned,4.4,691
CUST000624,30,self_employed,28,tier3,241000.0,0,,rented,3.4,743
CUST000625,38,salaried,64,tier2,805000.0,0,,owned,3.9,572
CUST000626,30,salaried,58,tier2,388000.0,0,,owned,5.0,605
CUST000627,31,business_owner,82,tier3,180000.0,0,,rented,3.4,632
CUST000628,45,business_owner,185,tier2,561000.0,1,mortgage,owned,5.1,542
CUST000629,26,business_owner,31,metro,463000.0,0,,owned,1.5,649
CUST000630,21,salaried,3,metro,1058000.0,0,,rented,9.3,619
CUST000631,47,salaried,221,metro,835000.0,0,,owned,12.8,648
CUST000632,55,self_employed,215,tier2,159000.0,1,mortgage,owned,0.5,684
CUST000633,31,self_employed,78,metro,615000.0,2,mortgage|home,rented,0.6,688
CUST000634,21,salaried,3,tier2,561000.0,0,,rented,14.9,627
CUST000635,32,self_employed,53,tier2,778000.0,2,mortgage|auto,owned,3.4,573
CUST000636,32,salaried,50,tier3,543000.0,1,auto,rented,3.4,525
CUST000637,33,salaried,34,tier2,426000.0,0,,owned,2.9,697
CUST000638,26,salaried,39,tier3,718000.0,1,mortgage,rented,4.5,692
CUST000639,39,salaried,81,tier3,223000.0,1,home,owned,0.2,529
CUST000640,39,salaried,85,metro,701000.0,0,,rented,0.7,783
CUST000641,23,business_owner,25,tier2,253000.0,1,mortgage,owned,0.8,755
CUST000642,40,self_employed,110,metro,206000.0,0,,owned,3.6,588
CUST000643,51,business_owner,243,tier3,1133000.0,0,,owned,1.8,678
CUST000644,36,salaried,81,tier2,321000.0,1,mortgage,rented,10.4,642
CUST000645,32,salaried,51,metro,606000.0,2,auto|personal,rented,4.1,678
CUST000646,33,salaried,29,metro,1005000.0,1,auto,owned,1.4,595
CUST000647,39,self_employed,168,tier2,215000.0,0,,owned,3.3,740
CUST000648,21,salaried,3,tier3,519000.0,0,,rented,0.5,788
CUST000649,36,self_employed,149,tier3,427000.0,0,,owned,0.4,706
CUST000650,31,self_employed,101,metro,764000.0,2,auto|personal,rented,9.5,677
CUST000651,49,business_owner,73,metro,1137000.0,0,,rented,0.1,786
CUST000652,33,salaried,91,tier2,604000.0,0,,rented,0.2,606
CUST000653,48,salaried,89,tier2,756000.0,0,,rented,5.0,571
CUST000654,26,salaried,29,metro,1175000.0,1,auto,rented,1.3,715
CUST000655,39,salaried,162,metro,866000.0,1,auto,owned,2.5,544
CUST000656,37,self_employed,55,tier3,526000.0,1,mortgage,rented,0.5,582
CUST000657,28,salaried,70,tier2,746000.0,0,,owned,8.2,815
CUST000658,36,self_employed,114,tier2,354000.0,1,personal,owned,0.2,525
CUST000659,44,salaried,126,tier2,471000.0,0,,owned,4.4,682
CUST000660,32,business_owner,33,tier2,671000.0,0,,owned,0.7,475
CUST000661,21,business_owner,3,tier2,247000.0,0,,rented,0.7,716
CUST000662,34,salaried,81,metro,336000.0,2,home|personal,owned,0.1,844
CUST000663,27,business_owner,27,metro,237000.0,2,personal|home,rented,0.7,538
CUST000664,32,salaried,68,tier3,409000.0,0,,rented,1.1,440
CUST000665,34,self_employed,37,tier3,352000.0,2,personal|mortgage,owned,3.3,687
CUST000666,21,business_owner,3,tier2,1160000.0,0,,owned,0.2,623
CUST000667,22,self_employed,5,metro,1280000.0,0,,rented,2.7,638
CUST000668,38,self_employed,135,metro,100000.0,0,,owned,1.3,712
CUST000669,30,salaried,76,metro,1081000.0,3,home|mortgage|personal,owned,1.6,705
CUST000670,21,self_employed,3,tier3,234000.0,2,auto|home,owned,1.2,731
CUST000671,41,self_employed,218,tier3,218000.0,0,,owned,0.2,677
CUST000672,37,salaried,155,tier2,773000.0,1,personal,rented,1.6,719
CUST000673,29,salaried,31,tier3,496000.0,0,,rented,1.5,638
CUST000674,24,self_employed,16,metro,456000.0,1,personal,rented,3.7,650
CUST000675,41,self_employed,171,tier2,423000.0,2,mortgage|personal,rented,5.3,653
CUST000676,37,salaried,44,metro,1089000.0,0,,rented,0.5,731
CUST000677,54,business_owner,276,metro,1018000.0,1,home,owned,12.0,621
CUST000678,38,self_employed,47,tier3,195000.0,0,,rented,0.3,699
CUST000679,38,salaried,162,tier3,346000.0,0,,rented,1.9,638
CUST000680,33,salaried,96,metro,3206000.0,0,,owned,3.5,588
CUST000681,41,self_employed,176,metro,1415000.0,2,home|personal,owned,2.8,774
CUST000682,40,self_employed,139,tier2,305000.0,0,,rented,2.9,713
CUST000683,45,salaried,242,metro,755000.0,0,,owned,1.7,664
CUST000684,30,salaried,73,tier2,685000.0,0,,owned,5.7,594
CUST000685,31,self_employed,112,tier2,483000.0,0,,owned,0.5,632
CUST000686,31,self_employed,105,metro,188000.0,2,home|auto,owned,1.3,734
CUST000687,41,self_employed,66,metro,613000.0,1,mortgage,owned,7.4,688
CUST000688,46,salaried,70,metro,628000.0,2,home|auto,owned,2.7,900
CUST000689,31,self_employed,41,tier3,533000.0,1,personal,rented,2.3,674
CUST000690,31,salaried,75,metro,493000.0,1,mortgage,owned,0.7,620
CUST000691,37,salaried,116,tier2,633000.0,1,home,rented,2.1,590
CUST000692,33,self_employed,62,metro,2219000.0,0,,rented,5.5,577
CUST000693,42,self_employed,229,tier2,482000.0,0,,owned,0.4,621
CUST000694,21,salaried,3,metro,532000.0,1,auto,rented,1.5,663
CUST000695,28,self_employed,76,metro,439000.0,0,,rented,4.4,638
CUST000696,28,salaried,43,tier2,552000.0,0,,owned,3.1,800
CUST000697,21,salaried,3,tier2,363000.0,0,,owned,0.3,759
CUST000698,27,salaried,15,metro,1123000.0,0,,rented,2.2,757
CUST000699,27,salaried,48,metro,1650000.0,0,,rented,0.4,657
CUST000700,33,self_employed,116,tier3,360000.0,0,,owned,1.5,737
CUST000701,43,self_employed,111,metro,925000.0,1,auto,owned,6.1,772
CUST000702,33,self_employed,93,metro,576000.0,0,,rented,0.2,798
CUST000703,26,salaried,35,tier2,445000.0,1,personal,rented,9.9,631
CUST000704,34,salaried,68,metro,1011000.0,1,auto,rented,0.0,681
CUST000705,43,salaried,158,tier2,455000.0,0,,owned,7.4,587
CUST000706,27,self_employed,42,tier2,218000.0,1,home,owned,2.0,875
CUST000707,27,salaried,55,tier2,286000.0,1,personal,owned,1.8,661
CUST000708,39,salaried,144,tier2,595000.0,0,,owned,0.6,794
CUST000709,33,self_employed,50,tier2,350000.0,0,,rented,2.0,694
CUST000710,40,self_employed,182,tier3,508000.0,0,,rented,3.5,709
CUST000711,34,salaried,65,metro,1635000.0,1,mortgage,rented,2.2,678
CUST000712,40,salaried,184,metro,691000.0,0,,owned,4.4,738
CUST000713,26,self_employed,40,tier2,383000.0,0,,rented,0.7,679
CUST000714,34,salaried,33,metro,499000.0,1,mortgage,owned,2.1,808
CUST000715,33,salaried,97,metro,1206000.0,0,,owned,0.4,707
CUST000716,25,business_owner,16,metro,993000.0,0,,rented,3.1,614
CUST000717,22,salaried,9,tier2,781000.0,2,mortgage|personal,rented,7.9,701
CUST000718,40,salaried,186,metro,1843000.0,0,,rented,5.3,655
CUST000719,32,salaried,86,tier2,510000.0,0,,rented,8.5,591
CUST000720,26,salaried,32,tier3,439000.0,1,home,owned,4.0,714
CUST000721,34,salaried,92,tier2,400000.0,0,,owned,1.3,574
CUST000722,44,salaried,132,metro,830000.0,1,personal,owned,4.9,633
CUST000723,21,salaried,3,tier3,557000.0,0,,rented,0.0,658
CUST000724,23,salaried,19,metro,857000.0,2,auto|home,owned,3.2,472
CUST000725,27,business_owner,35,tier3,433000.0,0,,owned,10.1,641
CUST000726,46,business_owner,145,tier2,463000.0,0,,rented,0.4,763
CUST000727,37,salaried,62,metro,1115000.0,0,,rented,2.6,637
CUST000728,41,salaried,202,tier3,437000.0,2,mortgage|home,owned,0.9,508
CUST000729,25,self_employed,42,tier2,248000.0,0,,rented,1.5,672
CUST000730,26,business_owner,28,tier2,332000.0,0,,owned,4.1,723
CUST000731,38,business_owner,93,tier2,469000.0,1,mortgage,owned,0.8,603
CUST000732,35,salaried,121,tier2,326000.0,1,home,owned,1.7,656
CUST000733,39,salaried,102,tier2,417000.0,0,,owned,7.7,639
CUST000734,33,salaried,119,tier3,401000.0,2,auto|home,rented,3.3,710
CUST000735,37,self_employed,173,metro,719000.0,0,,owned,2.9,606
CUST000736,36,salaried,124,tier2,489000.0,0,,owned,5.3,729
CUST000737,41,salaried,62,tier2,1648000.0,0,,rented,1.6,655
CUST000738,41,salaried,157,tier2,344000.0,0,,owned,0.4,792
CUST000739,22,salaried,10,tier2,1134000.0,0,,rented,1.4,561
CUST000740,21,self_employed,3,metro,402000.0,1,home,rented,0.4,580
CUST000741,43,salaried,204,tier3,343000.0,0,,owned,2.4,710
CUST000742,44,self_employed,132,metro,926000.0,1,personal,owned,13.3,699
CUST000743,26,self_employed,51,metro,679000.0,0,,rented,1.2,717
CUST000744,21,self_employed,3,tier2,393000.0,1,home,rented,1.6,706
CUST000745,35,salaried,44,metro,2058000.0,1,home,owned,8.0,564
CUST000746,42,self_employed,136,metro,286000.0,1,personal,owned,0.3,584
CUST000747,49,self_employed,78,metro,773000.0,1,mortgage,rented,5.7,798
CUST000748,39,salaried,98,tier2,682000.0,1,personal,rented,0.8,719
CUST000749,32,salaried,104,tier3,913000.0,1,personal,rented,0.2,638
CUST000750,27,self_employed,27,tier2,353000.0,0,,rented,0.1,521
CUST000751,35,salaried,137,metro,2732000.0,2,home|personal,owned,2.2,543
CUST000752,32,salaried,34,tier3,655000.0,1,mortgage,owned,1.9,593
CUST000753,26,salaried,37,metro,313000.0,0,,rented,7.2,604
CUST000754,51,salaried,297,tier3,255000.0,0,,owned,1.2,657
CUST000755,49,salaried,210,tier2,731000.0,0,,owned,7.8,557
CUST000756,44,self_employed,274,metro,368000.0,0,,owned,3.3,607
CUST000757,27,salaried,60,tier2,852000.0,1,auto,owned,1.1,566
CUST000758,41,self_employed,179,metro,609000.0,0,,rented,0.6,617
CUST000759,40,salaried,161,tier3,251000.0,1,personal,owned,5.7,869
CUST000760,38,salaried,45,metro,553000.0,4,auto|personal|home|mortgage,rented,0.1,737
CUST000761,44,salaried,131,tier3,721000.0,0,,owned,2.4,681
CUST000762,40,self_employed,109,tier3,65000.0,2,mortgage|personal,rented,0.1,607
CUST000763,40,business_owner,169,tier3,276000.0,0,,rented,2.7,533
CUST000764,40,salaried,146,tier3,687000.0,0,,owned,6.4,647
CUST000765,37,salaried,115,metro,773000.0,0,,owned,1.4,515
CUST000766,21,salaried,3,tier2,305000.0,1,home,rented,1.6,738
CUST000767,35,salaried,43,tier3,612000.0,0,,rented,1.4,637
CUST000768,30,self_employed,98,metro,541000.0,0,,rented,1.0,627
CUST000769,24,salaried,9,metro,421000.0,1,auto,owned,2.6,530
CUST000770,48,business_owner,162,metro,1404000.0,1,home,owned,0.5,684
CUST000771,48,salaried,197,metro,588000.0,1,auto,owned,2.4,608
CUST000772,45,salaried,121,tier3,230000.0,0,,owned,5.8,593
CUST000773,37,self_employed,155,tier2,752000.0,0,,rented,1.7,675
CUST000774,45,salaried,202,tier2,612000.0,0,,owned,0.4,619
CUST000775,35,self_employed,147,tier3,747000.0,0,,owned,1.2,681
CUST000776,36,salaried,56,metro,764000.0,1,personal,owned,2.9,735
CUST000777,26,self_employed,22,tier3,420000.0,1,mortgage,rented,15.0,582
CUST000778,38,salaried,47,metro,954000.0,0,,owned,2.9,689
CUST000779,35,salaried,87,metro,969000.0,1,personal,owned,9.3,662
CUST000780,24,self_employed,12,metro,836000.0,1,home,rented,4.2,791
CUST000781,34,salaried,63,metro,970000.0,0,,owned,3.2,755
CUST000782,34,salaried,116,tier2,656000.0,1,home,owned,6.2,598
CUST000783,49,self_employed,335,tier2,454000.0,1,mortgage,rented,2.7,641
CUST000784,42,salaried,185,metro,1178000.0,0,,owned,1.1,693
CUST000785,35,business_owner,34,metro,720000.0,4,auto|personal|home|mortgage,owned,0.2,553
CUST000786,36,self_employed,127,tier2,962000.0,1,personal,owned,3.0,592
CUST000787,35,self_employed,65,metro,1807000.0,2,auto|home,owned,0.8,612
CUST000788,33,salaried,63,tier3,339000.0,0,,rented,4.6,415
CUST000789,26,salaried,28,tier3,1341000.0,0,,owned,4.2,565
CUST000790,33,business_owner,117,tier2,264000.0,2,auto|personal,owned,0.0,625
CUST000791,29,salaried,58,tier2,470000.0,0,,rented,0.4,900
CUST000792,24,salaried,13,tier2,781000.0,2,auto|mortgage,rented,0.2,622
CUST000793,39,salaried,133,tier2,872000.0,2,personal|auto,rented,7.0,714
CUST000794,38,salaried,167,tier3,468000.0,1,mortgage,rented,0.2,637
CUST000795,21,salaried,3,tier3,716000.0,0,,rented,3.4,694
CUST000796,34,self_employed,142,tier2,316000.0,0,,owned,3.4,582
CUST000797,42,self_employed,86,tier2,931000.0,1,personal,owned,3.0,540
CUST000798,43,business_owner,83,tier3,444000.0,1,auto,owned,4.5,803
CUST000799,43,salaried,207,metro,542000.0,1,auto,owned,7.0,560
CUST000800,35,salaried,33,tier2,493000.0,0,,rented,0.2,813
CUST000801,28,salaried,57,tier2,737000.0,0,,rented,0.6,621
CUST000802,26,self_employed,18,tier2,420000.0,1,home,owned,0.5,580
CUST000803,37,salaried,115,metro,927000.0,0,,owned,14.3,633
CUST000804,38,salaried,123,metro,562000.0,2,home|mortgage,rented,5.6,824
CUST000805,45,salaried,219,metro,1308000.0,1,auto,owned,4.2,617
CUST000806,43,self_employed,219,tier2,1230000.0,0,,rented,2.4,620
CUST000807,33,self_employed,108,tier3,335000.0,0,,rented,5.8,717
CUST000808,25,business_owner,24,tier3,367000.0,0,,rented,3.6,722
CUST000809,32,salaried,40,metro,1327000.0,0,,owned,3.9,816
CUST000810,36,business_owner,136,metro,1225000.0,1,home,rented,12.7,784
CUST000811,33,salaried,75,tier3,566000.0,1,auto,rented,1.4,617
CUST000812,30,salaried,27,tier2,758000.0,1,personal,rented,4.6,797
CUST000813,37,salaried,157,tier2,949000.0,0,,owned,1.2,457
CUST000814,30,salaried,43,metro,799000.0,0,,rented,15.0,749
CUST000815,29,salaried,19,metro,1018000.0,1,home,rented,3.9,596
CUST000816,37,salaried,150,tier3,855000.0,1,auto,owned,2.7,733
CUST000817,31,salaried,69,tier2,839000.0,1,auto,owned,4.6,781
CUST000818,36,self_employed,142,metro,820000.0,1,personal,owned,0.4,529
CUST000819,37,self_employed,61,tier3,378000.0,0,,rented,0.1,763
CUST000820,25,self_employed,27,tier2,422000.0,0,,owned,0.5,705
CUST000821,31,salaried,74,tier3,620000.0,0,,owned,4.6,739
CUST000822,46,salaried,108,tier2,857000.0,1,home,owned,5.0,591
CUST000823,25,self_employed,38,tier2,252000.0,0,,owned,3.5,646
CUST000824,21,salaried,3,tier3,329000.0,0,,rented,1.7,593
CUST000825,21,salaried,3,tier3,328000.0,1,home,rented,2.9,693
CUST000826,35,salaried,34,tier3,597000.0,1,personal,owned,0.6,562
CUST000827,35,self_employed,79,tier3,236000.0,0,,owned,0.0,615
CUST000828,34,salaried,56,tier2,843000.0,0,,owned,7.2,736
CUST000829,44,self_employed,195,metro,607000.0,1,auto,owned,1.3,589
CUST000830,21,salaried,3,metro,789000.0,0,,rented,0.1,644
CUST000831,38,salaried,64,tier3,270000.0,0,,owned,0.4,598
CUST000832,47,salaried,177,metro,449000.0,0,,owned,4.8,703
CUST000833,25,salaried,16,tier3,469000.0,0,,owned,2.5,667
CUST000834,31,salaried,57,tier3,896000.0,0,,owned,2.8,589
CUST000835,28,self_employed,82,tier3,314000.0,2,auto|mortgage,owned,0.3,598
CUST000836,27,salaried,48,tier3,1113000.0,0,,rented,3.4,694
CUST000837,32,salaried,82,tier2,550000.0,0,,owned,3.6,509
CUST000838,46,self_employed,126,tier2,284000.0,1,home,owned,0.3,676
CUST000839,49,salaried,94,tier3,292000.0,0,,rented,2.5,632
CUST000840,32,salaried,91,metro,773000.0,1,auto,rented,1.2,694
CUST000841,50,salaried,198,metro,514000.0,0,,owned,4.3,607
CUST000842,35,salaried,101,tier3,213000.0,1,auto,rented,1.5,709
CUST000843,49,salaried,280,tier2,385000.0,0,,owned,2.7,741
CUST000844,34,self_employed,81,tier2,532000.0,1,personal,rented,1.4,738
CUST000845,36,salaried,129,metro,668000.0,0,,owned,0.4,623
CUST000846,37,self_employed,127,tier2,264000.0,1,personal,owned,8.3,526
CUST000847,60,salaried,165,tier3,566000.0,1,mortgage,owned,1.3,830
CUST000848,41,self_employed,61,tier2,274000.0,0,,rented,4.2,685
CUST000849,29,self_employed,58,tier2,882000.0,2,home|auto,rented,0.1,683
CUST000850,42,salaried,99,tier2,924000.0,1,personal,owned,0.0,591
CUST000851,32,salaried,86,tier3,684000.0,3,personal|auto|mortgage,rented,2.2,660
CUST000852,31,salaried,78,tier3,595000.0,1,mortgage,owned,15.0,786
CUST000853,42,business_owner,139,tier2,328000.0,0,,owned,0.4,750
CUST000854,35,business_owner,119,tier2,174000.0,0,,owned,0.1,651
CUST000855,37,salaried,116,metro,893000.0,2,personal|home,rented,0.5,792
CUST000856,35,self_employed,87,tier2,1245000.0,0,,owned,3.9,589
CUST000857,37,salaried,147,metro,985000.0,1,auto,rented,0.9,503
CUST000858,38,salaried,50,tier2,546000.0,0,,owned,0.3,456
CUST000859,21,self_employed,3,tier2,558000.0,1,home,owned,2.5,751
CUST000860,40,salaried,50,metro,864000.0,0,,rented,1.3,617
CUST000861,27,salaried,24,metro,1004000.0,0,,owned,2.2,642
CUST000862,23,self_employed,19,metro,314000.0,0,,owned,5.5,753
CUST000863,34,salaried,39,metro,734000.0,0,,rented,6.5,684
CUST000864,35,self_employed,69,tier2,1101000.0,1,home,rented,9.4,548
CUST000865,29,salaried,28,metro,371000.0,0,,rented,1.6,826
CUST000866,41,salaried,160,metro,1064000.0,0,,owned,1.1,603
CUST000867,24,salaried,20,tier3,382000.0,0,,rented,2.2,649
CUST000868,31,business_owner,33,metro,361000.0,2,auto|mortgage,rented,0.7,590
CUST000869,30,salaried,53,tier3,285000.0,0,,owned,2.5,554
CUST000870,34,salaried,52,tier2,595000.0,0,,owned,1.5,675
CUST000871,37,self_employed,201,tier2,227000.0,0,,owned,1.4,550
CUST000872,26,business_owner,16,tier2,835000.0,1,auto,owned,1.7,647
CUST000873,40,business_owner,166,metro,436000.0,3,auto|personal|mortgage,owned,6.5,822
CUST000874,35,salaried,86,tier3,220000.0,1,auto,owned,0.3,747
CUST000875,21,salaried,3,tier3,600000.0,1,auto,rented,4.1,698
CUST000876,21,salaried,3,metro,1222000.0,1,auto,rented,3.8,581
CUST000877,34,self_employed,81,tier3,382000.0,1,personal,owned,0.4,674
CUST000878,33,business_owner,123,tier2,1139000.0,0,,rented,0.1,608
CUST000879,34,self_employed,82,tier3,86000.0,0,,rented,0.8,809
CUST000880,34,salaried,98,tier3,294000.0,0,,rented,5.1,612
CUST000881,36,salaried,78,metro,1578000.0,0,,rented,4.6,559
CUST000882,42,salaried,87,tier3,429000.0,1,auto,owned,2.5,610
CUST000883,26,salaried,15,tier3,1370000.0,1,personal,rented,2.8,584
CUST000884,25,salaried,12,tier2,312000.0,2,personal|mortgage,owned,4.6,676
CUST000885,26,salaried,49,metro,1858000.0,2,auto|home,rented,7.4,843
CUST000886,37,self_employed,148,tier3,322000.0,0,,rented,6.4,655
CUST000887,44,business_owner,127,tier2,1125000.0,2,home|auto,rented,12.3,596
CUST000888,31,self_employed,76,metro,457000.0,0,,owned,0.1,615
CUST000889,21,business_owner,3,tier3,416000.0,0,,owned,7.2,540
CUST000890,21,self_employed,3,tier2,753000.0,0,,owned,4.7,900
CUST000891,28,self_employed,52,tier3,263000.0,0,,owned,3.0,842
CUST000892,30,salaried,72,tier2,856000.0,2,auto|mortgage,owned,0.3,767
CUST000893,31,self_employed,45,metro,269000.0,0,,owned,3.6,747
CUST000894,35,salaried,91,tier3,544000.0,1,mortgage,rented,0.6,665
CUST000895,32,salaried,44,tier2,172000.0,2,auto|home,rented,1.8,642
CUST000896,43,salaried,53,tier2,542000.0,0,,owned,1.3,635
CUST000897,29,self_employed,78,tier2,563000.0,0,,rented,6.1,893
CUST000898,28,self_employed,60,metro,414000.0,1,personal,rented,0.6,662
CUST000899,38,business_owner,187,tier2,816000.0,2,auto|mortgage,rented,11.9,629
CUST000900,22,business_owner,4,tier2,481000.0,0,,rented,3.1,645
CUST000901,38,business_owner,180,tier3,1151000.0,1,mortgage,rented,1.2,726
CUST000902,35,salaried,137,tier3,509000.0,0,,owned,0.4,341
CUST000903,33,business_owner,107,tier3,210000.0,1,auto,rented,1.0,715
CUST000904,47,self_employed,298,metro,450000.0,1,home,rented,12.5,451
CUST000905,30,business_owner,102,tier2,991000.0,2,home|personal,owned,1.0,787
CUST000906,51,salaried,259,metro,1182000.0,3,home|auto|personal,owned,2.7,499
CUST000907,33,salaried,122,tier3,339000.0,0,,rented,2.7,582
CUST000908,24,business_owner,27,tier2,636000.0,0,,rented,2.5,482
CUST000909,35,salaried,87,tier3,888000.0,0,,rented,4.9,842
CUST000910,26,salaried,47,metro,1031000.0,1,mortgage,owned,8.1,628
CUST000911,28,salaried,62,metro,418000.0,0,,rented,4.2,830
CUST000912,38,salaried,55,tier3,342000.0,2,mortgage|personal,owned,3.7,833
CUST000913,39,salaried,85,tier2,471000.0,0,,rented,4.7,767
CUST000914,30,business_owner,47,tier3,460000.0,2,auto|mortgage,owned,2.4,528
CUST000915,42,business_owner,195,tier3,147000.0,0,,owned,2.3,694
CUST000916,44,business_owner,114,tier2,1096000.0,1,mortgage,owned,0.8,802
CUST000917,46,salaried,119,tier2,422000.0,1,auto,owned,10.0,714
CUST000918,39,salaried,116,tier2,435000.0,0,,rented,1.7,646
CUST000919,45,salaried,71,tier3,184000.0,0,,owned,6.2,711
CUST000920,21,salaried,3,tier3,690000.0,1,mortgage,owned,1.1,720
CUST000921,32,salaried,68,metro,869000.0,1,mortgage,owned,2.5,547
CUST000922,28,self_employed,34,tier2,561000.0,1,personal,rented,0.5,628
CUST000923,35,business_owner,66,metro,1060000.0,0,,owned,1.3,713
CUST000924,30,salaried,77,tier2,872000.0,1,personal,rented,2.4,758
CUST000925,33,salaried,88,tier3,377000.0,0,,owned,0.1,676
CUST000926,50,salaried,174,tier3,182000.0,0,,owned,3.0,593
CUST000927,33,salaried,59,tier2,331000.0,2,personal|mortgage,owned,0.2,637
CUST000928,38,salaried,160,metro,477000.0,0,,rented,0.6,587
CUST000929,33,salaried,101,metro,910000.0,0,,rented,4.4,670
CUST000930,35,salaried,112,metro,1295000.0,0,,owned,1.7,731
CUST000931,35,salaried,82,metro,1713000.0,2,mortgage|personal,owned,1.7,898
CUST000932,38,self_employed,212,tier3,258000.0,0,,owned,4.4,571
CUST000933,44,salaried,182,tier2,754000.0,0,,owned,0.2,769
CUST000934,48,salaried,154,metro,660000.0,1,mortgage,rented,2.2,689
CUST000935,37,salaried,158,tier2,2297000.0,1,auto,owned,2.0,535
CUST000936,39,salaried,168,metro,1617000.0,0,,owned,2.1,646
CUST000937,25,salaried,32,metro,1875000.0,1,auto,rented,0.4,638
CUST000938,34,self_employed,132,tier3,272000.0,0,,rented,0.3,629
CUST000939,42,business_owner,123,metro,1063000.0,2,auto|mortgage,owned,0.5,724
CUST000940,41,self_employed,162,tier2,614000.0,1,auto,owned,7.9,857
CUST000941,36,salaried,58,tier2,523000.0,0,,owned,0.8,746
CUST000942,42,salaried,147,metro,604000.0,0,,owned,0.9,649
CUST000943,38,salaried,89,metro,1120000.0,0,,rented,2.5,709
CUST000944,44,salaried,117,metro,1663000.0,0,,owned,2.7,842
CUST000945,37,business_owner,190,metro,258000.0,1,auto,owned,4.6,584
CUST000946,32,salaried,40,tier3,347000.0,0,,owned,2.8,791
CUST000947,37,salaried,141,tier2,331000.0,2,auto|mortgage,owned,8.1,551
CUST000948,21,salaried,3,tier2,714000.0,0,,rented,4.0,517
CUST000949,38,salaried,44,metro,1455000.0,0,,owned,3.5,711
CUST000950,21,business_owner,3,tier3,442000.0,1,auto,rented,2.5,530
CUST000951,21,salaried,3,metro,1767000.0,2,personal|mortgage,owned,1.1,644
CUST000952,38,salaried,101,tier3,536000.0,1,personal,rented,1.0,803
CUST000953,38,salaried,83,metro,965000.0,0,,rented,3.1,572
CUST000954,25,self_employed,31,tier3,333000.0,0,,rented,1.0,841
CUST000955,29,salaried,49,metro,506000.0,1,mortgage,rented,3.4,476
CUST000956,45,self_employed,78,metro,248000.0,0,,owned,2.3,773
CUST000957,31,salaried,51,tier2,1289000.0,1,mortgage,rented,0.4,530
CUST000958,52,salaried,99,metro,545000.0,1,auto,owned,1.2,662
CUST000959,34,business_owner,43,tier3,160000.0,0,,rented,0.6,699
CUST000960,38,salaried,68,tier2,885000.0,0,,owned,2.9,604
CUST000961,47,salaried,204,tier2,635000.0,1,mortgage,owned,2.9,631
CUST000962,36,salaried,117,metro,1503000.0,0,,rented,1.4,549
CUST000963,26,salaried,45,tier2,1267000.0,1,mortgage,rented,3.3,807
CUST000964,34,salaried,107,metro,1161000.0,0,,rented,6.4,544
CUST000965,34,self_employed,94,tier3,798000.0,0,,rented,0.7,544
CUST000966,24,salaried,14,tier2,409000.0,2,mortgage|auto,owned,0.5,671
CUST000967,32,salaried,26,tier2,536000.0,1,home,rented,5.2,617
CUST000968,29,salaried,59,tier3,1376000.0,0,,rented,1.5,755
CUST000969,42,self_employed,110,tier2,678000.0,0,,owned,5.4,581
CUST000970,35,salaried,60,tier2,352000.0,2,mortgage|auto,owned,1.2,654
CUST000971,32,salaried,110,metro,960000.0,0,,owned,3.6,690
CUST000972,34,self_employed,56,tier2,489000.0,1,home,rented,8.7,767
CUST000973,36,self_employed,48,metro,548000.0,0,,rented,0.9,607
CUST000974,39,business_owner,206,metro,836000.0,4,mortgage|home|auto|personal,rented,1.6,504
CUST000975,27,salaried,28,tier3,983000.0,0,,rented,1.3,607
CUST000976,26,salaried,27,metro,845000.0,1,mortgage,rented,2.4,757
CUST000977,43,salaried,66,tier2,962000.0,0,,owned,5.7,711
CUST000978,31,self_employed,70,metro,909000.0,0,,rented,5.6,646
CUST000979,23,salaried,19,tier2,611000.0,1,home,rented,3.1,660
CUST000980,38,salaried,132,tier3,229000.0,1,home,rented,3.1,656
CUST000981,38,salaried,103,metro,1362000.0,0,,owned,1.0,700
CUST000982,22,self_employed,5,tier2,447000.0,2,home|mortgage,rented,2.0,635
CUST000983,36,self_employed,82,tier2,379000.0,0,,rented,7.7,604
CUST000984,40,salaried,136,tier3,254000.0,1,auto,rented,6.2,737
CUST000985,37,business_owner,70,metro,1821000.0,0,,owned,0.1,735
CUST000986,40,business_owner,87,tier3,352000.0,1,auto,owned,0.4,597
CUST000987,23,salaried,15,tier2,370000.0,0,,rented,4.4,573
CUST000988,37,salaried,146,tier2,353000.0,0,,owned,2.1,896
CUST000989,32,self_employed,113,metro,1384000.0,0,,rented,11.6,711
CUST000990,31,salaried,89,metro,1220000.0,0,,owned,0.2,830
CUST000991,41,salaried,130,tier2,487000.0,0,,rented,10.1,710
CUST000992,46,salaried,213,metro,988000.0,2,personal|mortgage,rented,1.9,721
CUST000993,49,business_owner,319,tier2,292000.0,1,home,owned,0.2,487
CUST000994,45,salaried,61,tier2,625000.0,0,,owned,1.8,520
CUST000995,34,self_employed,77,tier2,270000.0,1,personal,rented,2.4,738
CUST000996,37,salaried,63,metro,1412000.0,3,mortgage|home|personal,owned,0.6,573
CUST000997,41,salaried,203,metro,1360000.0,0,,owned,3.5,666
CUST000998,35,business_owner,144,tier2,526000.0,0,,rented,1.4,736
CUST000999,36,salaried,129,tier2,445000.0,1,home,owned,4.2,667
CUST001000,41,salaried,94,tier3,256000.0,0,,rented,1.6,715
CUST001001,34,salaried,127,tier2,673000.0,2,mortgage|auto,rented,0.4,804
CUST001002,29,self_employed,24,tier2,1325000.0,0,,owned,3.5,813
CUST001003,31,salaried,38,metro,1517000.0,2,home|auto,owned,0.1,649
CUST001004,40,salaried,137,tier3,576000.0,0,,owned,0.4,794
CUST001005,35,salaried,120,metro,731000.0,0,,rented,11.4,593
CUST001006,37,salaried,148,metro,565000.0,0,,owned,2.5,675
CUST001007,40,salaried,90,metro,888000.0,3,home|auto|personal,owned,1.9,730
CUST001008,32,salaried,59,metro,789000.0,0,,rented,2.5,670
CUST001009,41,salaried,118,tier3,717000.0,1,mortgage,owned,7.7,660
CUST001010,38,salaried,44,metro,653000.0,0,,rented,2.6,504
CUST001011,25,self_employed,41,metro,497000.0,1,mortgage,rented,0.2,601
CUST001012,46,self_employed,138,metro,1321000.0,1,personal,owned,0.4,485
CUST001013,30,salaried,35,tier3,1046000.0,0,,rented,4.5,643
CUST001014,21,salaried,3,tier3,310000.0,1,mortgage,rented,5.8,660
CUST001015,26,salaried,39,tier3,933000.0,0,,rented,5.3,722
CUST001016,26,business_owner,48,tier3,153000.0,2,home|auto,owned,2.7,574
CUST001017,35,salaried,57,tier3,395000.0,1,auto,rented,1.4,685
CUST001018,32,salaried,41,tier2,539000.0,1,home,rented,4.5,706
CUST001019,32,salaried,107,metro,882000.0,0,,rented,0.6,603
CUST001020,39,salaried,120,metro,1084000.0,0,,owned,0.7,720
CUST001021,37,salaried,84,metro,797000.0,2,home|auto,rented,0.4,679
CUST001022,37,salaried,63,tier2,833000.0,1,mortgage,owned,0.4,445
CUST001023,38,self_employed,193,metro,339000.0,0,,rented,0.3,572
CUST001024,39,self_employed,178,metro,1040000.0,0,,owned,1.6,847
CUST001025,21,self_employed,3,tier2,638000.0,1,mortgage,owned,2.1,689
CUST001026,32,self_employed,35,metro,281000.0,0,,rented,1.3,600
CUST001027,21,salaried,3,metro,1221000.0,1,home,owned,1.7,712
CUST001028,35,business_owner,71,metro,316000.0,0,,owned,4.6,693
CUST001029,34,self_employed,42,tier2,275000.0,2,personal|mortgage,owned,0.2,818
CUST001030,43,self_employed,106,metro,803000.0,0,,rented,3.7,644
CUST001031,44,self_employed,98,metro,431000.0,1,auto,rented,1.6,576
CUST001032,36,salaried,80,metro,820000.0,1,auto,rented,12.2,610
CUST001033,30,salaried,55,tier3,955000.0,1,home,owned,2.6,628
CUST001034,38,salaried,101,metro,2277000.0,0,,owned,1.5,625
CUST001035,30,salaried,79,metro,250000.0,1,auto,owned,15.0,696
CUST001036,34,salaried,56,tier3,551000.0,2,auto|home,rented,0.1,642
CUST001037,42,salaried,195,tier3,715000.0,0,,rented,2.0,649
CUST001038,30,salaried,85,metro,714000.0,1,home,owned,3.4,823
CUST001039,41,business_owner,212,metro,460000.0,0,,owned,3.7,543
CUST001040,40,self_employed,77,metro,638000.0,0,,owned,3.0,685
CUST001041,27,salaried,25,tier2,326000.0,1,auto,rented,5.3,552
CUST001042,42,salaried,152,metro,913000.0,0,,rented,2.5,763
CUST001043,40,salaried,66,tier3,1109000.0,0,,rented,12.7,755
CUST001044,35,business_owner,44,tier3,184000.0,0,,rented,5.7,576
CUST001045,28,self_employed,23,tier2,213000.0,1,personal,rented,3.0,592
CUST001046,28,self_employed,53,metro,504000.0,1,personal,rented,0.1,715
CUST001047,30,salaried,78,tier3,737000.0,1,auto,owned,1.6,655
CUST001048,39,salaried,79,tier2,1001000.0,0,,rented,0.8,782
CUST001049,27,self_employed,67,tier3,223000.0,0,,rented,3.5,571
CUST001050,38,business_owner,164,metro,709000.0,2,auto|mortgage,owned,2.6,776
CUST001051,25,salaried,12,tier2,265000.0,0,,rented,2.5,856
CUST001052,33,salaried,66,tier3,903000.0,0,,owned,2.4,690
CUST001053,35,salaried,41,tier3,426000.0,0,,owned,2.0,622
CUST001054,54,salaried,314,tier2,581000.0,1,mortgage,owned,11.2,610
CUST001055,23,business_owner,20,tier2,787000.0,0,,rented,0.4,615
CUST001056,46,self_employed,201,tier2,460000.0,1,mortgage,owned,3.8,740
CUST001057,36,salaried,115,tier2,946000.0,0,,rented,8.8,545
CUST001058,38,salaried,78,tier3,644000.0,0,,owned,2.9,652
CUST001059,35,salaried,135,tier2,681000.0,3,mortgage|home|auto,owned,2.9,691
CUST001060,38,salaried,163,metro,887000.0,0,,rented,1.1,819
CUST001061,33,salaried,98,metro,554000.0,0,,owned,1.9,797
CUST001062,46,self_employed,186,tier2,449000.0,0,,rented,1.2,643
CUST001063,31,self_employed,28,tier3,508000.0,0,,rented,4.2,555
CUST001064,44,salaried,60,metro,498000.0,1,home,owned,6.8,667
CUST001065,29,self_employed,30,metro,630000.0,0,,rented,4.1,670
CUST001066,34,self_employed,112,tier3,311000.0,0,,owned,5.2,786
CUST001067,26,salaried,43,tier2,675000.0,2,home|auto,owned,1.4,640
CUST001068,38,self_employed,189,metro,1027000.0,0,,rented,3.3,565
CUST001069,46,self_employed,115,metro,1064000.0,2,personal|home,owned,1.4,628
CUST001070,34,self_employed,75,tier2,209000.0,1,personal,rented,4.6,649
CUST001071,33,salaried,33,metro,1229000.0,2,personal|mortgage,owned,3.5,622
CUST001072,26,salaried,50,tier2,511000.0,0,,rented,0.3,551
CUST001073,33,salaried,101,tier2,781000.0,0,,owned,0.5,542
CUST001074,22,salaried,6,tier2,604000.0,1,auto,owned,15.0,734
CUST001075,27,salaried,41,tier2,412000.0,2,personal|home,rented,2.2,703
CUST001076,36,self_employed,109,metro,544000.0,1,auto,rented,0.2,607
CUST001077,45,salaried,105,metro,710000.0,0,,rented,6.7,753
CUST001078,57,salaried,138,metro,1024000.0,0,,owned,3.8,489
CUST001079,30,business_owner,50,metro,669000.0,1,personal,rented,2.2,618
CUST001080,46,salaried,108,tier2,390000.0,0,,owned,0.7,674
CUST001081,36,salaried,101,metro,1199000.0,1,personal,owned,4.4,729
CUST001082,33,salaried,57,tier2,1010000.0,1,mortgage,owned,0.0,580
CUST001083,38,salaried,137,metro,1091000.0,1,auto,owned,2.0,781
CUST001084,35,salaried,95,metro,655000.0,0,,owned,9.3,621
CUST001085,35,self_employed,106,metro,556000.0,2,mortgage|home,rented,7.3,753
CUST001086,31,salaried,98,tier2,455000.0,0,,owned,0.1,781
CUST001087,23,salaried,9,tier2,1055000.0,2,personal|mortgage,rented,0.2,565
CUST001088,22,salaried,7,tier3,296000.0,0,,rented,6.1,693
CUST001089,40,self_employed,46,metro,990000.0,0,,owned,0.1,728
CUST001090,32,salaried,89,tier2,839000.0,1,auto,owned,0.3,543
CUST001091,30,self_employed,60,tier3,283000.0,0,,owned,4.5,718
CUST001092,35,salaried,56,metro,1329000.0,1,auto,owned,1.0,604
CUST001093,41,salaried,48,metro,1134000.0,0,,rented,2.3,554
CUST001094,36,salaried,118,metro,435000.0,2,home|personal,owned,3.4,616
CUST001095,29,salaried,60,metro,1058000.0,0,,rented,1.3,610
CUST001096,44,salaried,174,tier3,512000.0,2,auto|mortgage,owned,2.0,727
CUST001097,47,self_employed,187,metro,554000.0,0,,owned,0.7,679
CUST001098,38,salaried,125,tier2,1086000.0,1,auto,owned,0.2,862
CUST001099,42,salaried,143,tier3,421000.0,0,,owned,0.8,606
CUST001100,44,salaried,98,metro,662000.0,1,home,owned,9.8,697
CUST001101,44,salaried,148,tier2,941000.0,0,,owned,0.8,666
CUST001102,39,salaried,115,metro,749000.0,2,mortgage|personal,owned,2.1,540
CUST001103,39,salaried,158,tier2,496000.0,1,home,owned,1.6,823
CUST001104,39,salaried,104,metro,513000.0,1,home,rented,6.6,690
CUST001105,26,salaried,29,metro,598000.0,0,,owned,0.0,584
CUST001106,40,salaried,191,metro,626000.0,0,,owned,1.1,715
CUST001107,24,salaried,28,tier2,828000.0,1,home,rented,12.7,748
CUST001108,28,salaried,30,tier2,365000.0,0,,owned,1.4,603
CUST001109,45,salaried,228,tier2,275000.0,0,,owned,3.8,659
CUST001110,41,business_owner,72,metro,465000.0,1,home,rented,0.6,773
CUST001111,46,salaried,226,tier3,361000.0,1,personal,owned,9.0,669
CUST001112,32,self_employed,46,metro,631000.0,0,,owned,1.9,729
CUST001113,25,salaried,22,tier3,772000.0,1,auto,rented,0.6,631
CUST001114,33,salaried,120,tier2,638000.0,1,home,owned,0.1,513
CUST001115,35,salaried,44,tier2,1217000.0,2,auto|home,owned,0.7,657
CUST001116,35,salaried,125,tier2,603000.0,1,auto,rented,0.6,604
CUST001117,44,self_employed,165,tier3,806000.0,1,home,owned,3.7,645
CUST001118,32,self_employed,40,tier2,169000.0,0,,rented,3.4,605
CUST001119,37,salaried,157,metro,922000.0,1,home,owned,3.0,670
CUST001120,27,self_employed,40,tier3,325000.0,2,home|auto,rented,5.8,623
CUST001121,38,salaried,157,metro,606000.0,0,,owned,6.5,752
CUST001122,35,salaried,128,tier2,542000.0,3,mortgage|auto|personal,rented,4.9,735
CUST001123,29,self_employed,22,tier2,249000.0,0,,rented,0.8,571
CUST001124,33,salaried,53,tier3,460000.0,0,,owned,4.0,743
CUST001125,33,salaried,60,tier2,548000.0,1,personal,rented,3.1,614
CUST001126,32,business_owner,93,metro,635000.0,0,,rented,0.3,553
CUST001127,49,business_owner,95,tier2,335000.0,0,,owned,3.7,774
CUST001128,34,self_employed,76,metro,800000.0,0,,owned,2.3,601
CUST001129,33,salaried,105,tier2,1316000.0,1,home,rented,1.4,688
CUST001130,21,self_employed,3,tier2,1049000.0,1,home,owned,0.3,539
CUST001131,27,salaried,47,tier3,1140000.0,0,,rented,2.6,647
CUST001132,32,salaried,65,metro,782000.0,0,,owned,0.9,644
CUST001133,29,salaried,23,metro,777000.0,2,mortgage|auto,owned,1.3,644
CUST001134,46,business_owner,110,tier2,796000.0,0,,owned,0.2,633
CUST001135,33,business_owner,43,metro,828000.0,1,mortgage,owned,2.6,683
CUST001136,45,self_employed,176,metro,171000.0,0,,rented,0.8,769
CUST001137,35,salaried,43,metro,1254000.0,0,,owned,2.1,595
CUST001138,35,salaried,123,tier2,542000.0,0,,rented,2.6,402
CUST001139,34,salaried,112,metro,426000.0,0,,owned,2.0,791
CUST001140,35,business_owner,48,tier2,423000.0,1,mortgage,rented,12.6,620
CUST001141,48,salaried,251,tier3,400000.0,0,,owned,3.9,603
CUST001142,21,salaried,3,tier2,664000.0,1,auto,rented,3.7,630
CUST001143,21,self_employed,3,metro,1123000.0,0,,rented,0.7,535
CUST001144,30,salaried,88,metro,1784000.0,0,,owned,4.9,644
CUST001145,35,self_employed,72,metro,440000.0,0,,rented,3.6,629
CUST001146,40,salaried,144,tier2,594000.0,1,home,owned,7.0,669
CUST001147,38,self_employed,69,tier2,506000.0,0,,owned,1.0,605
CUST001148,31,salaried,87,metro,1507000.0,1,mortgage,owned,0.2,460
CUST001149,43,salaried,197,metro,675000.0,0,,owned,2.9,559
CUST001150,43,salaried,220,metro,718000.0,0,,rented,0.6,780
CUST001151,36,salaried,152,metro,1356000.0,0,,rented,0.9,604
CUST001152,42,salaried,62,tier3,860000.0,0,,rented,0.5,729
CUST001153,37,salaried,120,metro,1717000.0,1,personal,rented,4.3,615
CUST001154,30,salaried,40,metro,386000.0,0,,rented,0.9,753
CUST001155,40,self_employed,80,metro,552000.0,1,personal,rented,2.6,663
CUST001156,35,salaried,49,metro,1005000.0,0,,rented,1.1,524
CUST001157,35,self_employed,147,metro,485000.0,0,,rented,4.5,574
CUST001158,46,self_employed,224,tier2,409000.0,0,,owned,0.2,520
CUST001159,21,salaried,3,metro,1578000.0,1,mortgage,rented,1.6,762
CUST001160,23,self_employed,23,metro,1307000.0,0,,rented,1.4,566
CUST001161,25,salaried,34,tier2,926000.0,0,,owned,5.1,646
CUST001162,32,salaried,52,tier2,734000.0,1,personal,owned,15.0,647
CUST001163,32,salaried,66,metro,2093000.0,0,,rented,1.3,674
CUST001164,22,self_employed,9,tier3,384000.0,0,,rented,2.6,613
CUST001165,27,salaried,46,metro,430000.0,0,,owned,2.0,538
CUST001166,28,salaried,42,tier3,382000.0,0,,rented,0.9,521
CUST001167,54,business_owner,245,tier3,275000.0,0,,rented,5.0,535
CUST001168,49,salaried,76,tier2,1167000.0,0,,owned,1.5,416
CUST001169,31,business_owner,73,metro,436000.0,2,mortgage|personal,owned,1.9,693
CUST001170,32,self_employed,70,tier3,209000.0,1,auto,owned,0.8,725
CUST001171,25,business_owner,21,metro,405000.0,1,home,rented,0.9,558
CUST001172,21,business_owner,3,metro,765000.0,1,home,owned,0.5,772
CUST001173,34,business_owner,98,tier2,456000.0,1,personal,owned,3.4,645
CUST001174,27,salaried,34,tier2,544000.0,1,home,owned,2.0,681
CUST001175,34,self_employed,89,tier3,1115000.0,0,,rented,3.1,749
CUST001176,22,self_employed,4,tier2,564000.0,0,,rented,1.7,667
CUST001177,28,self_employed,74,tier3,309000.0,0,,rented,0.5,497
CUST001178,36,salaried,62,tier2,592000.0,0,,rented,1.1,697
CUST001179,37,business_owner,97,tier2,1140000.0,0,,rented,0.6,727
CUST001180,38,salaried,66,tier2,1504000.0,0,,owned,2.1,621
CUST001181,24,salaried,23,tier3,674000.0,0,,rented,0.2,694
CUST001182,41,salaried,116,tier3,192000.0,0,,rented,3.8,677
CUST001183,28,salaried,39,tier3,895000.0,0,,rented,2.0,544
CUST001184,40,self_employed,206,tier3,156000.0,1,mortgage,owned,0.0,671
CUST001185,34,salaried,108,tier2,1021000.0,1,home,owned,0.4,609
CUST001186,23,self_employed,16,metro,249000.0,0,,rented,0.2,688
CUST001187,32,self_employed,72,tier3,573000.0,0,,rented,12.7,601
CUST001188,37,salaried,158,metro,610000.0,0,,owned,6.9,565
CUST001189,39,self_employed,194,metro,634000.0,1,home,owned,2.6,482
CUST001190,33,salaried,94,tier2,795000.0,0,,owned,1.4,853
CUST001191,47,self_employed,273,tier2,274000.0,1,mortgage,owned,3.2,614
CUST001192,43,business_owner,260,tier2,1907000.0,1,personal,owned,2.8,553
CUST001193,32,salaried,109,metro,520000.0,1,personal,rented,5.5,709
CUST001194,41,self_employed,76,metro,476000.0,0,,owned,7.2,646
CUST001195,50,salaried,295,metro,1191000.0,3,mortgage|home|personal,owned,0.4,679
CUST001196,50,salaried,228,metro,1591000.0,1,home,owned,3.7,738
CUST001197,25,self_employed,32,metro,765000.0,2,personal|auto,owned,0.8,728
CUST001198,27,salaried,33,tier2,362000.0,0,,rented,0.3,584
CUST001199,46,self_employed,161,metro,200000.0,1,auto,owned,1.1,693
CUST001200,26,salaried,43,metro,525000.0,3,personal|auto|mortgage,rented,0.7,512
CUST001201,24,salaried,22,metro,1026000.0,1,home,owned,1.2,627
CUST001202,31,business_owner,47,tier2,640000.0,0,,owned,1.3,715
CUST001203,38,salaried,121,tier3,615000.0,0,,rented,0.1,599
CUST001204,34,salaried,45,metro,1043000.0,1,mortgage,owned,5.2,855
CUST001205,29,salaried,50,metro,1235000.0,0,,owned,1.7,681
CUST001206,29,self_employed,65,tier2,404000.0,0,,rented,4.8,492
CUST001207,29,salaried,58,metro,618000.0,0,,owned,2.6,718
CUST001208,27,salaried,21,tier3,469000.0,0,,rented,0.5,879
CUST001209,53,salaried,100,tier3,496000.0,0,,owned,0.0,453
CUST001210,37,salaried,70,tier2,748000.0,1,mortgage,owned,1.1,744
CUST001211,42,business_owner,154,tier3,453000.0,1,auto,rented,0.1,590
CUST001212,31,salaried,96,tier2,855000.0,0,,rented,0.4,675
CUST001213,33,salaried,101,tier2,401000.0,0,,owned,0.9,562
CUST001214,29,self_employed,83,metro,601000.0,1,auto,owned,2.5,756
CUST001215,21,salaried,3,metro,1417000.0,1,home,rented,1.6,626
CUST001216,23,salaried,6,metro,518000.0,0,,rented,4.8,784
CUST001217,21,salaried,3,tier2,907000.0,4,auto|home|mortgage|personal,rented,4.8,537
CUST001218,21,salaried,3,tier2,341000.0,1,auto,owned,14.1,611
CUST001219,25,self_employed,13,metro,489000.0,0,,rented,1.1,471
CUST001220,45,business_owner,197,tier2,258000.0,1,home,rented,2.2,875
CUST001221,34,business_owner,105,metro,905000.0,0,,rented,1.2,827
CUST001222,45,business_owner,148,metro,736000.0,0,,rented,4.1,851
CUST001223,38,salaried,42,metro,1472000.0,0,,owned,0.4,792
CUST001224,41,salaried,144,tier2,1084000.0,0,,owned,0.2,576
CUST001225,27,self_employed,18,tier2,598000.0,1,mortgage,owned,0.7,676
CUST001226,39,business_owner,122,tier2,470000.0,1,personal,owned,0.1,706
CUST001227,40,self_employed,214,metro,208000.0,0,,owned,4.1,688
CUST001228,30,salaried,91,tier2,904000.0,1,mortgage,rented,2.6,556
CUST001229,39,self_employed,101,tier3,803000.0,3,personal|home|auto,rented,2.6,576
CUST001230,39,self_employed,47,metro,719000.0,1,mortgage,owned,3.0,534
CUST001231,30,business_owner,66,tier2,835000.0,1,personal,rented,1.7,641
CUST001232,26,self_employed,26,metro,160000.0,1,home,owned,4.8,601
CUST001233,25,salaried,37,metro,1123000.0,2,home|auto,owned,1.5,639
CUST001234,35,salaried,111,tier2,587000.0,0,,owned,8.4,677
CUST001235,37,salaried,88,metro,810000.0,2,home|auto,rented,4.7,555
CUST001236,28,salaried,58,tier2,675000.0,1,home,rented,1.4,603
CUST001237,35,business_owner,85,tier3,250000.0,0,,rented,0.5,586
CUST001238,39,salaried,116,metro,952000.0,0,,rented,0.6,753
CUST001239,39,salaried,172,metro,858000.0,1,personal,owned,0.7,672
CUST001240,47,salaried,102,tier3,733000.0,1,home,owned,1.2,660
CUST001241,45,self_employed,144,tier2,1620000.0,1,personal,owned,0.1,595
CUST001242,26,salaried,46,tier3,526000.0,1,mortgage,rented,1.0,683
CUST001243,48,salaried,162,metro,655000.0,0,,owned,1.2,610
CUST001244,30,business_owner,52,tier2,245000.0,0,,owned,0.9,613
CUST001245,43,salaried,59,tier3,945000.0,1,home,rented,0.2,688
CUST001246,35,salaried,79,metro,1723000.0,0,,owned,1.7,621
CUST001247,31,salaried,63,tier3,677000.0,0,,owned,10.1,645
CUST001248,21,salaried,3,tier2,684000.0,0,,owned,0.5,655
CUST001249,33,self_employed,71,tier3,336000.0,0,,owned,0.6,549
CUST001250,22,business_owner,6,metro,1131000.0,0,,rented,3.1,628
CUST001251,42,salaried,155,tier2,501000.0,0,,rented,0.0,629
CUST001252,47,business_owner,302,metro,948000.0,0,,owned,0.2,645
CUST001253,28,self_employed,55,tier3,99000.0,0,,rented,1.5,442
CUST001254,37,salaried,119,metro,810000.0,0,,owned,1.0,614
CUST001255,29,salaried,70,metro,1895000.0,2,home|auto,rented,1.7,737
CUST001256,29,salaried,29,tier3,744000.0,0,,owned,5.9,719
CUST001257,41,business_owner,99,metro,831000.0,0,,owned,7.2,619
CUST001258,34,salaried,36,tier2,183000.0,0,,owned,3.3,523
CUST001259,48,salaried,138,metro,585000.0,1,mortgage,rented,1.4,664
CUST001260,31,self_employed,124,tier2,550000.0,2,home|mortgage,owned,15.0,742
CUST001261,42,business_owner,123,metro,671000.0,0,,owned,0.1,791
CUST001262,35,self_employed,137,tier2,724000.0,0,,owned,12.3,632
CUST001263,41,self_employed,64,tier2,241000.0,0,,rented,2.6,534
CUST001264,31,salaried,59,metro,702000.0,0,,owned,1.2,723
CUST001265,34,business_owner,71,metro,457000.0,1,personal,rented,5.0,687
CUST001266,34,salaried,51,metro,797000.0,4,home|auto|mortgage|personal,owned,1.7,655
CUST001267,28,salaried,37,tier2,444000.0,2,mortgage|auto,rented,5.2,572
CUST001268,40,business_owner,177,metro,801000.0,2,mortgage|home,owned,5.3,512
CUST001269,40,salaried,118,metro,708000.0,0,,owned,2.9,740
CUST001270,39,salaried,161,metro,336000.0,0,,owned,2.2,760
CUST001271,47,self_employed,302,tier2,991000.0,0,,owned,6.0,597
CUST001272,46,salaried,153,tier2,410000.0,1,mortgage,owned,0.8,833
CUST001273,32,salaried,110,tier2,1019000.0,1,home,owned,15.0,676
CUST001274,37,self_employed,52,tier3,481000.0,2,home|mortgage,rented,6.6,664
CUST001275,30,self_employed,43,tier2,900000.0,0,,rented,5.1,548
CUST001276,35,self_employed,80,tier3,378000.0,1,auto,owned,4.2,526
CUST001277,30,salaried,62,tier2,918000.0,0,,rented,6.2,608
CUST001278,47,salaried,173,metro,800000.0,2,home|auto,owned,3.6,713
CUST001279,37,self_employed,111,tier3,329000.0,0,,rented,0.6,815
CUST001280,33,salaried,112,tier3,504000.0,2,mortgage|auto,owned,3.2,661
CUST001281,44,salaried,104,tier2,499000.0,2,personal|mortgage,rented,7.0,733
CUST001282,21,salaried,3,metro,344000.0,0,,owned,1.9,580
CUST001283,21,salaried,3,metro,631000.0,2,mortgage|personal,owned,4.4,673
CUST001284,41,salaried,124,tier2,2363000.0,0,,owned,8.3,687
CUST001285,35,self_employed,67,tier2,260000.0,1,personal,rented,1.7,569
CUST001286,37,business_owner,88,tier2,349000.0,0,,owned,1.9,775
CUST001287,24,salaried,16,metro,803000.0,2,mortgage|personal,rented,1.1,642
CUST001288,34,self_employed,121,tier2,658000.0,0,,owned,2.1,754
CUST001289,51,salaried,183,metro,508000.0,0,,owned,5.7,655
CUST001290,41,salaried,71,metro,940000.0,0,,owned,0.2,650
CUST001291,36,self_employed,154,metro,1030000.0,2,mortgage|auto,owned,8.0,609
CUST001292,31,salaried,75,tier3,437000.0,2,mortgage|personal,rented,3.2,598
CUST001293,31,business_owner,112,tier2,488000.0,0,,owned,4.0,786
CUST001294,21,salaried,3,tier3,464000.0,0,,rented,1.1,599
CUST001295,37,salaried,120,tier2,599000.0,0,,owned,2.9,739
CUST001296,41,salaried,122,tier3,380000.0,0,,owned,1.3,651
CUST001297,22,salaried,7,tier2,961000.0,1,mortgage,rented,1.6,683
CUST001298,29,business_owner,52,tier3,424000.0,0,,owned,1.1,698
CUST001299,25,self_employed,17,tier3,281000.0,0,,owned,2.1,560
CUST001300,27,salaried,60,tier2,746000.0,1,auto,owned,4.3,694
CUST001301,35,salaried,112,metro,1436000.0,1,personal,owned,3.6,874
CUST001302,21,self_employed,3,tier2,886000.0,0,,rented,3.4,707
CUST001303,39,self_employed,136,metro,850000.0,0,,rented,2.1,763
CUST001304,41,salaried,158,metro,1133000.0,0,,owned,1.1,681
CUST001305,32,salaried,37,tier2,353000.0,0,,owned,0.2,725
CUST001306,21,salaried,3,tier3,187000.0,0,,rented,7.4,615
CUST001307,27,salaried,20,metro,1946000.0,1,home,rented,0.3,669
CUST001308,44,salaried,77,metro,753000.0,0,,owned,4.2,759
CUST001309,21,salaried,3,tier3,507000.0,0,,owned,0.5,648
CUST001310,32,salaried,91,metro,496000.0,1,personal,rented,0.4,751
CUST001311,25,salaried,16,metro,513000.0,1,auto,rented,2.0,539
CUST001312,41,salaried,177,tier2,480000.0,0,,owned,2.0,685
CUST001313,29,business_owner,81,tier3,604000.0,0,,rented,1.6,656
CUST001314,38,salaried,63,tier2,478000.0,1,personal,owned,2.5,875
CUST001315,39,salaried,142,tier2,489000.0,1,personal,owned,12.2,644
CUST001316,49,salaried,167,metro,676000.0,0,,owned,3.2,717
CUST001317,33,salaried,114,metro,1527000.0,0,,rented,0.2,500
CUST001318,38,business_owner,113,tier3,640000.0,0,,owned,5.3,574
CUST001319,23,salaried,10,tier3,372000.0,1,auto,owned,2.0,682
CUST001320,44,salaried,108,metro,1161000.0,0,,owned,1.7,656
CUST001321,28,business_owner,78,metro,658000.0,0,,rented,13.4,657
CUST001322,30,self_employed,37,metro,260000.0,1,mortgage,owned,0.1,625
CUST001323,34,self_employed,142,metro,355000.0,0,,rented,3.5,663
CUST001324,22,salaried,3,metro,1172000.0,0,,rented,4.4,525
CUST001325,36,salaried,111,metro,561000.0,0,,owned,0.3,672
CUST001326,42,self_employed,130,tier3,406000.0,0,,rented,0.8,635
CUST001327,37,salaried,51,metro,2670000.0,2,auto|mortgage,owned,2.7,725
CUST001328,22,self_employed,4,tier2,346000.0,0,,owned,0.5,755
CUST001329,34,self_employed,68,tier2,542000.0,0,,owned,2.9,400
CUST001330,40,salaried,159,tier3,459000.0,1,home,rented,4.6,613
CUST001331,21,salaried,3,tier3,531000.0,1,mortgage,rented,0.7,842
CUST001332,26,salaried,19,metro,404000.0,0,,rented,3.0,736
CUST001333,42,salaried,128,metro,1858000.0,0,,owned,6.7,724
CUST001334,37,self_employed,64,tier2,715000.0,2,home|mortgage,owned,0.9,634
CUST001335,38,self_employed,169,metro,425000.0,0,,owned,3.8,746
CUST001336,49,salaried,240,metro,878000.0,1,mortgage,owned,2.5,543
CUST001337,38,self_employed,206,metro,489000.0,0,,rented,2.3,604
CUST001338,40,salaried,176,tier3,528000.0,2,mortgage|home,rented,4.3,711
CUST001339,56,self_employed,181,metro,1056000.0,0,,owned,1.3,734
CUST001340,33,salaried,52,tier2,700000.0,0,,rented,2.0,674
CUST001341,28,self_employed,81,tier2,306000.0,1,personal,owned,1.4,665
CUST001342,38,self_employed,66,tier2,435000.0,2,personal|auto,rented,2.6,694
CUST001343,38,salaried,48,metro,1392000.0,0,,rented,3.3,626
CUST001344,30,salaried,43,tier3,370000.0,0,,rented,2.9,800
CUST001345,26,business_owner,44,tier2,229000.0,1,home,rented,3.1,846
CUST001346,53,salaried,250,tier2,647000.0,1,home,owned,0.7,675
CUST001347,37,self_employed,202,metro,2171000.0,1,personal,rented,3.1,549
CUST001348,29,business_owner,52,tier3,489000.0,0,,rented,0.1,658
CUST001349,42,business_owner,98,tier3,235000.0,0,,rented,6.0,687
CUST001350,34,salaried,69,metro,856000.0,1,mortgage,owned,0.0,481
CUST001351,32,self_employed,111,metro,1339000.0,0,,owned,0.9,800
CUST001352,39,business_owner,93,metro,225000.0,1,personal,owned,5.5,622
CUST001353,24,salaried,29,metro,542000.0,1,personal,rented,1.1,555
CUST001354,37,salaried,102,metro,1115000.0,0,,owned,0.1,624
CUST001355,50,salaried,246,metro,1908000.0,0,,owned,2.7,637
CUST001356,38,self_employed,184,metro,343000.0,3,personal|mortgage|auto,owned,0.2,660
CUST001357,31,salaried,61,tier3,863000.0,1,home,owned,1.4,701
CUST001358,30,salaried,73,tier3,328000.0,0,,owned,2.0,769
CUST001359,31,salaried,52,tier3,184000.0,0,,rented,1.7,751
CUST001360,32,self_employed,115,tier2,302000.0,1,mortgage,rented,0.9,595
CUST001361,31,salaried,88,tier2,719000.0,0,,owned,0.4,620
CUST001362,42,business_owner,154,metro,1186000.0,1,auto,rented,2.5,664
CUST001363,21,self_employed,3,tier2,594000.0,0,,rented,5.1,657
CUST001364,41,business_owner,235,metro,640000.0,0,,owned,4.3,724
CUST001365,31,business_owner,116,tier2,351000.0,1,personal,rented,7.8,662
CUST001366,38,salaried,122,tier3,444000.0,0,,owned,6.2,672
CUST001367,25,self_employed,47,tier3,132000.0,2,personal|mortgage,owned,2.8,761
CUST001368,45,salaried,151,metro,758000.0,1,personal,owned,2.4,618
CUST001369,44,business_owner,156,tier2,293000.0,0,,owned,1.8,716
CUST001370,42,salaried,125,metro,513000.0,1,mortgage,owned,0.3,728
CUST001371,22,self_employed,3,metro,695000.0,0,,rented,2.1,785
CUST001372,41,self_employed,170,metro,311000.0,0,,rented,0.7,674
CUST001373,38,salaried,129,metro,329000.0,0,,owned,0.2,784
CUST001374,22,self_employed,3,tier2,274000.0,2,mortgage|personal,rented,10.2,602
CUST001375,34,salaried,57,metro,799000.0,0,,rented,0.3,661
CUST001376,37,salaried,128,metro,766000.0,1,mortgage,rented,5.3,723
CUST001377,39,salaried,154,tier3,171000.0,0,,owned,7.1,564
CUST001378,36,salaried,151,tier2,1212000.0,1,mortgage,rented,0.2,594
CUST001379,37,salaried,70,metro,462000.0,0,,rented,3.0,594
CUST001380,46,business_owner,241,tier2,150000.0,2,home|mortgage,owned,0.1,674
CUST001381,44,salaried,86,tier2,370000.0,0,,owned,5.2,632
CUST001382,21,salaried,3,tier2,1046000.0,1,mortgage,rented,7.3,689
CUST001383,32,business_owner,109,tier2,821000.0,1,auto,owned,11.1,672
CUST001384,33,self_employed,78,tier3,131000.0,0,,rented,2.7,654
CUST001385,21,salaried,3,metro,642000.0,1,home,rented,2.2,693
CUST001386,35,business_owner,71,tier2,668000.0,1,personal,owned,1.8,593
CUST001387,44,salaried,93,metro,527000.0,0,,owned,3.3,577
CUST001388,26,salaried,33,tier3,523000.0,0,,rented,10.0,547
CUST001389,37,salaried,52,metro,734000.0,0,,owned,2.2,519
CUST001390,27,self_employed,35,metro,1323000.0,1,mortgage,rented,1.2,618
CUST001391,29,salaried,29,tier3,530000.0,0,,rented,11.1,728
CUST001392,46,salaried,122,tier2,449000.0,1,mortgage,owned,0.1,662
CUST001393,30,self_employed,81,metro,310000.0,0,,rented,2.6,656
CUST001394,38,salaried,56,metro,771000.0,0,,rented,2.4,618
CUST001395,21,salaried,3,metro,451000.0,1,mortgage,rented,0.0,853
CUST001396,49,self_employed,239,tier3,168000.0,0,,rented,0.3,669
CUST001397,39,self_employed,146,tier2,386000.0,1,personal,owned,2.2,628
CUST001398,33,salaried,74,metro,617000.0,1,home,owned,2.3,584
CUST001399,39,salaried,136,tier2,350000.0,0,,rented,3.6,834
CUST001400,23,business_owner,22,tier2,992000.0,1,home,owned,0.5,503
CUST001401,44,salaried,84,metro,635000.0,0,,owned,7.5,608
CUST001402,32,salaried,96,tier3,1252000.0,0,,rented,5.7,583
CUST001403,33,salaried,34,metro,924000.0,0,,rented,7.8,676
CUST001404,31,salaried,61,tier3,510000.0,2,home|personal,owned,3.8,711
CUST001405,30,business_owner,68,tier3,301000.0,0,,rented,4.4,686
CUST001406,40,salaried,74,metro,943000.0,1,auto,owned,0.0,622
CUST001407,37,salaried,49,tier2,1053000.0,1,personal,rented,4.7,554
CUST001408,40,salaried,56,tier3,685000.0,0,,owned,2.4,797
CUST001409,34,salaried,34,tier2,275000.0,0,,owned,0.6,678
CUST001410,39,salaried,123,tier2,952000.0,1,auto,rented,3.9,731
CUST001411,31,business_owner,38,metro,661000.0,2,auto|home,rented,6.9,569
CUST001412,52,self_employed,321,metro,774000.0,1,personal,rented,0.3,628
CUST001413,22,salaried,9,tier2,1290000.0,1,home,owned,0.4,785
CUST001414,45,salaried,112,metro,1883000.0,0,,owned,6.5,481
CUST001415,45,salaried,88,metro,1217000.0,2,auto|personal,owned,6.0,673
CUST001416,28,salaried,39,tier2,482000.0,2,personal|mortgage,rented,1.0,657
CUST001417,52,salaried,287,metro,504000.0,1,personal,owned,0.7,717
CUST001418,42,salaried,115,tier3,638000.0,0,,owned,0.7,829
CUST001419,42,self_employed,68,tier3,299000.0,0,,owned,0.7,611
CUST001420,35,business_owner,171,tier3,184000.0,1,home,owned,2.3,411
CUST001421,33,salaried,75,metro,1291000.0,0,,owned,0.9,556
CUST001422,33,business_owner,61,tier2,193000.0,0,,owned,7.2,681
CUST001423,38,salaried,159,tier3,207000.0,0,,rented,2.5,828
CUST001424,46,salaried,240,metro,1064000.0,1,home,owned,4.4,595
CUST001425,36,self_employed,95,tier2,1018000.0,2,home|mortgage,owned,1.3,794
CUST001426,27,salaried,28,tier2,498000.0,0,,rented,2.3,470
CUST001427,41,salaried,123,metro,512000.0,1,mortgage,rented,0.2,609
CUST001428,42,self_employed,96,metro,2593000.0,0,,owned,0.2,748
CUST001429,40,salaried,116,tier2,445000.0,0,,owned,9.8,739
CUST001430,40,business_owner,82,metro,741000.0,0,,owned,0.7,504
CUST001431,32,salaried,79,tier3,238000.0,1,personal,owned,5.5,604
CUST001432,27,self_employed,64,tier2,457000.0,1,home,owned,3.3,667
CUST001433,28,salaried,69,metro,1087000.0,0,,rented,8.7,595
CUST001434,21,salaried,3,tier2,937000.0,0,,rented,0.4,760
CUST001435,36,salaried,46,tier2,1129000.0,1,mortgage,owned,5.7,631
CUST001436,34,business_owner,55,metro,517000.0,0,,rented,0.9,525
CUST001437,31,salaried,65,tier3,547000.0,1,home,rented,8.6,721
CUST001438,21,business_owner,3,tier2,306000.0,0,,rented,0.6,726
CUST001439,25,salaried,10,tier2,347000.0,0,,owned,1.6,576
CUST001440,43,salaried,182,tier3,328000.0,1,mortgage,rented,3.9,599
CUST001441,29,salaried,41,tier2,768000.0,1,mortgage,owned,3.0,615
CUST001442,37,salaried,46,tier2,1356000.0,0,,owned,0.8,802
CUST001443,23,business_owner,14,metro,2063000.0,1,auto,owned,6.0,672
CUST001444,46,salaried,250,metro,773000.0,1,auto,owned,2.7,481
CUST001445,33,self_employed,109,tier2,443000.0,0,,rented,2.9,571
CUST001446,37,salaried,58,tier2,968000.0,2,home|mortgage,owned,0.7,719
CUST001447,53,salaried,205,tier2,893000.0,1,mortgage,owned,2.5,643
CUST001448,47,self_employed,292,tier2,334000.0,0,,rented,5.6,544
CUST001449,32,business_owner,39,tier2,245000.0,1,home,rented,2.7,595
CUST001450,30,self_employed,77,tier3,334000.0,0,,rented,2.1,743
CUST001451,32,salaried,88,tier3,419000.0,0,,rented,0.7,875
CUST001452,39,self_employed,174,metro,560000.0,0,,rented,2.7,674
CUST001453,34,self_employed,50,tier3,306000.0,0,,owned,9.4,724
CUST001454,31,salaried,94,tier3,377000.0,0,,owned,2.0,670
CUST001455,46,self_employed,133,metro,345000.0,0,,owned,3.0,699
CUST001456,34,salaried,36,metro,1264000.0,1,personal,owned,1.7,571
CUST001457,53,self_employed,119,metro,908000.0,0,,owned,1.7,760
CUST001458,35,business_owner,99,tier2,869000.0,1,mortgage,owned,0.5,638
CUST001459,49,business_owner,77,tier2,256000.0,0,,owned,2.8,581
CUST001460,37,self_employed,153,tier2,354000.0,2,mortgage|personal,rented,0.5,610
CUST001461,42,self_employed,239,tier3,202000.0,1,mortgage,owned,8.8,714
CUST001462,29,self_employed,26,metro,500000.0,0,,rented,0.6,592
CUST001463,28,salaried,61,metro,1184000.0,0,,owned,0.5,791
CUST001464,38,salaried,170,tier3,394000.0,0,,owned,4.6,712
CUST001465,42,salaried,55,tier3,222000.0,2,home|personal,owned,0.3,757
CUST001466,35,salaried,112,tier3,339000.0,1,mortgage,owned,11.4,617
CUST001467,24,business_owner,31,metro,305000.0,0,,rented,0.6,624
CUST001468,24,business_owner,32,metro,1157000.0,1,home,rented,1.0,682
CUST001469,23,salaried,12,metro,478000.0,1,personal,rented,1.2,573
CUST001470,21,salaried,3,tier2,733000.0,0,,owned,1.0,697
CUST001471,35,self_employed,124,metro,710000.0,0,,rented,2.7,712
CUST001472,44,salaried,107,tier3,410000.0,0,,owned,1.7,592
CUST001473,34,self_employed,62,tier2,386000.0,2,auto|home,owned,2.1,717
CUST001474,21,business_owner,3,tier2,344000.0,0,,rented,2.1,702
CUST001475,33,salaried,63,metro,989000.0,0,,owned,1.9,755
CUST001476,33,salaried,59,metro,1372000.0,0,,owned,1.6,827
CUST001477,51,salaried,113,tier2,1050000.0,0,,owned,5.8,725
CUST001478,23,salaried,17,tier2,339000.0,0,,rented,5.1,674
CUST001479,31,salaried,78,metro,802000.0,0,,owned,0.6,788
CUST001480,48,salaried,134,tier3,177000.0,0,,rented,0.7,684
CUST001481,38,salaried,72,metro,889000.0,0,,owned,3.4,656
CUST001482,39,salaried,61,metro,1124000.0,0,,rented,4.8,600
CUST001483,35,salaried,45,tier3,913000.0,3,auto|home|mortgage,rented,1.4,663
CUST001484,37,self_employed,131,metro,136000.0,0,,owned,2.0,670
CUST001485,41,salaried,64,metro,565000.0,1,auto,rented,0.4,587
CUST001486,28,business_owner,81,tier2,411000.0,1,auto,rented,1.3,568
CUST001487,42,salaried,96,metro,436000.0,0,,owned,1.3,570
CUST001488,24,salaried,7,metro,946000.0,2,auto|personal,rented,0.4,771
CUST001489,37,salaried,145,metro,1167000.0,0,,rented,0.6,715
CUST001490,36,self_employed,80,metro,449000.0,1,home,rented,0.6,812
CUST001491,30,salaried,45,tier2,633000.0,0,,rented,0.4,533
CUST001492,34,salaried,43,metro,513000.0,1,auto,owned,15.0,544
CUST001493,30,salaried,67,tier3,884000.0,1,auto,owned,0.9,820
CUST001494,26,business_owner,29,tier3,243000.0,1,personal,rented,1.9,613
CUST001495,32,salaried,97,metro,606000.0,1,mortgage,owned,7.3,740
CUST001496,26,salaried,36,metro,498000.0,0,,rented,2.3,559
CUST001497,37,business_owner,169,metro,660000.0,1,auto,owned,0.6,696
CUST001498,25,salaried,29,metro,1675000.0,1,personal,rented,2.7,665
CUST001499,40,salaried,161,metro,649000.0,0,,rented,0.5,551
CUST001500,25,self_employed,38,tier3,233000.0,1,auto,rented,2.1,850
CUST001501,30,salaried,54,metro,609000.0,1,home,rented,0.6,600
CUST001502,30,salaried,69,tier2,1245000.0,1,mortgage,rented,1.9,545
CUST001503,45,salaried,181,tier2,246000.0,0,,owned,1.2,571
CUST001504,37,salaried,39,tier3,799000.0,0,,rented,9.5,483
CUST001505,33,business_owner,105,metro,542000.0,1,personal,owned,9.8,625
CUST001506,38,self_employed,85,metro,1151000.0,2,auto|personal,rented,0.5,621
CUST001507,21,salaried,3,tier3,400000.0,0,,rented,1.6,769
CUST001508,34,salaried,42,metro,898000.0,2,personal|home,rented,1.1,708
CUST001509,50,self_employed,77,tier2,329000.0,1,mortgage,owned,7.0,565
CUST001510,36,self_employed,39,tier2,1049000.0,1,auto,rented,9.1,621
CUST001511,35,salaried,50,tier2,972000.0,0,,owned,1.6,874
CUST001512,39,business_owner,56,metro,310000.0,0,,rented,1.4,572
CUST001513,42,salaried,72,metro,1175000.0,0,,rented,9.1,729
CUST001514,21,self_employed,3,tier2,386000.0,0,,rented,1.1,593
CUST001515,21,salaried,3,tier2,668000.0,0,,rented,0.9,564
CUST001516,36,salaried,150,tier3,863000.0,1,home,rented,5.7,606
CUST001517,29,self_employed,85,tier2,361000.0,1,auto,owned,0.3,812
CUST001518,45,self_employed,107,tier3,496000.0,1,home,rented,2.6,547
CUST001519,32,salaried,62,tier3,574000.0,0,,rented,0.2,714
CUST001520,21,salaried,3,tier2,553000.0,1,mortgage,rented,1.9,764
CUST001521,24,self_employed,17,metro,661000.0,0,,rented,0.3,630
CUST001522,21,salaried,3,tier2,734000.0,0,,rented,3.3,769
CUST001523,33,salaried,91,tier2,355000.0,0,,owned,6.9,730
CUST001524,33,self_employed,91,tier2,393000.0,0,,rented,1.5,607
CUST001525,31,salaried,51,metro,532000.0,1,auto,owned,0.2,544
CUST001526,43,salaried,173,tier2,586000.0,0,,rented,0.4,641
CUST001527,44,salaried,107,metro,1579000.0,0,,rented,1.0,664
CUST001528,33,business_owner,122,metro,759000.0,0,,rented,0.5,646
CUST001529,21,salaried,3,tier3,241000.0,0,,rented,1.7,730
CUST001530,39,self_employed,104,tier2,380000.0,0,,rented,0.4,585
CUST001531,39,business_owner,176,tier2,947000.0,0,,owned,1.7,597
CUST001532,37,self_employed,147,tier2,557000.0,1,auto,owned,4.6,680
CUST001533,42,salaried,130,tier2,428000.0,0,,rented,13.9,700
CUST001534,25,salaried,12,metro,457000.0,1,auto,rented,1.8,773
CUST001535,51,salaried,255,tier2,635000.0,0,,rented,1.3,720
CUST001536,27,salaried,33,metro,1178000.0,2,home|auto,rented,5.1,693
CUST001537,40,business_owner,86,tier2,769000.0,0,,owned,5.5,623
CUST001538,21,self_employed,3,metro,462000.0,1,home,owned,0.0,624
CUST001539,27,salaried,34,tier3,1046000.0,1,home,owned,7.4,597
CUST001540,47,salaried,80,tier3,421000.0,0,,rented,4.5,696
CUST001541,32,business_owner,143,tier2,404000.0,0,,rented,3.2,668
CUST001542,41,salaried,86,metro,627000.0,2,home|auto,owned,5.5,688
CUST001543,36,self_employed,113,metro,1072000.0,0,,owned,1.8,661
CUST001544,34,salaried,98,tier2,773000.0,2,personal|mortgage,owned,9.4,651
CUST001545,45,self_employed,83,tier2,329000.0,0,,owned,1.0,804
CUST001546,33,self_employed,114,tier2,437000.0,0,,rented,0.1,654
CUST001547,21,salaried,3,tier3,802000.0,1,auto,rented,5.3,732
CUST001548,28,salaried,43,tier2,899000.0,0,,rented,7.4,722
CUST001549,39,self_employed,134,tier2,420000.0,1,home,owned,6.5,664
CUST001550,38,salaried,167,tier2,624000.0,0,,owned,0.1,728
CUST001551,22,salaried,9,tier2,581000.0,1,personal,rented,7.5,656
CUST001552,29,salaried,26,tier2,585000.0,0,,rented,0.4,567
CUST001553,30,salaried,47,tier3,1225000.0,0,,owned,4.7,627
CUST001554,32,self_employed,77,metro,442000.0,0,,owned,3.5,784
CUST001555,23,salaried,19,metro,480000.0,1,auto,rented,0.1,760
CUST001556,29,salaried,70,metro,730000.0,1,home,rented,0.9,653
CUST001557,29,business_owner,44,tier3,158000.0,0,,rented,1.5,740
CUST001558,41,salaried,186,tier2,1068000.0,0,,owned,0.4,699
CUST001559,41,salaried,106,metro,454000.0,0,,owned,0.0,811
CUST001560,33,self_employed,58,tier2,511000.0,2,auto|home,owned,5.5,668
CUST001561,31,business_owner,89,tier2,429000.0,1,auto,rented,0.3,650
CUST001562,36,salaried,77,tier3,721000.0,1,home,owned,4.0,608
CUST001563,28,self_employed,63,tier3,594000.0,3,auto|mortgage|home,owned,1.2,667
CUST001564,25,salaried,22,tier3,1000000.0,2,personal|mortgage,rented,3.2,408
CUST001565,27,salaried,51,tier3,546000.0,0,,rented,3.9,653
CUST001566,29,business_owner,96,metro,756000.0,2,mortgage|auto,rented,0.1,695
CUST001567,25,business_owner,21,metro,1529000.0,0,,rented,1.7,832
CUST001568,36,salaried,95,tier2,324000.0,0,,owned,2.9,673
CUST001569,40,salaried,152,tier2,278000.0,0,,owned,0.5,647
CUST001570,22,salaried,3,metro,1291000.0,1,mortgage,owned,2.1,606
CUST001571,35,salaried,120,tier2,745000.0,1,mortgage,owned,6.1,612
CUST001572,33,business_owner,103,metro,1546000.0,1,personal,rented,2.0,536
CUST001573,37,self_employed,71,metro,266000.0,1,personal,owned,0.4,632
CUST001574,34,salaried,119,metro,1579000.0,0,,owned,1.2,569
CUST001575,23,salaried,11,tier3,569000.0,0,,rented,3.4,601
CUST001576,24,salaried,11,tier2,592000.0,2,home|personal,rented,10.8,611
CUST001577,35,salaried,54,tier2,694000.0,0,,rented,1.1,684
CUST001578,43,self_employed,220,tier3,687000.0,1,auto,owned,5.0,531
CUST001579,21,salaried,3,tier3,350000.0,1,auto,rented,1.3,649
CUST001580,37,salaried,85,metro,709000.0,1,home,owned,7.2,741
CUST001581,44,self_employed,85,tier3,301000.0,1,home,rented,2.0,780
CUST001582,33,business_owner,44,metro,333000.0,0,,rented,2.9,648
CUST001583,39,salaried,135,tier2,322000.0,0,,rented,0.2,852
CUST001584,29,salaried,42,metro,1005000.0,0,,rented,4.1,743
CUST001585,34,salaried,74,tier2,888000.0,3,personal|home|mortgage,rented,6.0,685
CUST001586,22,salaried,5,tier2,902000.0,0,,rented,3.5,741
CUST001587,21,salaried,3,metro,1119000.0,1,mortgage,rented,2.0,634
CUST001588,42,self_employed,164,tier2,313000.0,1,auto,rented,0.0,560
CUST001589,27,salaried,39,tier2,993000.0,0,,rented,0.0,738
CUST001590,31,salaried,36,tier2,643000.0,2,mortgage|home,rented,11.1,727
CUST001591,23,business_owner,15,metro,274000.0,0,,owned,1.6,773
CUST001592,23,salaried,11,metro,1396000.0,0,,rented,0.7,746
CUST001593,33,self_employed,88,metro,600000.0,1,auto,rented,3.0,810
CUST001594,29,self_employed,32,tier3,197000.0,1,home,owned,5.8,549
CUST001595,38,self_employed,69,tier3,176000.0,0,,owned,6.4,648
CUST001596,38,self_employed,118,metro,2759000.0,0,,owned,9.2,654
CUST001597,37,self_employed,81,tier2,617000.0,0,,owned,3.0,785
CUST001598,36,self_employed,124,tier2,380000.0,0,,owned,1.3,688
CUST001599,47,salaried,137,tier3,335000.0,1,home,owned,1.8,785
CUST001600,26,salaried,20,metro,871000.0,0,,rented,1.4,705
CUST001601,34,salaried,97,tier2,782000.0,1,mortgage,owned,3.7,628
CUST001602,44,salaried,125,tier2,681000.0,0,,owned,1.3,741
CUST001603,45,salaried,87,metro,634000.0,1,mortgage,owned,5.0,678
CUST001604,23,salaried,17,metro,957000.0,0,,rented,0.7,715
CUST001605,32,salaried,63,metro,582000.0,0,,rented,6.4,738
CUST001606,45,salaried,228,tier2,951000.0,0,,owned,1.5,719
CUST001607,39,salaried,70,tier2,638000.0,0,,rented,1.7,743
CUST001608,36,self_employed,166,tier2,474000.0,1,home,owned,13.0,684
CUST001609,33,salaried,105,metro,1241000.0,1,home,owned,1.2,695
CUST001610,31,self_employed,37,tier3,337000.0,0,,rented,1.3,589
CUST001611,37,salaried,104,metro,688000.0,0,,owned,3.2,743
CUST001612,32,business_owner,104,tier3,721000.0,0,,owned,3.9,809
CUST001613,34,self_employed,83,metro,402000.0,0,,owned,3.4,467
CUST001614,35,salaried,76,tier3,795000.0,1,home,rented,2.0,637
CUST001615,29,business_owner,92,tier3,761000.0,0,,rented,6.9,666
CUST001616,39,salaried,141,tier3,413000.0,0,,rented,4.0,638
CUST001617,58,salaried,367,tier3,232000.0,1,home,owned,0.5,711
CUST001618,21,self_employed,3,metro,743000.0,0,,owned,0.4,652
CUST001619,37,salaried,140,tier2,723000.0,0,,owned,7.0,690
CUST001620,28,salaried,56,tier2,600000.0,1,home,rented,4.3,647
CUST001621,39,salaried,133,tier2,182000.0,0,,owned,7.1,815
CUST001622,35,salaried,130,tier3,621000.0,2,personal|mortgage,owned,0.8,609
CUST001623,41,salaried,143,metro,581000.0,1,auto,owned,1.8,586
CUST001624,44,salaried,68,tier2,873000.0,2,mortgage|personal,owned,5.9,686
CUST001625,36,salaried,104,tier3,1042000.0,0,,owned,4.1,604
CUST001626,44,self_employed,85,metro,1101000.0,0,,rented,4.2,676
CUST001627,21,salaried,3,metro,1082000.0,0,,owned,0.9,803
CUST001628,47,salaried,193,metro,856000.0,0,,rented,4.1,650
CUST001629,38,self_employed,132,tier3,531000.0,1,personal,rented,2.2,558
CUST001630,43,salaried,86,tier3,464000.0,0,,rented,15.0,642
CUST001631,25,salaried,25,metro,679000.0,0,,rented,0.6,753
CUST001632,28,self_employed,45,tier2,221000.0,0,,owned,0.9,664
CUST001633,36,business_owner,116,tier2,740000.0,0,,rented,6.8,743
CUST001634,34,salaried,92,tier2,703000.0,1,personal,rented,3.1,598
CUST001635,37,salaried,100,tier2,880000.0,0,,rented,2.9,617
CUST001636,43,self_employed,122,tier3,456000.0,0,,rented,0.8,737
CUST001637,21,business_owner,3,metro,758000.0,0,,owned,9.8,824
CUST001638,42,salaried,126,metro,581000.0,0,,rented,7.0,645
CUST001639,35,salaried,126,tier2,622000.0,0,,rented,3.5,683
CUST001640,33,salaried,112,tier2,770000.0,0,,rented,3.4,778
CUST001641,23,salaried,16,tier2,1087000.0,0,,rented,4.3,691
CUST001642,39,business_owner,94,metro,1475000.0,0,,rented,1.6,737
CUST001643,21,self_employed,3,metro,1015000.0,2,personal|mortgage,rented,0.5,563
CUST001644,40,salaried,182,tier3,362000.0,1,home,owned,1.6,680
CUST001645,23,self_employed,22,metro,583000.0,0,,rented,0.1,599
CUST001646,35,self_employed,52,tier2,470000.0,1,personal,owned,8.6,528
CUST001647,34,salaried,100,tier3,321000.0,0,,rented,3.0,600
CUST001648,44,self_employed,170,metro,155000.0,0,,owned,0.3,720
CUST001649,33,salaried,42,metro,657000.0,0,,owned,0.2,704
CUST001650,29,salaried,81,metro,1126000.0,0,,rented,1.6,724
CUST001651,30,salaried,87,tier2,647000.0,0,,rented,11.7,725
CUST001652,45,salaried,241,metro,761000.0,1,personal,owned,9.3,660
CUST001653,39,business_owner,67,tier2,272000.0,2,home|personal,rented,9.5,465
CUST001654,31,salaried,62,metro,1341000.0,0,,owned,1.0,552
CUST001655,33,salaried,112,metro,1056000.0,0,,rented,0.8,779
CUST001656,22,salaried,7,metro,915000.0,1,home,owned,7.1,604
CUST001657,38,salaried,98,metro,315000.0,1,personal,owned,3.5,648
CUST001658,21,salaried,3,metro,734000.0,1,personal,owned,6.4,685
CUST001659,41,self_employed,61,tier3,775000.0,2,home|personal,owned,7.0,505
CUST001660,36,salaried,107,metro,806000.0,0,,rented,0.3,709
CUST001661,54,salaried,300,tier2,681000.0,0,,owned,2.6,817
CUST001662,26,self_employed,14,tier2,564000.0,1,home,rented,1.4,678
CUST001663,34,salaried,47,tier2,683000.0,0,,rented,0.5,630
CUST001664,49,self_employed,223,tier2,581000.0,1,auto,owned,8.4,575
CUST001665,44,salaried,155,metro,618000.0,1,auto,rented,0.7,630
CUST001666,29,salaried,40,tier2,382000.0,1,personal,rented,0.5,703
CUST001667,36,self_employed,44,metro,678000.0,0,,owned,0.6,679
CUST001668,35,self_employed,143,tier3,221000.0,0,,rented,0.5,590
CUST001669,37,self_employed,88,metro,732000.0,1,auto,owned,8.5,745
CUST001670,29,salaried,59,tier2,727000.0,0,,rented,1.0,656
CUST001671,34,salaried,87,tier2,523000.0,0,,owned,0.7,616
CUST001672,22,self_employed,7,tier2,629000.0,1,auto,rented,0.1,692
CUST001673,36,salaried,105,metro,1142000.0,0,,owned,0.1,797
CUST001674,38,self_employed,149,tier2,900000.0,0,,owned,3.5,616
CUST001675,33,salaried,82,tier2,1837000.0,0,,rented,1.9,600
CUST001676,22,self_employed,8,tier2,143000.0,0,,rented,2.1,729
CUST001677,42,salaried,121,metro,3724000.0,0,,owned,4.5,625
CUST001678,37,salaried,92,metro,493000.0,0,,owned,1.9,704
CUST001679,29,salaried,49,metro,987000.0,0,,rented,0.8,470
CUST001680,32,salaried,65,tier3,264000.0,0,,owned,6.3,683
CUST001681,22,self_employed,7,tier2,635000.0,0,,rented,0.6,657
CUST001682,26,salaried,20,tier2,1026000.0,0,,rented,0.5,568
CUST001683,30,salaried,72,tier2,638000.0,0,,owned,2.5,570
CUST001684,44,business_owner,84,tier2,975000.0,0,,owned,8.4,654
CUST001685,29,self_employed,92,tier2,432000.0,0,,rented,0.5,558
CUST001686,40,salaried,138,tier2,255000.0,0,,owned,0.6,363
CUST001687,30,business_owner,28,tier2,942000.0,0,,rented,2.7,574
CUST001688,36,salaried,113,metro,829000.0,0,,rented,2.6,545
CUST001689,33,self_employed,69,tier3,306000.0,1,personal,rented,3.5,657
CUST001690,41,salaried,193,tier3,380000.0,1,auto,rented,6.1,573
CUST001691,30,salaried,87,tier2,682000.0,0,,rented,0.8,629
CUST001692,22,salaried,8,tier3,292000.0,0,,rented,1.5,544
CUST001693,23,salaried,13,tier3,586000.0,0,,rented,3.2,750
CUST001694,30,salaried,86,tier2,1133000.0,1,personal,owned,1.7,713
CUST001695,25,salaried,29,tier2,1518000.0,1,home,rented,3.4,627
CUST001696,38,self_employed,166,tier2,873000.0,1,personal,owned,2.4,667
CUST001697,31,salaried,36,metro,848000.0,0,,rented,2.6,731
CUST001698,53,salaried,302,metro,1009000.0,1,home,rented,0.3,685
CUST001699,21,business_owner,3,tier2,284000.0,1,mortgage,rented,2.6,667
CUST001700,36,self_employed,72,tier3,224000.0,1,mortgage,owned,1.0,490
CUST001701,25,business_owner,47,metro,957000.0,0,,rented,1.1,633
CUST001702,31,salaried,77,tier3,376000.0,2,auto|mortgage,owned,3.7,584
CUST001703,36,salaried,142,tier2,749000.0,0,,rented,0.7,774
CUST001704,21,salaried,3,tier2,379000.0,1,mortgage,rented,1.2,644
CUST001705,36,salaried,100,metro,1631000.0,2,home|auto,owned,0.8,594
CUST001706,50,salaried,230,tier2,517000.0,0,,owned,4.7,732
CUST001707,31,business_owner,25,metro,1882000.0,0,,rented,0.2,518
CUST001708,37,self_employed,162,metro,500000.0,0,,rented,0.3,647
CUST001709,43,self_employed,186,metro,619000.0,3,mortgage|personal|home,rented,6.5,452
CUST001710,33,salaried,54,metro,1533000.0,1,home,rented,0.2,590
CUST001711,30,self_employed,89,metro,475000.0,1,home,rented,0.2,638
CUST001712,21,salaried,3,tier2,312000.0,1,auto,rented,1.1,786
CUST001713,40,business_owner,181,tier2,260000.0,1,home,owned,0.5,641
CUST001714,34,salaried,119,metro,1383000.0,0,,owned,6.4,599
CUST001715,26,salaried,30,tier3,667000.0,0,,rented,2.2,667
CUST001716,36,salaried,95,tier2,431000.0,0,,owned,5.0,809
CUST001717,30,self_employed,62,tier3,290000.0,1,home,rented,1.7,495
CUST001718,30,business_owner,53,tier2,1172000.0,0,,owned,4.0,749
CUST001719,39,business_owner,214,metro,1138000.0,0,,owned,1.3,664
CUST001720,24,self_employed,17,tier3,613000.0,0,,rented,2.8,594
CUST001721,43,business_owner,158,tier3,364000.0,1,auto,rented,3.9,652
CUST001722,23,self_employed,11,tier2,331000.0,0,,rented,2.0,784
CUST001723,29,salaried,60,tier2,1574000.0,1,mortgage,rented,3.5,744
CUST001724,50,self_employed,309,tier2,349000.0,3,mortgage|auto|personal,rented,4.4,561
CUST001725,44,salaried,84,tier2,422000.0,1,home,owned,1.6,682
CUST001726,35,salaried,61,tier3,355000.0,0,,rented,1.9,717
CUST001727,27,salaried,19,tier2,1017000.0,0,,rented,1.4,728
CUST001728,30,salaried,32,metro,760000.0,0,,owned,0.1,703
CUST001729,35,business_owner,84,metro,789000.0,0,,rented,3.6,562
CUST001730,35,business_owner,150,metro,645000.0,1,auto,rented,3.6,863
CUST001731,34,salaried,86,metro,827000.0,0,,rented,4.0,719
CUST001732,34,self_employed,38,metro,1143000.0,0,,owned,1.3,840
CUST001733,33,salaried,87,tier3,813000.0,0,,owned,3.8,707
CUST001734,23,salaried,17,metro,572000.0,2,home|personal,rented,0.7,678
CUST001735,30,salaried,49,metro,906000.0,2,home|personal,rented,0.7,622
CUST001736,42,salaried,90,metro,485000.0,0,,owned,15.0,767
CUST001737,24,salaried,25,tier2,746000.0,0,,rented,0.2,789
CUST001738,33,salaried,31,tier2,567000.0,0,,owned,7.2,773
CUST001739,28,salaried,61,tier2,984000.0,2,home|personal,rented,2.9,858
CUST001740,35,salaried,121,tier3,478000.0,0,,rented,1.1,691
CUST001741,31,business_owner,117,tier3,362000.0,3,mortgage|home|auto,rented,3.3,599
CUST001742,46,salaried,77,tier3,413000.0,1,personal,rented,0.3,703
CUST001743,39,salaried,58,tier3,1032000.0,0,,rented,2.1,752
CUST001744,24,salaried,27,metro,389000.0,0,,owned,0.2,631
CUST001745,40,salaried,116,tier2,448000.0,1,home,rented,4.2,651
CUST001746,28,salaried,38,metro,912000.0,1,auto,rented,0.7,674
CUST001747,30,salaried,61,tier3,366000.0,0,,owned,1.1,724
CUST001748,37,self_employed,49,metro,1104000.0,0,,rented,2.4,667
CUST001749,31,salaried,74,metro,856000.0,0,,rented,3.8,698
CUST001750,42,self_employed,254,metro,1264000.0,3,mortgage|auto|personal,owned,3.0,712
CUST001751,28,salaried,53,tier2,683000.0,2,mortgage|home,rented,0.3,724
CUST001752,30,salaried,54,tier2,548000.0,0,,rented,0.2,610
CUST001753,29,salaried,79,metro,472000.0,0,,owned,4.5,489
CUST001754,30,salaried,69,tier2,667000.0,0,,owned,1.5,586
CUST001755,43,salaried,62,metro,395000.0,0,,owned,1.4,721
CUST001756,40,salaried,144,tier3,307000.0,0,,rented,4.4,614
CUST001757,48,salaried,77,metro,1011000.0,1,personal,owned,0.6,703
CUST001758,53,self_employed,187,metro,1318000.0,0,,owned,11.3,674
CUST001759,26,salaried,36,tier2,1870000.0,0,,rented,2.8,686
CUST001760,35,salaried,57,tier2,499000.0,1,home,owned,0.5,674
CUST001761,25,self_employed,11,tier3,321000.0,0,,owned,2.3,762
CUST001762,28,salaried,50,tier2,803000.0,1,mortgage,rented,0.5,653
CUST001763,29,self_employed,46,tier3,955000.0,0,,owned,7.6,561
CUST001764,26,business_owner,36,metro,1631000.0,1,mortgage,rented,1.1,682
CUST001765,26,business_owner,23,metro,263000.0,0,,rented,9.3,744
CUST001766,33,salaried,93,tier3,411000.0,1,auto,owned,0.3,452
CUST001767,25,salaried,37,metro,1360000.0,0,,rented,0.4,589
CUST001768,41,self_employed,69,tier3,771000.0,0,,owned,0.2,657
CUST001769,27,self_employed,64,metro,1053000.0,0,,owned,0.1,636
CUST001770,57,self_employed,135,tier2,475000.0,0,,owned,8.4,692
CUST001771,31,salaried,49,metro,1107000.0,0,,rented,10.6,623
CUST001772,35,salaried,72,tier2,969000.0,0,,owned,4.6,714
CUST001773,24,salaried,12,tier3,292000.0,1,auto,owned,2.7,684
CUST001774,48,salaried,80,metro,1644000.0,1,auto,rented,1.6,468
CUST001775,43,salaried,184,metro,1434000.0,0,,owned,1.5,745
CUST001776,37,business_owner,146,metro,421000.0,0,,rented,5.0,751
CUST001777,24,salaried,30,metro,1317000.0,0,,rented,4.5,651
CUST001778,36,self_employed,186,metro,1001000.0,0,,owned,0.3,514
CUST001779,26,business_owner,35,tier3,444000.0,0,,rented,2.4,761
CUST001780,46,salaried,86,metro,1701000.0,1,mortgage,rented,0.7,513
CUST001781,41,salaried,49,tier2,636000.0,0,,owned,4.2,647
CUST001782,35,self_employed,112,tier2,258000.0,1,mortgage,owned,0.3,628
CUST001783,21,salaried,3,metro,243000.0,2,mortgage|home,owned,1.6,525
CUST001784,27,salaried,26,metro,1408000.0,0,,rented,2.1,680
CUST001785,40,self_employed,85,tier2,943000.0,3,home|personal|mortgage,owned,2.9,673
CUST001786,44,self_employed,140,tier2,857000.0,1,mortgage,rented,0.4,690
CUST001787,43,self_employed,235,tier3,271000.0,0,,owned,0.2,636
CUST001788,22,business_owner,7,tier2,334000.0,0,,rented,1.6,587
CUST001789,37,salaried,128,tier2,956000.0,1,mortgage,owned,0.2,812
CUST001790,43,self_employed,157,tier3,336000.0,1,auto,owned,0.5,696
CUST001791,21,self_employed,3,tier3,1146000.0,1,home,rented,6.7,520
CUST001792,34,self_employed,86,tier3,491000.0,2,personal|mortgage,rented,2.9,694
CUST001793,37,self_employed,170,metro,219000.0,1,home,rented,0.7,662
CUST001794,32,self_employed,94,tier3,477000.0,0,,rented,2.6,685
CUST001795,21,business_owner,3,tier3,158000.0,0,,rented,0.0,677
CUST001796,32,salaried,49,tier3,211000.0,2,mortgage|personal,rented,2.7,623
CUST001797,32,self_employed,44,tier2,558000.0,0,,rented,0.3,531
CUST001798,33,salaried,28,tier3,435000.0,0,,rented,2.9,632
CUST001799,30,salaried,29,tier2,1130000.0,0,,owned,2.9,530
CUST001800,31,self_employed,39,tier2,733000.0,1,auto,rented,7.6,707
CUST001801,34,self_employed,109,tier2,307000.0,0,,rented,1.4,535
CUST001802,38,salaried,149,tier2,825000.0,2,auto|personal,owned,1.1,648
CUST001803,32,salaried,89,tier3,744000.0,0,,owned,2.5,745
CUST001804,31,salaried,80,metro,561000.0,0,,rented,4.4,633
CUST001805,35,salaried,142,metro,956000.0,0,,owned,1.0,649
CUST001806,21,salaried,3,metro,751000.0,0,,rented,2.4,694
CUST001807,38,business_owner,81,tier2,884000.0,0,,owned,6.6,726
CUST001808,34,salaried,45,tier2,716000.0,0,,owned,4.3,723
CUST001809,35,business_owner,60,tier3,305000.0,1,mortgage,owned,4.1,705
CUST001810,42,salaried,197,tier3,400000.0,1,home,rented,0.9,712
CUST001811,21,self_employed,3,tier2,454000.0,1,home,rented,0.3,503
CUST001812,21,salaried,3,metro,377000.0,1,mortgage,rented,0.8,701
CUST001813,37,self_employed,112,tier2,298000.0,1,personal,owned,2.3,829
CUST001814,34,self_employed,98,tier3,742000.0,0,,owned,2.6,738
CUST001815,36,self_employed,131,tier2,701000.0,0,,rented,0.8,767
CUST001816,31,business_owner,86,tier3,1312000.0,0,,rented,1.8,619
CUST001817,40,salaried,130,tier3,691000.0,1,auto,rented,0.8,673
CUST001818,42,salaried,189,metro,972000.0,0,,rented,0.9,730
CUST001819,38,salaried,52,tier2,508000.0,1,auto,rented,6.4,719
CUST001820,32,self_employed,118,tier2,259000.0,0,,owned,6.4,751
CUST001821,21,salaried,3,tier2,823000.0,1,auto,rented,0.3,577
CUST001822,41,salaried,82,metro,942000.0,0,,rented,0.3,583
CUST001823,44,salaried,230,metro,618000.0,0,,owned,1.6,563
CUST001824,40,salaried,184,metro,442000.0,1,auto,owned,1.9,653
CUST001825,27,self_employed,67,tier2,477000.0,0,,rented,6.7,663
CUST001826,40,self_employed,233,metro,209000.0,0,,rented,1.8,637
CUST001827,41,self_employed,125,tier2,275000.0,1,mortgage,owned,1.6,593
CUST001828,47,self_employed,120,tier2,198000.0,2,home|personal,owned,2.3,554
CUST001829,27,business_owner,28,tier2,315000.0,1,auto,owned,0.5,680
CUST001830,33,salaried,110,tier3,768000.0,1,mortgage,owned,6.4,779
CUST001831,40,business_owner,184,tier2,325000.0,0,,owned,3.6,771
CUST001832,35,salaried,140,metro,1989000.0,1,auto,rented,7.3,821
CUST001833,26,self_employed,47,tier3,951000.0,2,personal|home,owned,2.8,637
CUST001834,38,self_employed,128,tier3,661000.0,1,home,rented,1.6,523
CUST001835,39,salaried,63,tier2,581000.0,1,mortgage,owned,3.2,734
CUST001836,35,salaried,51,tier3,396000.0,1,auto,owned,3.2,794
CUST001837,36,salaried,91,metro,1134000.0,0,,owned,0.8,717
CUST001838,32,salaried,92,tier3,440000.0,0,,rented,2.5,652
CUST001839,46,business_owner,114,metro,620000.0,0,,rented,4.1,598
CUST001840,27,salaried,57,tier2,796000.0,0,,owned,1.9,709
CUST001841,30,salaried,69,metro,790000.0,0,,rented,0.7,631
CUST001842,35,salaried,67,tier3,852000.0,0,,owned,0.9,680
CUST001843,42,salaried,195,metro,780000.0,0,,owned,2.0,530
CUST001844,23,salaried,14,metro,874000.0,1,home,owned,0.5,590
CUST001845,24,salaried,24,metro,522000.0,0,,owned,1.3,646
CUST001846,21,salaried,3,tier2,528000.0,2,mortgage|auto,rented,0.1,748
CUST001847,35,salaried,76,metro,2274000.0,0,,rented,0.8,761
CUST001848,26,salaried,12,tier2,423000.0,0,,rented,3.5,619
CUST001849,31,salaried,65,metro,1088000.0,0,,rented,3.2,515
CUST001850,40,self_employed,178,tier3,326000.0,1,home,rented,2.6,800
CUST001851,29,salaried,79,metro,333000.0,0,,owned,6.5,791
CUST001852,36,salaried,140,tier3,567000.0,0,,owned,3.6,691
CUST001853,32,business_owner,35,metro,732000.0,0,,owned,0.6,641
CUST001854,40,salaried,190,metro,1000000.0,0,,owned,2.7,652
CUST001855,38,salaried,60,metro,1360000.0,0,,owned,1.7,738
CUST001856,29,self_employed,22,metro,1068000.0,0,,owned,3.5,728
CUST001857,33,salaried,98,tier2,683000.0,0,,rented,1.7,616
CUST001858,43,self_employed,209,metro,309000.0,0,,owned,5.3,853
CUST001859,38,self_employed,178,tier3,398000.0,0,,owned,2.9,542
CUST001860,23,business_owner,20,tier2,554000.0,1,auto,rented,0.6,550
CUST001861,40,business_owner,85,metro,359000.0,0,,owned,3.8,577
CUST001862,26,salaried,18,tier2,897000.0,1,personal,owned,4.9,689
CUST001863,46,self_employed,88,metro,946000.0,0,,owned,13.8,756
CUST001864,43,salaried,152,metro,1728000.0,0,,rented,4.3,704
CUST001865,37,self_employed,103,metro,1533000.0,1,auto,rented,4.2,641
CUST001866,36,salaried,48,metro,1204000.0,0,,rented,3.3,560
CUST001867,33,salaried,72,metro,1138000.0,0,,owned,1.4,765
CUST001868,40,salaried,129,tier3,782000.0,1,home,rented,6.5,527
CUST001869,32,salaried,88,tier2,383000.0,1,mortgage,rented,4.9,618
CUST001870,36,salaried,84,tier3,219000.0,0,,rented,2.5,673
CUST001871,41,salaried,97,metro,665000.0,1,auto,owned,1.9,607
CUST001872,30,business_owner,82,tier3,306000.0,0,,rented,3.8,605
CUST001873,30,salaried,69,metro,542000.0,2,mortgage|auto,rented,1.3,759
CUST001874,25,self_employed,23,metro,374000.0,1,auto,rented,5.2,760
CUST001875,26,self_employed,14,tier3,780000.0,1,auto,rented,7.0,648
CUST001876,21,self_employed,3,metro,620000.0,1,personal,rented,2.2,519
CUST001877,40,salaried,157,tier2,328000.0,0,,rented,1.9,705
CUST001878,49,business_owner,128,tier3,604000.0,0,,rented,2.4,567
CUST001879,46,self_employed,191,tier2,362000.0,1,mortgage,owned,3.4,687
CUST001880,21,self_employed,3,tier2,1258000.0,0,,owned,2.6,681
CUST001881,40,business_owner,70,metro,835000.0,0,,owned,0.7,410
CUST001882,46,salaried,97,metro,656000.0,1,personal,owned,0.5,594
CUST001883,31,salaried,98,tier3,1051000.0,1,home,rented,0.9,710
CUST001884,35,business_owner,107,metro,497000.0,1,personal,owned,1.9,671
CUST001885,21,salaried,3,metro,422000.0,0,,rented,1.3,581
CUST001886,37,self_employed,165,metro,293000.0,1,mortgage,owned,3.8,714
CUST001887,26,salaried,30,tier3,965000.0,0,,owned,0.4,530
CUST001888,36,salaried,110,tier3,304000.0,1,home,owned,5.4,701
CUST001889,22,salaried,4,tier2,637000.0,1,auto,owned,1.1,631
CUST001890,39,salaried,51,tier3,252000.0,2,home|auto,rented,1.9,719
CUST001891,43,business_owner,92,metro,231000.0,0,,owned,0.5,659
CUST001892,28,salaried,69,tier3,304000.0,1,auto,rented,1.2,698
CUST001893,25,self_employed,30,metro,452000.0,0,,owned,1.2,802
CUST001894,21,salaried,3,metro,649000.0,1,mortgage,rented,3.1,742
CUST001895,32,business_owner,32,metro,917000.0,2,personal|home,owned,12.4,690
CUST001896,30,salaried,75,tier3,487000.0,0,,owned,0.8,732
CUST001897,22,salaried,6,tier3,719000.0,1,auto,rented,0.3,475
CUST001898,38,salaried,129,tier2,1062000.0,1,mortgage,owned,3.0,662
CUST001899,31,salaried,51,metro,549000.0,0,,rented,2.9,679
CUST001900,26,business_owner,36,metro,440000.0,0,,rented,1.6,729
CUST001901,30,business_owner,24,tier2,750000.0,0,,rented,0.4,647
CUST001902,43,salaried,60,metro,616000.0,0,,owned,2.1,719
CUST001903,39,salaried,155,metro,1162000.0,0,,owned,4.2,568
CUST001904,33,salaried,40,tier2,1335000.0,0,,rented,6.0,859
CUST001905,39,salaried,45,tier2,317000.0,0,,owned,0.2,705
CUST001906,25,salaried,38,tier3,375000.0,0,,rented,1.0,572
CUST001907,35,salaried,62,tier2,566000.0,0,,rented,2.9,801
CUST001908,36,self_employed,128,metro,1075000.0,0,,owned,5.6,579
CUST001909,31,business_owner,103,tier2,394000.0,0,,owned,0.5,680
CUST001910,38,salaried,139,metro,695000.0,1,mortgage,owned,3.3,690
CUST001911,28,salaried,19,tier2,556000.0,0,,owned,0.1,618
CUST001912,39,salaried,121,tier3,509000.0,2,home|mortgage,rented,1.1,669
CUST001913,39,salaried,119,metro,1435000.0,3,home|personal|auto,rented,0.1,685
CUST001914,21,salaried,3,metro,857000.0,2,personal|auto,rented,5.2,583
CUST001915,44,self_employed,218,tier3,429000.0,1,mortgage,owned,0.1,704
CUST001916,21,salaried,3,tier2,462000.0,2,auto|mortgage,rented,3.7,655
CUST001917,30,self_employed,40,tier2,279000.0,0,,rented,0.4,829
CUST001918,43,business_owner,88,tier2,331000.0,2,auto|home,rented,2.7,813
CUST001919,32,business_owner,114,tier2,292000.0,1,personal,rented,2.3,614
CUST001920,23,self_employed,13,metro,614000.0,1,home,owned,3.1,667
CUST001921,26,salaried,43,tier3,916000.0,0,,rented,0.1,592
CUST001922,43,salaried,77,tier3,507000.0,0,,owned,0.3,657
CUST001923,21,salaried,3,metro,1126000.0,1,mortgage,rented,1.9,757
CUST001924,44,business_owner,226,metro,1579000.0,1,personal,rented,3.1,645
CUST001925,34,business_owner,135,tier2,250000.0,1,home,rented,2.4,585
CUST001926,25,salaried,12,tier2,566000.0,0,,rented,5.0,709
CUST001927,30,salaried,82,metro,3153000.0,1,mortgage,rented,1.5,480
CUST001928,26,salaried,27,tier2,900000.0,1,personal,owned,4.9,595
CUST001929,41,salaried,50,tier2,789000.0,2,personal|mortgage,rented,0.2,803
CUST001930,40,business_owner,150,tier2,1246000.0,0,,rented,3.0,807
CUST001931,21,salaried,3,metro,469000.0,1,auto,rented,1.9,747
CUST001932,31,salaried,78,metro,658000.0,1,mortgage,rented,1.3,544
CUST001933,28,salaried,32,tier2,437000.0,0,,rented,0.9,568
CUST001934,45,salaried,147,tier3,581000.0,1,mortgage,owned,5.0,635
CUST001935,24,salaried,11,tier2,538000.0,0,,owned,1.4,681
CUST001936,47,business_owner,296,metro,997000.0,0,,owned,2.0,614
CUST001937,34,salaried,125,tier3,356000.0,1,auto,owned,15.0,528
CUST001938,25,salaried,22,metro,423000.0,1,mortgage,rented,7.6,713
CUST001939,29,salaried,47,tier2,963000.0,0,,rented,4.0,748
CUST001940,28,salaried,70,metro,393000.0,0,,owned,0.2,601
CUST001941,24,salaried,10,tier2,445000.0,0,,rented,4.0,744
CUST001942,35,salaried,121,tier2,326000.0,0,,owned,1.7,764
CUST001943,25,salaried,27,tier3,305000.0,0,,rented,5.7,465
CUST001944,21,salaried,3,metro,909000.0,0,,rented,0.3,737
CUST001945,31,self_employed,53,tier2,377000.0,0,,owned,2.7,674
CUST001946,21,self_employed,3,metro,285000.0,1,mortgage,owned,1.4,428
CUST001947,28,business_owner,43,tier3,264000.0,0,,rented,2.4,746
CUST001948,27,salaried,15,metro,377000.0,0,,owned,1.5,662
CUST001949,28,self_employed,27,tier2,377000.0,2,home|personal,rented,0.6,511
CUST001950,51,self_employed,342,tier2,823000.0,0,,owned,2.2,690
CUST001951,35,salaried,60,metro,1160000.0,1,home,owned,3.6,696
CUST001952,36,salaried,38,metro,317000.0,1,mortgage,rented,0.8,728
CUST001953,21,salaried,3,metro,1081000.0,2,home|auto,rented,1.0,480
CUST001954,29,self_employed,54,tier2,364000.0,0,,rented,1.2,652
CUST001955,36,salaried,100,tier3,259000.0,1,home,rented,5.9,566
CUST001956,26,salaried,14,tier2,671000.0,0,,rented,0.3,590
CUST001957,42,business_owner,212,tier3,816000.0,0,,owned,1.0,502
CUST001958,25,salaried,35,metro,839000.0,1,mortgage,rented,3.7,579
CUST001959,32,business_owner,55,metro,186000.0,0,,rented,0.1,768
CUST001960,30,self_employed,94,tier3,425000.0,2,auto|mortgage,owned,1.3,784
CUST001961,36,self_employed,81,tier3,339000.0,2,auto|personal,owned,2.3,742
CUST001962,29,self_employed,56,metro,905000.0,2,home|mortgage,rented,0.3,787
CUST001963,32,salaried,106,tier2,1015000.0,0,,owned,1.4,486
CUST001964,33,self_employed,126,tier3,831000.0,0,,rented,6.3,649
CUST001965,29,self_employed,48,tier3,376000.0,0,,rented,6.1,676
CUST001966,38,self_employed,116,tier2,673000.0,0,,rented,3.9,645
CUST001967,36,salaried,69,metro,545000.0,0,,rented,2.4,512
CUST001968,34,salaried,83,metro,1881000.0,0,,rented,2.0,759
CUST001969,31,salaried,77,tier2,369000.0,0,,owned,2.3,710
CUST001970,41,salaried,62,tier2,242000.0,0,,owned,2.3,599
CUST001971,33,salaried,114,metro,1581000.0,1,mortgage,rented,0.5,756
CUST001972,32,self_employed,109,metro,518000.0,1,mortgage,owned,14.0,691
CUST001973,35,self_employed,49,metro,448000.0,1,auto,rented,4.5,737
CUST001974,48,self_employed,306,tier2,424000.0,0,,rented,0.2,547
CUST001975,24,salaried,24,metro,2668000.0,1,personal,rented,4.8,701
CUST001976,41,salaried,96,metro,1915000.0,1,personal,owned,2.4,677
CUST001977,21,salaried,3,metro,1759000.0,0,,owned,1.1,634
CUST001978,36,salaried,136,tier3,497000.0,0,,owned,0.5,439
CUST001979,47,salaried,258,tier2,981000.0,1,mortgage,owned,0.6,695
CUST001980,38,salaried,78,metro,849000.0,0,,rented,4.6,676
CUST001981,36,salaried,112,tier2,990000.0,1,personal,owned,2.4,594
CUST001982,30,salaried,81,tier2,531000.0,0,,rented,3.0,681
CUST001983,35,salaried,141,tier2,1238000.0,0,,rented,2.6,627
CUST001984,32,salaried,32,tier2,503000.0,1,auto,owned,1.1,716
CUST001985,28,salaried,44,tier2,534000.0,0,,owned,0.7,621
CUST001986,32,self_employed,117,tier2,280000.0,0,,owned,9.1,451
CUST001987,36,salaried,36,metro,1035000.0,1,auto,rented,2.0,528
CUST001988,28,salaried,40,metro,700000.0,0,,rented,0.5,716
CUST001989,28,salaried,48,metro,1081000.0,1,auto,rented,3.3,581
CUST001990,24,business_owner,22,tier2,320000.0,2,auto|home,rented,5.0,558
CUST001991,38,salaried,137,tier2,948000.0,1,personal,owned,0.5,730
CUST001992,39,self_employed,53,tier2,1402000.0,1,home,owned,0.4,487
CUST001993,36,salaried,127,metro,883000.0,0,,owned,0.0,460
CUST001994,42,self_employed,116,tier2,587000.0,0,,rented,0.1,751
CUST001995,35,business_owner,132,metro,503000.0,0,,owned,2.0,687
CUST001996,38,salaried,96,metro,2183000.0,0,,rented,6.4,475
CUST001997,37,self_employed,55,tier2,721000.0,0,,owned,4.7,640
CUST001998,34,salaried,128,metro,423000.0,0,,owned,2.0,670
CUST001999,30,self_employed,89,metro,760000.0,1,home,rented,3.0,530
CUST002000,52,salaried,158,metro,637000.0,0,,owned,11.7,474
CUST002001,31,salaried,45,tier2,388000.0,0,,rented,7.5,503
CUST002002,29,business_owner,70,metro,113000.0,1,mortgage,owned,4.0,756
CUST002003,38,business_owner,176,tier3,290000.0,0,,owned,2.1,773
CUST002004,37,salaried,74,tier3,206000.0,1,home,rented,2.9,747
CUST002005,23,business_owner,20,tier3,894000.0,0,,rented,0.3,765
CUST002006,43,salaried,109,metro,2392000.0,0,,owned,0.8,795
CUST002007,34,salaried,102,tier2,415000.0,2,personal|home,owned,3.7,543
CUST002008,26,business_owner,31,metro,831000.0,0,,rented,1.4,745
CUST002009,44,salaried,70,tier3,391000.0,0,,owned,0.0,665
CUST002010,40,salaried,184,tier2,845000.0,0,,owned,0.0,850
CUST002011,24,self_employed,12,metro,258000.0,0,,rented,3.4,900
CUST002012,49,salaried,273,metro,879000.0,2,mortgage|auto,owned,5.3,662
CUST002013,40,salaried,60,tier3,821000.0,1,auto,owned,0.2,627
CUST002014,34,salaried,58,tier3,506000.0,0,,owned,1.9,620
CUST002015,47,self_employed,256,tier2,121000.0,0,,owned,1.5,686
CUST002016,36,salaried,113,tier2,1116000.0,1,home,rented,1.0,700
CUST002017,34,salaried,50,tier3,257000.0,0,,owned,6.9,875
CUST002018,29,self_employed,68,tier3,381000.0,0,,owned,11.7,667
CUST002019,39,salaried,68,tier3,629000.0,1,auto,owned,0.0,616
CUST002020,38,salaried,156,metro,976000.0,2,personal|mortgage,owned,0.3,681
CUST002021,35,self_employed,49,tier2,1695000.0,0,,owned,0.8,605
CUST002022,28,self_employed,58,tier3,450000.0,0,,owned,2.4,503
CUST002023,36,salaried,43,metro,806000.0,0,,owned,0.1,666
CUST002024,34,business_owner,129,metro,795000.0,2,auto|mortgage,rented,0.3,890
CUST002025,24,self_employed,31,metro,663000.0,0,,rented,3.2,759
CUST002026,23,salaried,17,tier2,682000.0,0,,owned,1.5,611
CUST002027,39,self_employed,95,tier3,400000.0,0,,owned,2.1,686
CUST002028,21,self_employed,3,metro,249000.0,0,,owned,4.8,900
CUST002029,36,self_employed,61,tier2,301000.0,1,home,owned,4.9,672
CUST002030,31,salaried,92,metro,674000.0,0,,owned,11.6,599
CUST002031,45,self_employed,91,tier3,69000.0,0,,owned,2.8,661
CUST002032,31,business_owner,79,tier3,859000.0,1,mortgage,owned,2.0,737
CUST002033,40,salaried,100,tier2,466000.0,1,personal,owned,3.1,692
CUST002034,31,self_employed,111,tier2,824000.0,1,personal,rented,2.3,785
CUST002035,35,self_employed,95,metro,687000.0,1,personal,owned,1.4,688
CUST002036,40,business_owner,126,tier3,218000.0,0,,owned,1.1,444
CUST002037,31,business_owner,102,tier2,265000.0,1,auto,rented,5.4,722
CUST002038,42,salaried,209,metro,1239000.0,0,,rented,4.0,716
CUST002039,27,salaried,41,tier3,742000.0,0,,rented,1.9,685
CUST002040,37,salaried,137,metro,820000.0,1,auto,owned,0.9,603
CUST002041,42,salaried,154,tier2,526000.0,1,auto,owned,0.4,859
CUST002042,40,salaried,108,metro,412000.0,0,,rented,1.0,557
CUST002043,50,self_employed,100,tier2,718000.0,1,mortgage,owned,0.1,591
CUST002044,28,business_owner,60,metro,331000.0,0,,rented,1.4,659
CUST002045,23,salaried,15,metro,537000.0,2,mortgage|personal,rented,0.0,799
CUST002046,27,self_employed,23,tier2,501000.0,0,,owned,3.8,778
CUST002047,40,salaried,79,tier3,407000.0,1,mortgage,owned,0.8,712
CUST002048,38,salaried,137,metro,473000.0,1,personal,owned,0.4,760
CUST002049,35,salaried,49,tier2,332000.0,0,,owned,2.9,537
CUST002050,26,salaried,38,tier2,741000.0,0,,rented,3.2,527
CUST002051,41,salaried,160,tier3,357000.0,0,,owned,3.0,646
CUST002052,25,self_employed,26,metro,868000.0,0,,owned,2.3,759
CUST002053,44,self_employed,102,tier2,231000.0,0,,owned,4.4,737
CUST002054,57,salaried,191,tier3,675000.0,1,mortgage,owned,3.6,576
CUST002055,37,salaried,83,metro,591000.0,0,,owned,5.8,592
CUST002056,39,salaried,128,tier2,677000.0,0,,owned,3.5,760
CUST002057,31,business_owner,85,tier3,367000.0,0,,rented,7.3,672
CUST002058,21,business_owner,3,metro,393000.0,1,auto,rented,5.9,493
CUST002059,30,salaried,23,metro,1475000.0,0,,rented,0.0,578
CUST002060,26,salaried,40,metro,391000.0,1,home,rented,1.1,698
CUST002061,23,salaried,9,tier3,348000.0,1,mortgage,rented,2.8,548
CUST002062,48,self_employed,294,tier3,75000.0,0,,rented,0.3,591
CUST002063,37,salaried,47,tier2,426000.0,0,,rented,0.5,594
CUST002064,38,salaried,113,tier2,596000.0,0,,owned,4.5,733
CUST002065,32,salaried,73,metro,1321000.0,3,mortgage|personal|home,rented,0.5,629
CUST002066,33,salaried,59,metro,822000.0,1,auto,rented,2.9,830
CUST002067,42,salaried,209,metro,629000.0,1,personal,owned,3.9,641
CUST002068,34,salaried,42,metro,479000.0,3,home|auto|personal,rented,5.9,661
CUST002069,39,self_employed,74,metro,366000.0,1,personal,rented,0.5,660
CUST002070,33,salaried,89,tier2,667000.0,0,,owned,7.7,623
CUST002071,32,salaried,70,metro,1301000.0,1,mortgage,owned,0.2,486
CUST002072,23,salaried,8,metro,709000.0,0,,rented,4.7,598
CUST002073,21,salaried,3,metro,1494000.0,0,,rented,0.4,612
CUST002074,32,self_employed,39,metro,438000.0,0,,rented,3.8,668
CUST002075,35,business_owner,163,metro,781000.0,2,auto|mortgage,owned,0.7,601
CUST002076,24,salaried,20,metro,723000.0,0,,rented,4.1,720
CUST002077,34,business_owner,58,metro,1144000.0,0,,rented,2.1,648
CUST002078,35,self_employed,78,tier2,426000.0,0,,rented,2.2,509
CUST002079,21,self_employed,3,tier3,170000.0,0,,rented,5.8,623
CUST002080,27,salaried,55,tier3,701000.0,0,,rented,3.3,571
CUST002081,38,salaried,49,tier3,1108000.0,0,,owned,3.0,852
CUST002082,38,salaried,127,tier2,528000.0,0,,owned,11.1,684
CUST002083,25,business_owner,16,tier3,151000.0,0,,owned,4.6,740
CUST002084,36,self_employed,62,tier2,431000.0,1,auto,owned,5.5,646
CUST002085,43,salaried,201,tier2,1435000.0,0,,owned,4.2,845
CUST002086,41,salaried,187,tier2,912000.0,1,home,rented,0.4,541
CUST002087,34,salaried,39,metro,430000.0,1,personal,owned,3.3,608
CUST002088,31,salaried,92,metro,1167000.0,0,,rented,1.1,755
CUST002089,29,self_employed,79,metro,716000.0,0,,owned,1.5,583
CUST002090,38,salaried,143,tier3,303000.0,2,personal|mortgage,owned,5.3,587
CUST002091,36,self_employed,161,metro,1451000.0,1,personal,owned,7.9,629
CUST002092,40,self_employed,127,tier2,576000.0,1,mortgage,owned,0.1,803
CUST002093,36,self_employed,181,tier3,751000.0,1,personal,rented,0.0,839
CUST002094,41,self_employed,82,tier2,212000.0,1,home,owned,0.8,716
CUST002095,35,salaried,88,metro,1140000.0,1,home,owned,3.1,672
CUST002096,41,self_employed,120,tier2,482000.0,0,,owned,0.5,725
CUST002097,41,self_employed,196,metro,755000.0,0,,rented,12.2,690
CUST002098,28,salaried,21,tier3,908000.0,0,,owned,0.8,695
CUST002099,21,salaried,3,tier2,339000.0,0,,rented,1.2,589
CUST002100,47,salaried,219,tier2,329000.0,0,,owned,12.9,624
CUST002101,37,salaried,77,tier2,965000.0,0,,owned,1.6,724
CUST002102,21,salaried,3,tier2,680000.0,0,,rented,2.2,692
CUST002103,29,salaried,35,tier2,1058000.0,0,,rented,12.1,812
CUST002104,41,self_employed,173,metro,274000.0,0,,rented,1.2,606
CUST002105,32,salaried,51,metro,942000.0,0,,owned,9.2,571
CUST002106,30,salaried,49,metro,1183000.0,0,,owned,1.6,548
CUST002107,46,salaried,166,tier2,690000.0,1,mortgage,owned,6.3,585
CUST002108,26,salaried,48,tier3,204000.0,0,,rented,0.4,550
CUST002109,28,business_owner,76,tier2,771000.0,0,,rented,0.6,783
CUST002110,36,salaried,57,tier2,700000.0,1,auto,owned,8.5,616
CUST002111,38,salaried,157,tier3,249000.0,0,,owned,1.8,585
CUST002112,38,salaried,152,metro,928000.0,0,,owned,0.1,698
CUST002113,42,salaried,172,metro,1120000.0,1,mortgage,rented,0.7,855
CUST002114,36,self_employed,112,tier3,254000.0,0,,owned,2.0,641
CUST002115,38,self_employed,54,tier3,307000.0,0,,owned,0.3,577
CUST002116,32,salaried,87,tier2,566000.0,0,,rented,2.0,644
CUST002117,35,self_employed,93,metro,417000.0,0,,owned,1.1,487
CUST002118,35,salaried,67,tier3,597000.0,1,mortgage,rented,2.0,701
CUST002119,36,self_employed,38,tier3,312000.0,2,auto|personal,owned,6.6,706
CUST002120,41,salaried,84,tier2,1121000.0,0,,rented,0.6,640
CUST002121,39,salaried,128,metro,623000.0,0,,owned,1.1,579
CUST002122,35,self_employed,48,tier2,651000.0,1,auto,owned,2.0,871
CUST002123,28,self_employed,56,tier3,222000.0,0,,rented,1.2,544
CUST002124,35,salaried,123,tier3,293000.0,0,,rented,0.4,562
CUST002125,34,business_owner,68,tier2,330000.0,0,,owned,2.6,658
CUST002126,36,business_owner,46,tier2,820000.0,0,,rented,3.2,732
CUST002127,52,salaried,108,tier2,463000.0,0,,owned,8.6,666
CUST002128,30,self_employed,59,tier2,505000.0,3,personal|mortgage|auto,rented,2.3,658
CUST002129,38,self_employed,179,tier2,166000.0,0,,owned,0.8,735
CUST002130,43,salaried,161,metro,767000.0,0,,owned,3.6,825
CUST002131,35,salaried,128,metro,861000.0,0,,owned,3.2,602
CUST002132,53,business_owner,389,tier3,539000.0,2,mortgage|personal,owned,3.2,609
CUST002133,31,self_employed,49,metro,354000.0,1,auto,rented,0.1,670
CUST002134,37,salaried,125,metro,1109000.0,1,personal,owned,4.5,716
CUST002135,28,salaried,42,tier3,422000.0,2,auto|personal,rented,1.1,875
CUST002136,32,salaried,68,tier2,777000.0,1,auto,owned,5.0,670
CUST002137,36,business_owner,79,metro,698000.0,1,home,owned,1.4,729
CUST002138,41,self_employed,102,metro,395000.0,2,mortgage|personal,owned,7.3,460
CUST002139,37,salaried,122,tier3,370000.0,0,,owned,1.8,685
CUST002140,45,business_owner,200,tier2,393000.0,1,personal,rented,2.8,653
CUST002141,34,self_employed,82,tier2,359000.0,0,,owned,1.0,746
CUST002142,32,salaried,36,tier2,520000.0,0,,rented,1.9,633
CUST002143,56,salaried,241,metro,1486000.0,0,,owned,0.2,519
CUST002144,38,salaried,138,tier2,655000.0,0,,owned,6.1,650
CUST002145,29,salaried,54,metro,455000.0,0,,rented,0.8,539
CUST002146,29,salaried,19,tier2,468000.0,0,,rented,2.6,582
CUST002147,27,self_employed,29,metro,376000.0,0,,rented,1.7,684
CUST002148,42,business_owner,204,metro,1361000.0,1,personal,owned,3.7,414
CUST002149,32,salaried,90,metro,1256000.0,0,,owned,5.0,656
CUST002150,36,business_owner,39,tier3,399000.0,2,personal|home,rented,1.8,772
CUST002151,34,business_owner,84,metro,643000.0,1,home,owned,0.5,510
CUST002152,40,salaried,110,metro,766000.0,1,personal,rented,1.8,593
CUST002153,28,salaried,52,metro,1271000.0,0,,owned,1.3,732
CUST002154,26,self_employed,17,tier2,652000.0,1,home,owned,3.7,753
CUST002155,36,self_employed,138,tier2,666000.0,0,,rented,3.0,685
CUST002156,39,salaried,176,tier3,408000.0,1,personal,owned,1.0,638
CUST002157,37,self_employed,105,tier2,427000.0,0,,owned,0.4,778
CUST002158,28,self_employed,35,tier2,690000.0,0,,rented,0.3,699
CUST002159,40,self_employed,64,tier2,435000.0,1,auto,owned,2.9,559
CUST002160,29,self_employed,28,metro,844000.0,0,,owned,3.4,665
CUST002161,30,salaried,86,tier3,843000.0,0,,rented,2.4,667
CUST002162,27,salaried,60,tier3,473000.0,0,,rented,2.9,640
CUST002163,45,salaried,58,metro,558000.0,0,,owned,3.1,528
CUST002164,40,business_owner,198,tier2,342000.0,0,,rented,1.6,679
CUST002165,39,business_owner,76,metro,1343000.0,0,,rented,3.7,732
CUST002166,44,self_employed,191,tier2,302000.0,2,personal|mortgage,rented,3.1,747
CUST002167,57,salaried,276,tier3,892000.0,0,,owned,2.9,681
CUST002168,21,salaried,3,tier3,300000.0,1,home,rented,2.3,658
CUST002169,29,salaried,52,metro,2099000.0,1,home,rented,2.0,579
CUST002170,30,salaried,65,tier2,599000.0,0,,owned,2.6,767
CUST002171,28,salaried,27,tier2,845000.0,0,,rented,1.3,572
CUST002172,26,self_employed,53,metro,1782000.0,1,personal,rented,1.6,633
CUST002173,32,salaried,43,tier2,545000.0,0,,owned,3.1,607
CUST002174,25,self_employed,10,tier2,568000.0,0,,rented,0.1,644
CUST002175,37,business_owner,179,tier3,273000.0,2,personal|auto,owned,4.6,798
CUST002176,35,self_employed,100,tier3,103000.0,1,personal,owned,6.5,548
CUST002177,38,salaried,93,metro,721000.0,0,,owned,0.1,705
CUST002178,39,business_owner,87,metro,878000.0,0,,owned,2.4,682
CUST002179,39,self_employed,51,metro,173000.0,0,,rented,2.5,593
CUST002180,32,salaried,49,metro,741000.0,1,auto,rented,0.7,662
CUST002181,51,self_employed,168,tier2,768000.0,1,mortgage,owned,0.1,599
CUST002182,36,business_owner,100,tier3,108000.0,2,auto|mortgage,rented,2.9,689
CUST002183,21,salaried,3,tier2,573000.0,0,,owned,2.4,619
CUST002184,26,salaried,46,tier2,1143000.0,1,mortgage,owned,0.4,790
CUST002185,21,salaried,3,metro,495000.0,1,auto,rented,1.3,611
CUST002186,35,salaried,68,metro,2162000.0,1,mortgage,rented,1.1,614
CUST002187,34,self_employed,165,tier3,181000.0,1,mortgage,rented,3.0,646
CUST002188,31,salaried,91,tier2,680000.0,0,,rented,4.3,802
CUST002189,51,salaried,289,metro,1646000.0,0,,owned,0.1,635
CUST002190,39,salaried,142,tier3,919000.0,1,home,rented,3.8,574
CUST002191,40,salaried,74,tier2,727000.0,0,,owned,6.3,585
CUST002192,27,salaried,23,metro,641000.0,1,personal,rented,4.5,608
CUST002193,27,self_employed,70,tier2,152000.0,0,,rented,5.2,602
CUST002194,35,salaried,88,tier2,489000.0,0,,rented,0.3,577
CUST002195,36,salaried,140,metro,2110000.0,2,home|personal,owned,5.4,656
CUST002196,21,business_owner,3,tier3,411000.0,2,mortgage|auto,rented,1.4,563
CUST002197,33,business_owner,58,tier2,718000.0,0,,rented,1.5,731
CUST002198,35,salaried,75,tier2,375000.0,0,,owned,0.8,683
CUST002199,33,salaried,119,tier3,284000.0,2,personal|home,owned,3.3,825
CUST002200,28,salaried,17,tier2,597000.0,0,,owned,1.6,722
CUST002201,30,salaried,71,tier2,483000.0,0,,rented,1.0,687
CUST002202,33,salaried,120,metro,779000.0,0,,owned,10.2,860
CUST002203,35,business_owner,45,metro,275000.0,3,personal|mortgage|home,owned,0.7,669
CUST002204,39,self_employed,96,metro,567000.0,2,personal|auto,owned,2.8,660
CUST002205,43,salaried,146,metro,1745000.0,1,home,owned,7.5,601
CUST002206,32,business_owner,124,tier2,434000.0,0,,owned,1.7,785
CUST002207,31,salaried,63,metro,1405000.0,0,,rented,2.6,589
CUST002208,38,salaried,48,metro,183000.0,1,personal,owned,3.4,527
CUST002209,39,salaried,61,tier2,444000.0,1,personal,owned,1.4,552
CUST002210,31,salaried,53,metro,366000.0,1,personal,owned,2.9,587
CUST002211,41,business_owner,107,tier2,404000.0,0,,rented,0.4,683
CUST002212,42,salaried,86,tier2,896000.0,0,,owned,1.1,656
CUST002213,45,self_employed,249,metro,372000.0,2,auto|personal,rented,14.6,727
CUST002214,49,salaried,73,metro,1023000.0,0,,owned,1.6,581
CUST002215,28,business_owner,69,tier2,542000.0,1,auto,owned,1.9,576
CUST002216,35,self_employed,148,metro,975000.0,0,,owned,1.8,693
CUST002217,35,salaried,102,tier2,484000.0,2,personal|mortgage,rented,15.0,593
CUST002218,34,salaried,94,tier2,241000.0,2,mortgage|personal,rented,2.6,557
CUST002219,29,business_owner,32,tier2,254000.0,0,,owned,2.6,542
CUST002220,23,salaried,13,tier2,907000.0,2,mortgage|personal,rented,4.2,675
CUST002221,35,salaried,74,tier3,1216000.0,0,,owned,1.0,648
CUST002222,28,business_owner,29,metro,691000.0,0,,rented,9.6,644
CUST002223,35,salaried,97,tier3,345000.0,1,home,rented,0.8,789
CUST002224,28,salaried,16,tier3,1447000.0,1,auto,owned,6.9,707
CUST002225,26,salaried,22,tier2,746000.0,0,,rented,4.3,630
CUST002226,36,salaried,112,metro,462000.0,0,,rented,3.5,751
CUST002227,36,salaried,89,metro,771000.0,1,home,owned,0.8,717
CUST002228,39,salaried,63,tier3,668000.0,0,,owned,7.5,589
CUST002229,52,salaried,74,metro,889000.0,0,,rented,2.2,755
CUST002230,37,salaried,72,tier3,710000.0,1,home,rented,1.4,814
CUST002231,38,salaried,113,tier2,317000.0,0,,rented,1.8,814
CUST002232,26,business_owner,36,tier2,345000.0,0,,rented,1.7,717
CUST002233,24,salaried,10,tier2,413000.0,1,mortgage,rented,1.5,689
CUST002234,47,salaried,186,metro,722000.0,1,personal,owned,0.3,656
CUST002235,27,salaried,61,tier2,683000.0,2,personal|auto,rented,3.2,786
CUST002236,26,self_employed,41,tier3,391000.0,0,,rented,1.2,534
CUST002237,34,salaried,84,metro,2809000.0,0,,owned,1.1,794
CUST002238,34,salaried,94,tier3,356000.0,0,,rented,1.9,691
CUST002239,27,self_employed,65,tier3,263000.0,0,,owned,1.4,596
CUST002240,32,salaried,107,metro,558000.0,0,,rented,3.0,573
CUST002241,44,self_employed,79,tier2,822000.0,1,auto,rented,2.4,526
CUST002242,28,business_owner,30,metro,790000.0,0,,rented,2.1,730
CUST002243,23,self_employed,8,tier2,177000.0,1,personal,rented,0.7,828
CUST002244,42,salaried,176,tier3,1154000.0,1,personal,owned,6.1,635
CUST002245,38,salaried,46,tier3,330000.0,0,,owned,0.0,578
CUST002246,30,salaried,84,tier3,710000.0,2,personal|auto,owned,10.1,763
CUST002247,22,self_employed,3,metro,1039000.0,0,,owned,0.1,690
CUST002248,29,business_owner,66,tier2,179000.0,0,,rented,0.1,767
CUST002249,34,business_owner,74,metro,752000.0,0,,owned,0.7,592
CUST002250,44,salaried,139,tier3,173000.0,0,,owned,2.7,738
CUST002251,26,self_employed,30,metro,1202000.0,0,,rented,1.0,843
CUST002252,34,salaried,107,metro,532000.0,2,home|auto,rented,2.2,560
CUST002253,40,self_employed,129,metro,1540000.0,0,,rented,4.2,651
CUST002254,21,salaried,3,metro,1254000.0,0,,rented,2.7,647
CUST002255,43,salaried,178,metro,1494000.0,0,,rented,0.2,747
CUST002256,25,salaried,38,metro,1217000.0,1,mortgage,owned,4.8,793
CUST002257,37,business_owner,172,tier3,438000.0,0,,owned,2.8,618
CUST002258,36,salaried,122,tier3,384000.0,0,,owned,1.0,850
CUST002259,43,salaried,136,metro,863000.0,0,,owned,2.1,660
CUST002260,39,salaried,169,tier3,277000.0,0,,owned,0.3,628
CUST002261,21,salaried,3,tier2,588000.0,0,,rented,5.0,808
CUST002262,28,business_owner,77,tier3,300000.0,2,personal|auto,owned,2.0,642
CUST002263,36,salaried,129,metro,630000.0,1,mortgage,owned,0.3,646
CUST002264,33,salaried,42,tier2,271000.0,0,,owned,0.5,631
CUST002265,38,self_employed,47,metro,543000.0,0,,owned,1.5,844
CUST002266,41,salaried,163,metro,223000.0,0,,owned,8.0,565
CUST002267,39,salaried,139,tier2,517000.0,2,home|personal,rented,8.3,706
CUST002268,33,salaried,85,tier3,519000.0,0,,owned,4.3,556
CUST002269,21,salaried,3,tier3,177000.0,0,,rented,0.0,623
CUST002270,31,salaried,66,metro,942000.0,0,,rented,0.3,672
CUST002271,38,salaried,86,tier2,555000.0,0,,owned,7.4,721
CUST002272,26,salaried,34,tier3,275000.0,1,personal,owned,3.1,531
CUST002273,40,self_employed,52,metro,443000.0,1,mortgage,owned,0.3,631
CUST002274,42,business_owner,177,metro,1626000.0,0,,rented,0.7,772
CUST002275,36,business_owner,148,metro,690000.0,0,,rented,10.2,772
CUST002276,21,salaried,3,metro,855000.0,0,,rented,3.9,653
CUST002277,24,salaried,26,metro,1006000.0,0,,owned,3.2,549
CUST002278,50,business_owner,294,metro,749000.0,1,auto,owned,2.9,674
CUST002279,30,self_employed,31,tier2,757000.0,0,,rented,15.0,730
CUST002280,21,salaried,3,tier2,715000.0,0,,rented,2.3,696
CUST002281,44,salaried,192,tier3,421000.0,0,,owned,0.5,706
CUST002282,35,salaried,87,tier2,1707000.0,1,personal,rented,5.6,655
CUST002283,43,salaried,94,metro,1357000.0,0,,rented,0.9,561
CUST002284,37,salaried,74,tier3,214000.0,1,home,rented,0.1,626
CUST002285,38,salaried,121,tier2,518000.0,1,home,rented,4.3,655
CUST002286,37,business_owner,85,tier2,658000.0,1,mortgage,owned,3.4,616
CUST002287,40,salaried,93,metro,520000.0,1,home,owned,2.2,608
CUST002288,53,salaried,309,tier2,561000.0,0,,owned,0.9,766
CUST002289,42,salaried,169,tier2,1044000.0,0,,rented,8.1,606
CUST002290,22,self_employed,9,tier2,696000.0,1,personal,rented,1.1,535
CUST002291,38,self_employed,208,tier3,496000.0,1,mortgage,rented,6.1,752
CUST002292,44,salaried,56,tier3,703000.0,0,,owned,0.1,738
CUST002293,44,salaried,99,tier3,482000.0,1,personal,owned,1.0,586
CUST002294,31,self_employed,80,tier2,152000.0,0,,owned,5.8,718
CUST002295,44,self_employed,163,tier3,505000.0,0,,owned,4.9,553
CUST002296,42,salaried,68,tier3,395000.0,1,mortgage,rented,1.9,614
CUST002297,55,business_owner,303,metro,374000.0,0,,owned,4.7,555
CUST002298,28,salaried,19,tier2,1254000.0,1,home,owned,0.3,588
CUST002299,30,salaried,59,metro,736000.0,0,,owned,3.3,705
CUST002300,32,salaried,74,metro,1862000.0,0,,owned,10.9,679
CUST002301,31,salaried,73,metro,974000.0,0,,rented,2.5,606
CUST002302,27,salaried,29,tier2,618000.0,3,personal|home|auto,owned,8.9,647
CUST002303,21,salaried,3,metro,385000.0,0,,rented,12.0,689
CUST002304,31,self_employed,115,metro,1378000.0,1,auto,rented,5.1,765
CUST002305,37,salaried,154,metro,878000.0,2,mortgage|personal,rented,8.0,712
CUST002306,31,business_owner,75,tier2,194000.0,1,auto,owned,1.5,721
CUST002307,50,salaried,74,tier3,718000.0,1,mortgage,owned,6.8,660
CUST002308,35,salaried,97,tier3,452000.0,0,,owned,2.7,606
CUST002309,45,business_owner,146,tier2,360000.0,1,personal,owned,0.9,669
CUST002310,37,self_employed,68,metro,948000.0,0,,owned,4.3,789
CUST002311,41,self_employed,93,tier3,169000.0,1,auto,owned,1.1,769
CUST002312,37,self_employed,77,metro,645000.0,0,,rented,2.5,422
CUST002313,45,salaried,119,tier3,392000.0,0,,rented,2.6,711
CUST002314,35,salaried,64,tier2,952000.0,0,,rented,0.6,610
CUST002315,38,salaried,151,tier2,1826000.0,0,,owned,3.5,716
CUST002316,37,salaried,100,metro,731000.0,2,home|personal,owned,1.7,557
CUST002317,32,salaried,63,metro,1065000.0,0,,owned,0.9,641
CUST002318,38,salaried,60,tier2,2097000.0,1,mortgage,rented,5.2,535
CUST002319,52,business_owner,321,tier2,466000.0,3,home|mortgage|personal,owned,4.2,616
CUST002320,32,business_owner,31,tier3,360000.0,0,,owned,5.4,709
CUST002321,38,self_employed,91,tier2,211000.0,1,personal,owned,4.8,720
CUST002322,45,self_employed,207,tier2,655000.0,0,,owned,0.3,848
CUST002323,44,salaried,181,metro,621000.0,1,home,owned,4.3,608
CUST002324,35,salaried,121,tier2,753000.0,0,,owned,0.6,575
CUST002325,21,self_employed,3,metro,955000.0,0,,owned,0.6,804
CUST002326,39,self_employed,99,tier2,439000.0,1,home,rented,1.6,500
CUST002327,21,salaried,3,tier2,522000.0,2,personal|home,owned,13.7,697
CUST002328,46,salaried,170,tier3,528000.0,1,personal,owned,6.3,675
CUST002329,36,salaried,76,tier2,1343000.0,1,personal,rented,7.8,447
CUST002330,42,salaried,104,metro,2582000.0,1,mortgage,rented,0.8,581
CUST002331,27,salaried,15,tier3,384000.0,1,auto,owned,3.8,507
CUST002332,22,salaried,9,tier2,478000.0,0,,rented,0.8,704
CUST002333,37,self_employed,52,tier2,379000.0,0,,owned,1.6,622
CUST002334,34,business_owner,60,tier2,1137000.0,0,,rented,2.9,656
CUST002335,31,salaried,95,tier3,468000.0,0,,rented,2.8,534
CUST002336,35,self_employed,117,metro,1649000.0,1,mortgage,owned,13.2,607
CUST002337,57,self_employed,267,tier2,671000.0,2,home|auto,owned,0.8,608
CUST002338,41,salaried,151,tier3,1293000.0,1,mortgage,owned,11.6,660
CUST002339,43,self_employed,90,metro,541000.0,0,,rented,7.6,652
CUST002340,41,salaried,174,tier3,283000.0,0,,rented,3.1,812
CUST002341,46,salaried,108,metro,2104000.0,1,mortgage,owned,3.3,742
CUST002342,33,salaried,118,metro,1210000.0,0,,owned,4.4,520
CUST002343,21,business_owner,3,metro,642000.0,1,personal,rented,0.6,771
CUST002344,33,business_owner,91,tier3,364000.0,1,mortgage,owned,2.3,734
CUST002345,41,salaried,133,tier3,613000.0,0,,owned,0.1,686
CUST002346,27,salaried,21,metro,1881000.0,2,mortgage|home,owned,4.8,768
CUST002347,33,salaried,62,metro,939000.0,1,auto,owned,0.1,788
CUST002348,29,self_employed,70,metro,455000.0,0,,rented,0.1,611
CUST002349,47,salaried,105,metro,1074000.0,0,,owned,1.6,570
CUST002350,40,salaried,188,tier2,550000.0,2,mortgage|personal,owned,2.2,730
CUST002351,40,self_employed,96,metro,725000.0,1,home,owned,0.6,581
CUST002352,39,salaried,131,metro,697000.0,0,,rented,0.2,703
CUST002353,34,salaried,93,metro,885000.0,1,auto,rented,2.3,511
CUST002354,36,salaried,91,tier2,550000.0,2,auto|personal,rented,1.8,742
CUST002355,25,salaried,30,tier2,771000.0,1,home,rented,0.2,586
CUST002356,21,salaried,3,tier2,737000.0,0,,owned,3.3,661
CUST002357,36,salaried,108,tier2,673000.0,1,home,rented,1.9,655
CUST002358,37,salaried,108,tier3,459000.0,1,home,rented,1.6,552
CUST002359,44,business_owner,188,tier2,475000.0,0,,owned,0.9,752
CUST002360,47,salaried,143,tier3,398000.0,0,,rented,4.4,745
CUST002361,47,business_owner,85,tier2,224000.0,2,auto|home,owned,0.1,667
CUST002362,27,salaried,21,metro,822000.0,0,,rented,14.3,611
CUST002363,32,self_employed,98,tier3,104000.0,3,auto|personal|home,rented,0.1,583
CUST002364,38,salaried,163,tier2,663000.0,0,,rented,1.4,609
CUST002365,55,self_employed,94,tier2,312000.0,0,,owned,0.7,627
CUST002366,46,salaried,166,metro,350000.0,1,mortgage,rented,7.0,651
CUST002367,43,salaried,96,tier2,1688000.0,2,auto|personal,owned,0.0,598
CUST002368,31,salaried,67,tier3,419000.0,0,,rented,0.1,781
CUST002369,27,salaried,49,metro,1675000.0,0,,owned,4.6,660
CUST002370,41,business_owner,196,metro,244000.0,1,home,owned,4.5,853
CUST002371,26,business_owner,40,metro,1519000.0,0,,rented,10.1,664
CUST002372,33,self_employed,125,tier2,504000.0,0,,owned,5.9,643
CUST002373,34,salaried,38,tier3,548000.0,1,mortgage,rented,6.1,654
CUST002374,47,business_owner,214,tier2,217000.0,0,,owned,2.4,596
CUST002375,32,self_employed,60,tier3,645000.0,1,auto,rented,2.2,670
CUST002376,21,salaried,3,tier2,600000.0,0,,rented,2.5,625
CUST002377,39,salaried,153,metro,1247000.0,1,home,rented,3.9,579
CUST002378,29,self_employed,30,metro,653000.0,0,,rented,1.6,588
CUST002379,35,salaried,60,metro,862000.0,0,,rented,3.3,725
CUST002380,34,salaried,77,tier2,772000.0,0,,owned,1.1,726
CUST002381,32,self_employed,115,metro,1058000.0,1,home,rented,0.8,538
CUST002382,41,salaried,65,metro,1200000.0,2,auto|home,rented,8.0,677
CUST002383,22,salaried,6,tier3,461000.0,0,,rented,1.6,755
CUST002384,30,salaried,45,tier2,788000.0,1,personal,rented,1.4,702
CUST002385,40,self_employed,173,metro,1094000.0,1,home,owned,1.1,531
CUST002386,30,business_owner,76,tier2,179000.0,1,auto,rented,1.3,559
CUST002387,22,self_employed,5,tier2,411000.0,1,personal,owned,3.0,675
CUST002388,40,self_employed,198,tier3,231000.0,1,personal,owned,1.8,849
CUST002389,43,salaried,68,tier2,397000.0,0,,owned,3.8,631
CUST002390,34,self_employed,128,metro,299000.0,0,,rented,2.9,709
CUST002391,21,salaried,3,metro,601000.0,0,,rented,1.2,622
CUST002392,40,salaried,132,metro,816000.0,0,,owned,0.6,832
CUST002393,21,self_employed,3,tier2,242000.0,2,auto|home,owned,2.0,658
CUST002394,37,self_employed,131,tier2,461000.0,0,,owned,2.1,570
CUST002395,27,salaried,26,tier2,452000.0,0,,rented,0.6,581
CUST002396,25,business_owner,32,tier2,856000.0,2,personal|auto,rented,10.5,574
CUST002397,31,self_employed,28,metro,910000.0,0,,rented,1.2,690
CUST002398,33,salaried,63,metro,1666000.0,0,,rented,0.5,567
CUST002399,29,salaried,70,metro,1127000.0,0,,owned,4.1,560
CUST002400,39,salaried,108,tier2,531000.0,1,home,owned,1.2,805
CUST002401,31,salaried,62,tier2,1101000.0,1,personal,rented,4.5,577
CUST002402,42,salaried,152,tier3,538000.0,0,,rented,3.0,670
CUST002403,37,salaried,92,metro,1241000.0,1,home,owned,0.6,630
CUST002404,29,salaried,73,tier2,875000.0,0,,owned,1.1,650
CUST002405,28,salaried,38,metro,852000.0,0,,rented,1.4,740
CUST002406,21,self_employed,3,tier2,406000.0,0,,rented,2.1,457
CUST002407,37,self_employed,173,metro,348000.0,2,personal|mortgage,rented,0.6,693
CUST002408,32,salaried,62,tier2,413000.0,2,mortgage|personal,owned,2.7,621
CUST002409,21,salaried,3,metro,338000.0,0,,rented,3.9,695
CUST002410,30,salaried,69,metro,666000.0,3,mortgage|home|auto,rented,6.5,611
CUST002411,27,salaried,49,tier2,711000.0,4,mortgage|auto|personal|home,owned,9.8,662
CUST002412,47,salaried,100,metro,1420000.0,1,mortgage,owned,0.2,706
CUST002413,21,salaried,3,tier2,893000.0,1,mortgage,owned,7.3,605
CUST002414,23,salaried,7,metro,797000.0,0,,rented,3.1,832
CUST002415,43,business_owner,207,tier3,314000.0,0,,owned,0.6,593
CUST002416,45,salaried,191,metro,760000.0,0,,rented,9.6,784
CUST002417,29,self_employed,33,tier2,438000.0,0,,rented,1.8,568
CUST002418,29,salaried,52,tier3,168000.0,0,,rented,3.0,631
CUST002419,39,salaried,150,tier2,304000.0,3,home|auto|personal,rented,5.9,682
CUST002420,21,business_owner,3,metro,563000.0,0,,owned,0.5,571
CUST002421,21,salaried,3,tier2,1433000.0,2,mortgage|personal,rented,7.0,589
CUST002422,32,self_employed,62,metro,1091000.0,1,mortgage,rented,2.3,629
CUST002423,47,business_owner,143,tier2,622000.0,0,,owned,3.9,735
CUST002424,31,salaried,72,tier2,340000.0,1,home,owned,1.0,662
CUST002425,35,salaried,48,tier3,430000.0,1,auto,owned,0.6,850
CUST002426,44,salaried,89,tier3,601000.0,0,,owned,0.7,705
CUST002427,51,salaried,254,metro,1255000.0,0,,owned,1.3,563
CUST002428,30,salaried,59,metro,1179000.0,0,,rented,2.3,437
CUST002429,34,salaried,47,metro,1680000.0,0,,rented,3.5,515
CUST002430,49,business_owner,186,tier2,906000.0,3,home|auto|personal,owned,2.1,656
CUST002431,22,self_employed,4,metro,253000.0,0,,owned,3.6,539
CUST002432,43,salaried,115,tier2,2068000.0,0,,owned,4.6,637
CUST002433,26,salaried,27,tier2,253000.0,1,personal,rented,10.2,675
CUST002434,35,self_employed,46,tier3,333000.0,0,,rented,1.6,653
CUST002435,33,business_owner,37,tier2,384000.0,0,,owned,10.5,630
CUST002436,27,salaried,55,metro,1158000.0,2,home|mortgage,owned,2.0,831
CUST002437,27,salaried,55,metro,813000.0,1,personal,owned,2.0,685
CUST002438,37,business_owner,43,tier2,406000.0,1,mortgage,owned,3.2,642
CUST002439,42,business_owner,200,metro,837000.0,2,personal|home,rented,14.1,590
CUST002440,33,business_owner,46,metro,776000.0,0,,owned,0.5,679
CUST002441,35,salaried,122,metro,566000.0,0,,rented,0.8,586
CUST002442,39,salaried,166,tier2,1238000.0,2,home|mortgage,owned,4.6,792
CUST002443,27,salaried,43,tier3,688000.0,0,,rented,5.0,731
CUST002444,40,salaried,136,metro,1412000.0,0,,owned,4.6,807
CUST002445,41,business_owner,107,metro,732000.0,1,personal,owned,0.2,673
CUST002446,55,salaried,147,tier2,313000.0,0,,owned,1.6,767
CUST002447,31,self_employed,67,metro,692000.0,1,personal,owned,15.0,589
CUST002448,31,business_owner,44,tier3,184000.0,1,home,rented,0.5,677
CUST002449,41,business_owner,169,tier2,561000.0,0,,rented,0.9,526
CUST002450,41,self_employed,139,tier2,641000.0,1,personal,rented,12.7,615
CUST002451,30,business_owner,37,tier3,362000.0,0,,rented,0.4,683
CUST002452,31,salaried,69,tier2,647000.0,0,,owned,3.7,593
CUST002453,39,salaried,154,metro,1355000.0,1,personal,owned,0.1,548
CUST002454,28,salaried,48,tier2,378000.0,2,mortgage|home,rented,0.3,768
CUST002455,31,business_owner,77,tier2,813000.0,0,,owned,5.6,453
CUST002456,35,business_owner,142,tier2,711000.0,1,personal,owned,0.9,807
CUST002457,42,salaried,52,tier3,360000.0,0,,rented,0.0,606
CUST002458,30,salaried,64,metro,1095000.0,0,,owned,1.7,680
CUST002459,21,salaried,3,tier2,1064000.0,0,,rented,0.3,711
CUST002460,21,salaried,3,metro,910000.0,1,mortgage,owned,1.8,580
CUST002461,24,self_employed,37,metro,482000.0,1,auto,rented,2.3,696
CUST002462,24,salaried,16,tier2,608000.0,1,personal,owned,0.3,695
CUST002463,33,self_employed,74,tier3,336000.0,1,auto,rented,0.4,736
CUST002464,25,salaried,14,tier2,475000.0,0,,owned,0.3,763
CUST002465,29,salaried,81,metro,557000.0,0,,owned,2.4,753
CUST002466,28,salaried,63,metro,1153000.0,2,home|auto,rented,2.9,576
CUST002467,31,business_owner,34,tier2,663000.0,0,,rented,3.7,667
CUST002468,45,self_employed,181,tier2,723000.0,0,,owned,5.5,580
CUST002469,40,salaried,67,tier3,650000.0,0,,owned,2.1,603
CUST002470,35,salaried,111,tier2,339000.0,1,auto,owned,3.4,723
CUST002471,31,business_owner,70,tier3,1286000.0,1,auto,rented,8.7,734
CUST002472,31,self_employed,32,tier3,534000.0,2,mortgage|personal,rented,15.0,732
CUST002473,37,self_employed,128,metro,250000.0,0,,owned,1.6,705
CUST002474,39,self_employed,191,tier2,232000.0,0,,owned,0.0,719
CUST002475,27,business_owner,32,tier2,292000.0,0,,rented,3.6,639
CUST002476,35,salaried,39,tier3,706000.0,0,,rented,4.3,801
CUST002477,21,self_employed,3,tier2,223000.0,1,mortgage,owned,6.7,740
CUST002478,36,salaried,52,tier2,616000.0,1,auto,owned,1.9,653
CUST002479,41,salaried,122,metro,1194000.0,0,,owned,0.1,781
CUST002480,32,business_owner,90,tier2,195000.0,0,,rented,2.3,633
CUST002481,49,business_owner,141,tier3,419000.0,0,,rented,6.0,690
CUST002482,27,salaried,22,tier3,660000.0,0,,rented,1.0,735
CUST002483,36,salaried,49,metro,660000.0,2,home|mortgage,rented,7.0,570
CUST002484,34,business_owner,41,metro,498000.0,0,,rented,2.7,830
CUST002485,34,business_owner,96,tier3,276000.0,1,auto,rented,5.2,627
CUST002486,34,self_employed,123,tier2,154000.0,0,,owned,5.3,639
CUST002487,35,salaried,47,tier3,379000.0,1,home,owned,1.8,656
CUST002488,41,salaried,157,metro,943000.0,0,,owned,0.4,746
CUST002489,46,business_owner,150,tier3,111000.0,1,personal,rented,1.4,755
CUST002490,34,self_employed,41,tier2,335000.0,1,personal,owned,1.4,814
CUST002491,41,self_employed,135,metro,842000.0,1,home,owned,0.0,649
CUST002492,29,self_employed,39,metro,762000.0,0,,rented,6.6,709
CUST002493,41,salaried,142,tier2,518000.0,1,auto,owned,5.3,541
CUST002494,28,salaried,35,metro,1255000.0,1,home,rented,7.9,583
CUST002495,43,self_employed,202,tier3,647000.0,0,,rented,1.7,646
CUST002496,52,salaried,296,tier2,465000.0,1,mortgage,rented,0.5,712
CUST002497,34,self_employed,63,tier2,987000.0,0,,rented,0.5,675
CUST002498,21,self_employed,3,metro,1232000.0,2,auto|mortgage,owned,0.8,702
CUST002499,30,self_employed,42,tier3,296000.0,0,,rented,5.6,674
CUST002500,44,salaried,67,tier2,1178000.0,1,personal,owned,1.3,633
CUST002501,39,self_employed,70,tier3,176000.0,1,auto,owned,10.3,871
CUST002502,36,salaried,131,tier3,374000.0,1,home,rented,0.2,631
CUST002503,43,salaried,169,tier2,445000.0,0,,owned,3.1,771
CUST002504,38,salaried,169,tier3,634000.0,1,mortgage,rented,3.6,562
CUST002505,44,salaried,182,tier2,546000.0,0,,rented,3.1,691
CUST002506,42,business_owner,132,tier2,249000.0,0,,rented,0.5,619
CUST002507,47,business_owner,278,metro,929000.0,1,mortgage,rented,0.2,833
CUST002508,37,salaried,157,metro,2011000.0,1,auto,owned,0.6,629
CUST002509,42,self_employed,190,tier2,440000.0,1,auto,owned,0.1,652
CUST002510,32,salaried,74,metro,460000.0,1,mortgage,owned,3.7,605
CUST002511,30,self_employed,99,tier2,1286000.0,0,,rented,2.0,600
CUST002512,48,business_owner,111,tier3,345000.0,1,auto,rented,4.8,673
CUST002513,36,salaried,141,tier2,705000.0,0,,rented,0.5,712
CUST002514,41,salaried,203,metro,906000.0,0,,owned,5.2,775
CUST002515,35,salaried,106,tier2,420000.0,0,,rented,1.6,627
CUST002516,30,salaried,35,metro,719000.0,1,mortgage,rented,4.0,601
CUST002517,35,business_owner,56,tier3,317000.0,0,,owned,0.4,720
CUST002518,46,salaried,247,tier2,515000.0,0,,owned,4.7,823
CUST002519,39,salaried,165,tier2,833000.0,1,personal,rented,8.8,647
CUST002520,21,salaried,3,tier2,629000.0,1,personal,rented,1.6,721
CUST002521,33,business_owner,131,tier2,190000.0,2,personal|auto,rented,0.7,830
CUST002522,49,salaried,177,metro,1794000.0,0,,owned,1.2,850
CUST002523,33,self_employed,144,metro,1023000.0,1,mortgage,owned,3.2,692
CUST002524,21,self_employed,3,tier2,597000.0,1,home,owned,0.6,722
CUST002525,50,salaried,110,tier3,566000.0,0,,owned,1.3,641
CUST002526,40,salaried,121,metro,382000.0,1,auto,rented,2.4,546
CUST002527,34,salaried,64,metro,668000.0,1,mortgage,owned,1.6,711
CUST002528,32,salaried,63,metro,458000.0,0,,owned,6.3,803
CUST002529,43,self_employed,198,tier2,774000.0,0,,rented,1.7,612
CUST002530,30,self_employed,31,metro,617000.0,1,home,owned,2.6,513
CUST002531,44,salaried,184,tier3,457000.0,0,,owned,1.3,733
CUST002532,39,salaried,55,metro,1503000.0,0,,rented,2.9,496
CUST002533,36,salaried,135,tier2,309000.0,1,personal,rented,1.0,513
CUST002534,36,salaried,59,metro,549000.0,1,auto,rented,3.8,532
CUST002535,33,self_employed,119,tier2,733000.0,0,,owned,0.8,499
CUST002536,43,self_employed,157,metro,1016000.0,0,,owned,4.4,750
CUST002537,28,self_employed,41,tier2,120000.0,0,,rented,4.8,667
CUST002538,22,salaried,4,tier3,822000.0,2,home|mortgage,rented,1.5,840
CUST002539,39,salaried,51,metro,1853000.0,2,auto|mortgage,rented,0.0,746
CUST002540,40,salaried,97,tier3,516000.0,0,,owned,9.6,840
CUST002541,38,business_owner,78,metro,554000.0,2,mortgage|personal,rented,0.3,622
CUST002542,38,self_employed,73,tier2,336000.0,1,auto,rented,2.0,687
CUST002543,32,business_owner,101,tier2,878000.0,1,mortgage,rented,3.9,565
CUST002544,41,salaried,81,metro,815000.0,2,personal|mortgage,owned,1.5,655
CUST002545,34,salaried,53,tier2,1279000.0,1,personal,owned,0.0,809
CUST002546,31,self_employed,58,metro,540000.0,0,,owned,3.8,651
CUST002547,32,salaried,66,tier2,1624000.0,2,home|mortgage,rented,1.7,633
CUST002548,51,self_employed,214,tier2,654000.0,0,,rented,1.4,678
CUST002549,21,salaried,3,tier3,473000.0,0,,owned,0.3,692
CUST002550,38,business_owner,130,metro,1045000.0,0,,owned,0.1,693
CUST002551,21,salaried,3,tier3,832000.0,1,personal,rented,2.3,774
CUST002552,34,business_owner,74,metro,1221000.0,0,,owned,0.1,590
CUST002553,31,salaried,44,tier2,554000.0,0,,rented,1.8,636
CUST002554,21,salaried,3,metro,657000.0,1,home,rented,5.8,688
CUST002555,38,salaried,82,metro,502000.0,1,auto,rented,2.2,548
CUST002556,31,salaried,90,metro,263000.0,0,,rented,7.3,614
CUST002557,21,business_owner,3,tier2,586000.0,0,,rented,0.8,723
CUST002558,41,business_owner,172,metro,697000.0,1,home,owned,0.2,605
CUST002559,46,business_owner,191,tier2,186000.0,0,,owned,0.2,900
CUST002560,46,business_owner,289,tier3,709000.0,1,auto,owned,1.0,802
CUST002561,37,self_employed,102,metro,574000.0,1,auto,owned,1.4,695
CUST002562,35,salaried,80,metro,2059000.0,0,,rented,2.9,731
CUST002563,45,business_owner,234,metro,521000.0,0,,rented,5.4,749
CUST002564,48,salaried,192,metro,506000.0,2,mortgage|auto,owned,1.2,705
CUST002565,44,self_employed,171,tier2,328000.0,3,mortgage|home|auto,rented,2.9,688
CUST002566,27,salaried,26,tier2,941000.0,2,home|mortgage,owned,4.4,850
CUST002567,36,self_employed,82,metro,509000.0,1,mortgage,owned,4.3,590
CUST002568,38,salaried,147,metro,639000.0,0,,owned,1.4,595
CUST002569,21,salaried,3,tier2,374000.0,1,personal,rented,1.9,661
CUST002570,38,salaried,41,metro,1758000.0,0,,owned,1.6,738
CUST002571,53,salaried,81,tier2,308000.0,1,mortgage,owned,1.3,861
CUST002572,40,salaried,190,tier3,695000.0,1,home,owned,7.5,654
CUST002573,46,salaried,169,metro,718000.0,0,,owned,6.0,732
CUST002574,36,salaried,93,tier2,737000.0,0,,owned,1.6,714
CUST002575,34,salaried,124,tier3,711000.0,1,mortgage,owned,5.7,622
CUST002576,38,salaried,87,tier2,803000.0,1,auto,rented,0.9,791
CUST002577,28,self_employed,61,tier3,461000.0,0,,owned,0.8,718
CUST002578,27,salaried,48,tier3,783000.0,1,auto,owned,2.7,743
CUST002579,45,salaried,146,tier2,664000.0,0,,owned,2.9,653
CUST002580,45,salaried,202,tier2,3159000.0,0,,owned,6.6,606
CUST002581,27,salaried,59,tier2,290000.0,0,,owned,0.9,624
CUST002582,42,salaried,83,tier2,288000.0,1,mortgage,rented,0.1,656
CUST002583,34,self_employed,39,tier2,339000.0,0,,owned,0.9,705
CUST002584,37,salaried,140,metro,843000.0,0,,rented,0.7,843
CUST002585,38,salaried,94,tier3,647000.0,0,,rented,9.4,695
CUST002586,42,salaried,139,metro,561000.0,2,auto|home,rented,0.5,847
CUST002587,35,salaried,57,metro,931000.0,1,auto,owned,6.7,736
CUST002588,46,salaried,224,metro,1052000.0,1,home,owned,2.0,594
CUST002589,37,self_employed,138,metro,764000.0,0,,rented,1.6,690
CUST002590,39,salaried,177,tier2,670000.0,0,,rented,2.3,724
CUST002591,28,self_employed,55,metro,347000.0,0,,owned,4.4,706
CUST002592,52,salaried,310,tier2,820000.0,1,personal,owned,1.9,636
CUST002593,38,salaried,108,tier2,1153000.0,0,,owned,1.0,647
CUST002594,40,salaried,137,metro,503000.0,1,mortgage,owned,0.8,624
CUST002595,22,salaried,7,metro,446000.0,0,,owned,1.3,637
CUST002596,28,salaried,43,tier2,1095000.0,0,,rented,2.7,707
CUST002597,44,self_employed,177,tier2,376000.0,1,home,owned,2.0,849
CUST002598,37,self_employed,71,metro,695000.0,0,,rented,1.1,592
CUST002599,21,salaried,3,metro,967000.0,0,,rented,2.1,532
CUST002600,43,salaried,173,metro,738000.0,1,personal,owned,2.1,501
CUST002601,30,business_owner,29,metro,586000.0,1,home,owned,6.5,753
CUST002602,46,salaried,196,metro,1302000.0,0,,owned,2.6,605
CUST002603,34,salaried,62,tier3,525000.0,1,home,rented,2.5,679
CUST002604,36,business_owner,87,metro,223000.0,0,,rented,2.8,616
CUST002605,44,salaried,179,metro,1198000.0,3,personal|auto|home,owned,1.1,666
CUST002606,27,salaried,24,tier3,301000.0,1,mortgage,rented,2.1,650
CUST002607,27,salaried,59,tier2,534000.0,0,,rented,4.2,618
CUST002608,33,self_employed,130,tier2,217000.0,1,personal,owned,0.8,766
CUST002609,41,salaried,119,tier2,1422000.0,0,,owned,4.2,747
CUST002610,24,self_employed,17,tier3,295000.0,1,home,owned,2.0,712
CUST002611,21,salaried,3,metro,465000.0,0,,owned,1.7,863
CUST002612,41,salaried,169,metro,1713000.0,0,,rented,0.0,561
CUST002613,30,salaried,33,tier3,587000.0,1,home,owned,0.4,586
CUST002614,31,self_employed,124,tier3,375000.0,0,,rented,0.2,648
CUST002615,21,salaried,3,tier3,808000.0,1,auto,rented,6.8,743
CUST002616,29,self_employed,28,metro,1166000.0,0,,owned,0.9,566
CUST002617,34,salaried,100,tier3,301000.0,2,auto|home,rented,5.5,665
CUST002618,42,salaried,126,metro,470000.0,1,auto,owned,2.6,550
CUST002619,28,salaried,46,tier2,868000.0,0,,owned,0.3,747
CUST002620,48,salaried,102,tier3,401000.0,0,,owned,1.3,783
CUST002621,29,salaried,64,metro,854000.0,1,auto,rented,1.9,553
CUST002622,29,self_employed,37,metro,349000.0,1,personal,owned,4.3,646
CUST002623,47,business_owner,297,tier2,1103000.0,0,,owned,0.2,762
CUST002624,36,self_employed,113,tier3,335000.0,0,,rented,0.6,805
CUST002625,30,salaried,66,metro,823000.0,0,,rented,1.0,551
CUST002626,33,salaried,115,tier3,227000.0,0,,rented,2.7,713
CUST002627,45,self_employed,228,metro,522000.0,0,,owned,0.4,713
CUST002628,46,salaried,165,tier2,589000.0,1,auto,rented,0.2,629
CUST002629,28,self_employed,41,metro,1204000.0,1,auto,rented,2.8,809
CUST002630,34,business_owner,97,tier3,198000.0,1,home,owned,3.7,630
CUST002631,35,salaried,70,metro,894000.0,0,,owned,1.6,642
CUST002632,27,business_owner,64,tier2,218000.0,0,,owned,1.5,620
CUST002633,34,self_employed,64,metro,762000.0,1,home,rented,4.7,702
CUST002634,35,salaried,78,tier3,682000.0,0,,rented,1.2,655
CUST002635,44,business_owner,227,tier3,315000.0,0,,owned,1.6,708
CUST002636,44,salaried,120,metro,929000.0,0,,owned,1.0,598
CUST002637,32,salaried,102,metro,827000.0,0,,rented,0.3,640
CUST002638,33,salaried,51,metro,450000.0,1,auto,rented,6.0,702
CUST002639,40,salaried,50,tier2,468000.0,0,,rented,5.9,585
CUST002640,30,salaried,65,tier3,794000.0,0,,owned,4.3,776
CUST002641,39,business_owner,145,tier2,213000.0,0,,rented,0.7,721
CUST002642,34,salaried,125,tier2,1088000.0,0,,owned,0.6,743
CUST002643,27,salaried,34,tier2,872000.0,0,,owned,3.6,592
CUST002644,27,self_employed,22,tier2,327000.0,0,,rented,0.6,823
CUST002645,46,salaried,124,metro,958000.0,0,,owned,0.2,493
CUST002646,33,self_employed,81,metro,612000.0,0,,rented,4.3,751
CUST002647,48,salaried,187,metro,765000.0,1,mortgage,owned,0.3,697
CUST002648,30,business_owner,46,tier2,289000.0,0,,rented,3.5,744
CUST002649,37,self_employed,128,metro,186000.0,0,,owned,2.6,665
CUST002650,54,salaried,312,tier2,1056000.0,1,home,owned,0.3,667
CUST002651,26,salaried,28,metro,666000.0,2,personal|mortgage,owned,1.6,747
CUST002652,21,salaried,3,tier2,590000.0,0,,rented,4.7,684
CUST002653,45,business_owner,100,metro,661000.0,0,,rented,0.6,679
CUST002654,28,self_employed,69,tier2,237000.0,0,,rented,1.6,707
CUST002655,34,salaried,58,metro,457000.0,0,,rented,0.4,807
CUST002656,30,salaried,62,metro,888000.0,3,personal|mortgage|home,rented,7.5,541
CUST002657,37,business_owner,89,metro,1105000.0,2,auto|mortgage,owned,2.2,776
CUST002658,27,salaried,17,tier2,254000.0,2,home|personal,owned,1.7,725
CUST002659,33,self_employed,70,tier3,302000.0,2,mortgage|home,rented,6.0,689
CUST002660,38,self_employed,72,metro,1181000.0,0,,owned,2.1,570
CUST002661,26,salaried,46,tier2,901000.0,0,,owned,2.0,738
CUST002662,29,salaried,35,tier2,692000.0,1,home,owned,4.6,583
CUST002663,32,salaried,110,tier2,502000.0,0,,rented,1.1,767
CUST002664,23,salaried,12,tier2,848000.0,0,,owned,2.8,611
CUST002665,31,business_owner,49,metro,341000.0,0,,owned,2.0,817
CUST002666,35,self_employed,84,tier2,203000.0,0,,rented,1.3,596
CUST002667,31,self_employed,42,tier3,292000.0,0,,rented,1.2,575
CUST002668,32,salaried,97,tier3,506000.0,1,personal,owned,0.4,676
CUST002669,34,salaried,43,metro,535000.0,2,mortgage|personal,rented,1.2,618
CUST002670,29,self_employed,85,tier2,913000.0,0,,owned,0.2,588
CUST002671,40,salaried,52,metro,1057000.0,0,,owned,2.3,836
CUST002672,46,salaried,118,tier2,506000.0,2,mortgage|personal,owned,0.4,609
CUST002673,31,salaried,34,metro,1278000.0,1,mortgage,rented,0.2,675
CUST002674,38,self_employed,141,metro,197000.0,2,home|auto,rented,8.5,803
CUST002675,33,self_employed,77,tier2,461000.0,2,auto|home,owned,3.1,681
CUST002676,37,salaried,155,tier3,347000.0,0,,owned,5.2,761
CUST002677,47,business_owner,166,metro,463000.0,2,mortgage|home,owned,1.2,734
CUST002678,39,salaried,48,tier2,832000.0,0,,owned,2.0,749
CUST002679,21,salaried,3,tier2,1047000.0,0,,owned,0.2,678
CUST002680,38,salaried,117,tier3,423000.0,1,home,owned,0.8,737
CUST002681,44,self_employed,245,tier2,114000.0,1,mortgage,owned,1.1,822
CUST002682,33,salaried,68,metro,705000.0,0,,rented,5.0,629
CUST002683,42,salaried,171,metro,1697000.0,0,,owned,1.3,722
CUST002684,29,salaried,29,tier2,520000.0,1,personal,owned,2.7,598
CUST002685,23,self_employed,22,metro,240000.0,0,,owned,3.2,778
CUST002686,36,self_employed,72,tier3,515000.0,0,,owned,0.1,534
CUST002687,21,salaried,3,tier3,606000.0,0,,rented,0.1,658
CUST002688,33,business_owner,52,tier3,202000.0,1,personal,owned,9.4,725
CUST002689,45,salaried,204,metro,726000.0,1,home,owned,1.4,645
CUST002690,21,salaried,3,tier2,441000.0,0,,owned,3.9,498
CUST002691,24,salaried,27,tier2,826000.0,1,home,rented,8.3,615
CUST002692,26,self_employed,36,metro,831000.0,0,,owned,1.3,623
CUST002693,34,salaried,74,metro,511000.0,0,,rented,0.4,826
CUST002694,32,salaried,97,metro,866000.0,1,home,rented,2.1,730
CUST002695,46,salaried,173,metro,636000.0,0,,owned,2.1,739
CUST002696,42,salaried,152,tier3,983000.0,1,mortgage,owned,4.1,573
CUST002697,38,self_employed,82,tier3,290000.0,2,auto|home,owned,2.2,684
CUST002698,36,business_owner,107,metro,481000.0,1,home,owned,2.0,824
CUST002699,38,salaried,89,tier2,636000.0,0,,owned,1.9,765
CUST002700,28,self_employed,58,metro,690000.0,0,,owned,1.9,588
CUST002701,41,salaried,78,metro,732000.0,1,home,owned,4.7,730
CUST002702,26,salaried,27,metro,1226000.0,0,,rented,1.1,568
CUST002703,41,salaried,180,tier2,1234000.0,3,personal|home|auto,owned,6.1,607
CUST002704,44,business_owner,169,tier2,176000.0,1,home,rented,2.2,489
CUST002705,36,salaried,140,tier3,970000.0,0,,owned,0.2,649
CUST002706,33,self_employed,58,tier3,299000.0,0,,owned,4.7,716
CUST002707,38,salaried,99,metro,980000.0,1,auto,rented,4.3,597
CUST002708,21,self_employed,3,tier2,393000.0,0,,rented,1.2,676
CUST002709,37,salaried,88,metro,986000.0,0,,owned,4.1,583
CUST002710,34,business_owner,124,metro,451000.0,1,auto,rented,3.7,631
CUST002711,34,self_employed,56,tier2,171000.0,0,,owned,0.9,565
CUST002712,40,salaried,122,metro,1173000.0,1,mortgage,rented,1.5,796
CUST002713,34,self_employed,52,metro,711000.0,0,,rented,3.6,622
CUST002714,25,self_employed,37,metro,260000.0,0,,owned,9.6,661
CUST002715,33,salaried,106,metro,683000.0,0,,rented,5.0,587
CUST002716,35,salaried,35,tier3,264000.0,2,home|mortgage,owned,1.9,687
CUST002717,35,self_employed,87,metro,1316000.0,2,auto|home,owned,0.9,900
CUST002718,36,self_employed,93,tier2,195000.0,2,auto|home,owned,2.4,900
CUST002719,43,salaried,176,tier3,779000.0,0,,rented,5.3,664
CUST002720,26,business_owner,15,tier2,348000.0,0,,rented,4.8,722
CUST002721,36,salaried,83,tier2,451000.0,2,auto|mortgage,owned,8.9,771
CUST002722,45,salaried,204,tier3,332000.0,2,auto|personal,owned,0.2,797
CUST002723,21,salaried,3,metro,900000.0,0,,rented,0.2,741
CUST002724,36,salaried,123,metro,799000.0,0,,owned,1.0,759
CUST002725,30,salaried,47,tier2,951000.0,0,,rented,4.5,721
CUST002726,32,salaried,105,tier2,654000.0,0,,rented,2.4,602
CUST002727,27,salaried,18,tier3,1050000.0,0,,rented,1.9,783
CUST002728,33,salaried,37,metro,1041000.0,0,,owned,0.9,697
CUST002729,49,self_employed,213,tier2,403000.0,1,mortgage,owned,4.3,689
CUST002730,24,salaried,18,tier2,415000.0,0,,rented,0.1,537
CUST002731,25,self_employed,33,tier3,568000.0,0,,owned,3.3,615
CUST002732,24,salaried,12,metro,475000.0,0,,owned,4.1,625
CUST002733,48,salaried,112,metro,1214000.0,1,personal,owned,1.2,732
CUST002734,31,salaried,82,tier3,711000.0,0,,owned,1.4,846
CUST002735,34,self_employed,67,tier2,1345000.0,0,,rented,12.4,729
CUST002736,31,salaried,80,metro,596000.0,0,,owned,0.7,668
CUST002737,27,salaried,44,metro,1340000.0,2,home|auto,owned,0.4,595
CUST002738,33,self_employed,44,tier3,475000.0,0,,rented,2.4,796
CUST002739,54,self_employed,288,tier2,276000.0,2,auto|mortgage,owned,0.6,713
CUST002740,46,self_employed,297,tier2,456000.0,2,personal|auto,owned,0.6,346
CUST002741,28,salaried,61,tier3,564000.0,2,personal|mortgage,owned,1.6,778
CUST002742,40,salaried,46,metro,651000.0,3,personal|home|auto,rented,4.3,718
CUST002743,28,salaried,46,metro,1031000.0,1,home,owned,1.8,491
CUST002744,21,self_employed,3,tier2,1583000.0,0,,rented,2.2,690
CUST002745,43,salaried,155,tier3,725000.0,0,,rented,1.0,692
CUST002746,44,salaried,107,metro,920000.0,0,,owned,5.4,541
CUST002747,43,salaried,86,tier2,693000.0,0,,owned,2.4,843
CUST002748,31,salaried,77,metro,666000.0,2,mortgage|auto,owned,4.2,674
CUST002749,33,self_employed,124,metro,866000.0,1,home,rented,1.2,641
CUST002750,40,salaried,180,tier3,248000.0,0,,owned,1.4,589
CUST002751,38,salaried,160,metro,952000.0,1,mortgage,owned,1.6,642
CUST002752,31,salaried,50,metro,1172000.0,0,,rented,1.0,670
CUST002753,22,salaried,7,tier3,467000.0,0,,rented,1.4,736
CUST002754,35,salaried,44,metro,621000.0,3,auto|home|mortgage,rented,2.8,662
CUST002755,43,salaried,69,metro,856000.0,1,home,rented,10.9,622
CUST002756,25,self_employed,12,tier3,794000.0,0,,owned,1.2,698
CUST002757,40,self_employed,191,metro,584000.0,0,,owned,2.1,645
CUST002758,37,business_owner,74,tier2,438000.0,0,,rented,8.9,674
CUST002759,41,business_owner,139,metro,1427000.0,2,home|mortgage,rented,4.6,808
CUST002760,41,salaried,115,metro,2797000.0,1,auto,owned,6.5,615
CUST002761,29,salaried,39,tier2,509000.0,1,personal,owned,0.4,643
CUST002762,22,salaried,6,metro,835000.0,0,,rented,12.6,611
CUST002763,30,self_employed,23,tier3,496000.0,0,,owned,15.0,754
CUST002764,42,salaried,112,tier3,306000.0,1,mortgage,owned,0.3,502
CUST002765,30,salaried,55,tier3,685000.0,1,mortgage,owned,0.6,605
CUST002766,29,salaried,69,metro,877000.0,1,home,owned,1.2,719
CUST002767,21,salaried,3,metro,986000.0,0,,owned,1.0,666
CUST002768,49,self_employed,314,tier3,257000.0,2,auto|home,owned,2.6,734
CUST002769,41,self_employed,117,tier2,468000.0,2,auto|personal,owned,6.3,662
CUST002770,41,salaried,69,tier2,243000.0,0,,rented,0.8,594
CUST002771,42,business_owner,119,tier3,766000.0,2,personal|mortgage,rented,2.2,668
CUST002772,39,salaried,178,metro,1344000.0,2,home|mortgage,owned,0.3,563
CUST002773,33,salaried,48,metro,1083000.0,0,,owned,0.4,580
CUST002774,33,salaried,45,tier2,719000.0,1,auto,owned,0.3,737
CUST002775,31,self_employed,107,tier2,154000.0,0,,rented,0.0,631
CUST002776,56,salaried,343,metro,596000.0,2,home|mortgage,owned,2.8,652
CUST002777,39,salaried,64,tier2,573000.0,0,,rented,7.7,691
CUST002778,31,business_owner,86,tier3,274000.0,1,auto,rented,2.7,513
CUST002779,38,salaried,97,metro,438000.0,0,,rented,1.9,539
CUST002780,26,salaried,31,metro,556000.0,2,home|mortgage,owned,1.4,689
CUST002781,47,self_employed,174,tier2,433000.0,1,auto,owned,5.1,643
CUST002782,29,business_owner,83,tier3,364000.0,0,,owned,0.9,660
CUST002783,39,self_employed,85,tier3,870000.0,1,personal,rented,0.7,710
CUST002784,43,business_owner,210,metro,1872000.0,1,mortgage,owned,2.9,570
CUST002785,38,salaried,41,tier3,628000.0,0,,rented,5.9,628
CUST002786,35,self_employed,120,tier3,265000.0,0,,rented,0.0,648
CUST002787,35,self_employed,117,tier2,565000.0,0,,rented,1.3,710
CUST002788,34,salaried,107,metro,428000.0,1,personal,owned,2.3,647
CUST002789,30,salaried,86,metro,315000.0,1,personal,rented,3.1,623
CUST002790,31,business_owner,96,tier2,326000.0,0,,owned,0.0,782
CUST002791,46,salaried,202,metro,1185000.0,0,,owned,0.1,658
CUST002792,34,salaried,56,metro,922000.0,1,home,owned,12.1,738
CUST002793,28,business_owner,90,tier3,113000.0,1,personal,owned,9.1,517
CUST002794,30,business_owner,66,metro,319000.0,1,personal,owned,7.2,564
CUST002795,43,business_owner,126,tier3,124000.0,0,,owned,1.3,707
CUST002796,40,business_owner,152,tier2,124000.0,0,,owned,1.4,633
CUST002797,39,salaried,98,tier3,932000.0,0,,rented,0.2,595
CUST002798,32,business_owner,79,metro,804000.0,0,,rented,0.6,594
CUST002799,39,salaried,92,tier2,1314000.0,0,,rented,0.6,767
CUST002800,29,self_employed,43,tier2,153000.0,1,auto,owned,11.4,713
CUST002801,32,salaried,106,tier3,558000.0,0,,owned,4.6,649
CUST002802,42,self_employed,250,metro,625000.0,0,,rented,1.5,702
CUST002803,41,salaried,125,metro,1308000.0,0,,rented,4.3,627
CUST002804,27,self_employed,68,tier3,362000.0,0,,owned,1.0,618
CUST002805,28,salaried,39,metro,1365000.0,0,,owned,0.5,558
CUST002806,35,salaried,75,tier2,790000.0,0,,rented,8.3,673
CUST002807,48,salaried,257,metro,544000.0,1,auto,rented,2.3,569
CUST002808,21,salaried,3,metro,1198000.0,1,home,rented,2.3,660
CUST002809,37,self_employed,154,tier2,321000.0,1,auto,owned,8.2,616
CUST002810,23,salaried,11,tier2,461000.0,1,personal,owned,5.0,764
CUST002811,29,salaried,44,tier2,751000.0,1,home,owned,3.6,596
CUST002812,32,salaried,33,tier2,874000.0,1,auto,rented,1.4,817
CUST002813,31,salaried,99,tier2,477000.0,0,,owned,4.6,603
CUST002814,30,self_employed,43,tier3,354000.0,0,,owned,4.4,628
CUST002815,35,salaried,87,metro,453000.0,0,,rented,1.8,835
CUST002816,30,salaried,29,metro,373000.0,0,,owned,1.9,559
CUST002817,23,salaried,14,metro,814000.0,1,mortgage,owned,1.6,676
CUST002818,41,salaried,108,tier3,659000.0,1,home,owned,0.9,671
CUST002819,41,self_employed,170,metro,234000.0,1,mortgage,rented,0.9,491
CUST002820,41,salaried,130,tier2,1153000.0,0,,rented,0.0,678
CUST002821,22,salaried,3,tier2,534000.0,1,home,owned,1.2,516
CUST002822,37,self_employed,42,tier2,458000.0,0,,rented,2.8,658
CUST002823,40,salaried,77,tier3,432000.0,2,auto|personal,rented,1.9,838
CUST002824,26,salaried,40,tier2,904000.0,0,,rented,1.1,418
CUST002825,35,salaried,124,tier2,434000.0,1,auto,owned,1.3,648
CUST002826,34,business_owner,73,metro,357000.0,2,home|mortgage,rented,3.7,639
CUST002827,49,salaried,184,tier2,465000.0,0,,owned,6.4,589
CUST002828,50,salaried,123,metro,688000.0,1,home,owned,3.6,542
CUST002829,21,business_owner,3,tier3,426000.0,0,,rented,1.9,753
CUST002830,54,self_employed,408,metro,582000.0,1,home,owned,1.2,697
CUST002831,27,self_employed,61,metro,725000.0,0,,rented,0.9,512
CUST002832,42,business_owner,81,metro,912000.0,0,,owned,4.0,570
CUST002833,42,salaried,122,tier2,769000.0,1,auto,owned,3.1,580
CUST002834,27,self_employed,70,tier3,316000.0,0,,rented,2.4,538
CUST002835,38,self_employed,83,metro,691000.0,0,,rented,5.2,662
CUST002836,34,salaried,99,metro,705000.0,0,,rented,0.6,677
CUST002837,39,salaried,174,tier2,528000.0,0,,rented,1.9,651
CUST002838,36,salaried,126,tier3,682000.0,1,personal,rented,0.7,836
CUST002839,44,business_owner,209,tier3,445000.0,1,auto,owned,1.1,595
CUST002840,35,salaried,88,metro,1132000.0,2,mortgage|personal,rented,5.0,637
CUST002841,33,salaried,115,tier2,1654000.0,3,home|personal|auto,rented,1.7,632
CUST002842,43,self_employed,135,tier3,217000.0,1,mortgage,owned,5.8,706
CUST002843,39,self_employed,177,tier3,374000.0,0,,owned,6.4,722
CUST002844,40,salaried,109,tier2,552000.0,2,home|mortgage,owned,3.5,553
CUST002845,29,self_employed,77,tier2,828000.0,0,,rented,6.5,760
CUST002846,26,salaried,47,tier2,841000.0,1,home,rented,0.7,598
CUST002847,30,self_employed,69,metro,1251000.0,0,,owned,0.3,731
CUST002848,30,salaried,43,metro,811000.0,0,,rented,7.2,751
CUST002849,41,salaried,55,metro,801000.0,0,,rented,2.5,690
CUST002850,42,self_employed,184,metro,933000.0,0,,owned,1.8,575
CUST002851,33,salaried,87,metro,927000.0,1,personal,rented,9.2,652
CUST002852,46,salaried,111,tier3,399000.0,1,home,owned,1.0,723
CUST002853,45,salaried,221,tier3,511000.0,1,home,owned,0.7,727
CUST002854,36,self_employed,183,metro,302000.0,1,home,rented,0.0,743
CUST002855,28,business_owner,77,metro,741000.0,1,auto,owned,1.3,693
CUST002856,47,self_employed,196,tier2,633000.0,1,home,owned,0.6,685
CUST002857,34,business_owner,145,tier2,704000.0,0,,rented,0.4,807
CUST002858,36,business_owner,142,metro,584000.0,1,home,owned,0.6,625
CUST002859,32,salaried,35,tier3,1364000.0,0,,owned,4.1,633
CUST002860,27,salaried,60,metro,658000.0,1,auto,owned,1.8,579
CUST002861,23,business_owner,16,metro,465000.0,1,personal,rented,2.3,899
CUST002862,40,business_owner,224,tier2,297000.0,0,,owned,3.0,698
CUST002863,28,business_owner,69,tier2,340000.0,0,,rented,3.1,746
CUST002864,59,self_employed,360,metro,677000.0,0,,rented,6.1,720
CUST002865,26,salaried,24,tier2,557000.0,2,mortgage|personal,rented,1.8,674
CUST002866,24,business_owner,7,tier3,220000.0,1,auto,rented,9.6,900
CUST002867,39,business_owner,86,metro,1828000.0,1,auto,owned,5.5,789
CUST002868,47,self_employed,225,tier2,557000.0,0,,owned,0.5,626
CUST002869,35,business_owner,140,metro,1013000.0,0,,owned,2.9,655
CUST002870,39,salaried,43,tier2,580000.0,1,mortgage,owned,2.0,699
CUST002871,21,business_owner,3,tier2,415000.0,0,,rented,1.3,631
CUST002872,29,salaried,61,metro,758000.0,1,home,rented,7.0,623
CUST002873,26,business_owner,23,metro,940000.0,0,,owned,0.9,543
CUST002874,21,salaried,3,tier3,447000.0,0,,rented,13.4,464
CUST002875,35,salaried,42,metro,958000.0,1,mortgage,rented,5.2,857
CUST002876,21,salaried,3,tier3,344000.0,1,mortgage,rented,8.8,634
CUST002877,24,salaried,21,metro,1134000.0,1,personal,rented,0.4,627
CUST002878,30,salaried,81,tier3,470000.0,1,personal,rented,9.1,611
CUST002879,28,business_owner,41,tier2,298000.0,0,,rented,4.9,742
CUST002880,38,salaried,58,metro,903000.0,1,home,rented,3.4,724
CUST002881,37,business_owner,139,tier2,775000.0,1,home,rented,3.4,722
CUST002882,42,salaried,212,tier3,561000.0,0,,rented,1.1,731
CUST002883,41,salaried,104,tier2,960000.0,0,,rented,2.8,655
CUST002884,44,self_employed,216,tier2,487000.0,2,home|personal,owned,0.1,793
CUST002885,34,self_employed,139,tier2,277000.0,2,mortgage|auto,owned,1.2,663
CUST002886,37,salaried,152,tier2,385000.0,0,,rented,1.5,747
CUST002887,39,self_employed,114,tier2,259000.0,2,auto|home,owned,2.9,516
CUST002888,36,self_employed,57,tier3,145000.0,1,home,owned,0.7,772
CUST002889,31,salaried,33,metro,672000.0,0,,owned,7.0,599
CUST002890,32,business_owner,97,tier2,466000.0,0,,rented,15.0,549
CUST002891,28,self_employed,64,tier2,576000.0,1,auto,rented,1.3,538
CUST002892,38,self_employed,126,tier3,304000.0,0,,owned,15.0,698
CUST002893,34,salaried,37,metro,1050000.0,1,mortgage,owned,0.2,835
CUST002894,29,salaried,23,metro,1008000.0,0,,rented,2.0,662
CUST002895,29,salaried,56,metro,894000.0,0,,owned,2.5,669
CUST002896,25,self_employed,40,tier2,706000.0,0,,rented,3.3,724
CUST002897,42,self_employed,136,tier2,212000.0,0,,owned,0.3,603
CUST002898,35,salaried,104,metro,946000.0,0,,owned,5.8,666
CUST002899,28,self_employed,50,metro,383000.0,0,,rented,1.7,648
CUST002900,41,salaried,186,tier3,287000.0,0,,rented,1.9,857
CUST002901,30,salaried,80,tier2,335000.0,1,auto,rented,2.1,686
CUST002902,23,business_owner,9,tier2,173000.0,0,,rented,1.1,722
CUST002903,43,salaried,169,metro,878000.0,1,auto,rented,1.3,590
CUST002904,30,salaried,81,metro,737000.0,0,,owned,3.0,577
CUST002905,31,salaried,96,metro,745000.0,1,home,owned,1.1,714
CUST002906,35,salaried,98,metro,853000.0,1,home,owned,0.9,702
CUST002907,44,self_employed,106,tier2,1001000.0,3,auto|home|mortgage,owned,3.1,772
CUST002908,35,business_owner,112,metro,400000.0,1,personal,owned,9.4,600
CUST002909,25,salaried,30,metro,473000.0,0,,owned,7.1,646
CUST002910,39,salaried,81,metro,642000.0,1,home,rented,5.1,539
CUST002911,31,salaried,99,metro,822000.0,0,,owned,0.7,610
CUST002912,50,salaried,121,metro,1094000.0,1,personal,owned,3.4,549
CUST002913,34,salaried,123,metro,1039000.0,1,mortgage,owned,0.8,654
CUST002914,21,salaried,3,metro,1398000.0,1,personal,rented,1.3,722
CUST002915,37,business_owner,39,tier2,214000.0,1,mortgage,owned,0.5,577
CUST002916,50,salaried,192,tier3,365000.0,1,home,rented,4.9,576
CUST002917,47,salaried,189,tier2,1366000.0,0,,owned,7.4,639
CUST002918,49,salaried,257,metro,231000.0,1,auto,owned,2.7,638
CUST002919,26,self_employed,37,tier3,438000.0,0,,owned,1.9,724
CUST002920,42,salaried,65,tier3,555000.0,1,auto,rented,2.8,563
CUST002921,29,salaried,77,tier2,1533000.0,2,mortgage|personal,owned,0.9,404
CUST002922,36,self_employed,109,metro,331000.0,0,,rented,0.7,685
CUST002923,24,salaried,13,tier2,536000.0,0,,rented,0.2,832
CUST002924,29,business_owner,91,tier3,182000.0,1,auto,rented,7.4,637
CUST002925,29,salaried,26,tier3,203000.0,1,home,owned,0.5,715
CUST002926,42,self_employed,70,tier2,197000.0,1,personal,owned,6.5,647
CUST002927,41,business_owner,146,tier2,1074000.0,1,personal,rented,0.6,747
CUST002928,37,salaried,116,tier3,786000.0,0,,owned,1.0,653
CUST002929,24,self_employed,21,metro,438000.0,0,,rented,5.2,673
CUST002930,32,salaried,106,metro,1213000.0,1,auto,rented,0.6,802
CUST002931,29,self_employed,46,tier3,258000.0,1,home,owned,0.5,732
CUST002932,41,business_owner,249,metro,989000.0,0,,rented,1.1,592
CUST002933,44,self_employed,73,metro,768000.0,0,,owned,7.6,620
CUST002934,43,business_owner,82,metro,686000.0,0,,owned,1.9,626
CUST002935,28,salaried,26,metro,1440000.0,0,,owned,0.4,578
CUST002936,21,salaried,3,metro,512000.0,1,home,rented,1.9,605
CUST002937,21,salaried,3,tier2,748000.0,0,,owned,6.0,644
CUST002938,46,self_employed,237,tier2,427000.0,0,,owned,7.1,585
CUST002939,31,business_owner,110,tier2,376000.0,0,,rented,4.9,726
CUST002940,28,self_employed,64,metro,425000.0,0,,owned,3.5,529
CUST002941,48,salaried,66,tier3,425000.0,1,mortgage,owned,4.1,548
CUST002942,45,salaried,219,tier2,738000.0,1,auto,owned,1.0,739
CUST002943,35,self_employed,94,tier3,489000.0,0,,owned,5.3,851
CUST002944,32,business_owner,94,metro,319000.0,1,auto,owned,0.3,677
CUST002945,33,salaried,96,metro,1648000.0,0,,owned,2.5,579
CUST002946,36,salaried,56,tier3,263000.0,0,,rented,0.2,579
CUST002947,47,salaried,166,tier3,425000.0,1,auto,owned,4.6,621
CUST002948,38,salaried,163,metro,443000.0,2,personal|auto,rented,3.9,768
CUST002949,40,business_owner,100,tier2,802000.0,0,,rented,0.5,726
CUST002950,44,salaried,183,tier2,741000.0,1,mortgage,rented,5.0,568
CUST002951,25,salaried,39,metro,3797000.0,0,,owned,13.5,712
CUST002952,41,salaried,104,tier2,1011000.0,0,,owned,3.8,809
CUST002953,32,salaried,59,metro,1068000.0,0,,owned,2.7,786
CUST002954,21,business_owner,3,metro,662000.0,1,personal,rented,1.1,799
CUST002955,21,salaried,3,tier3,447000.0,1,personal,rented,7.0,727
CUST002956,26,salaried,29,tier2,662000.0,0,,rented,3.5,539
CUST002957,39,salaried,111,tier3,536000.0,1,mortgage,rented,1.7,607
CUST002958,35,business_owner,66,tier2,244000.0,1,mortgage,owned,5.0,786
CUST002959,36,business_owner,161,tier3,177000.0,1,personal,rented,2.6,649
CUST002960,50,salaried,271,tier2,633000.0,1,mortgage,owned,1.2,484
CUST002961,24,self_employed,23,tier2,1403000.0,0,,owned,0.3,734
CUST002962,34,salaried,128,metro,803000.0,2,personal|auto,rented,1.4,750
CUST002963,37,salaried,124,tier2,468000.0,0,,rented,8.0,647
CUST002964,29,salaried,79,tier2,714000.0,0,,owned,1.9,729
CUST002965,35,self_employed,57,tier2,729000.0,1,mortgage,owned,1.6,605
CUST002966,22,business_owner,5,metro,598000.0,1,home,rented,2.9,588
CUST002967,46,salaried,232,metro,521000.0,1,personal,rented,1.5,467
CUST002968,29,salaried,45,tier3,427000.0,0,,owned,1.1,583
CUST002969,51,salaried,158,tier3,367000.0,0,,owned,0.1,809
CUST002970,34,salaried,107,metro,817000.0,2,mortgage|auto,owned,2.6,331
CUST002971,43,salaried,160,tier2,713000.0,1,home,owned,0.7,595
CUST002972,34,salaried,66,tier2,485000.0,1,home,owned,0.1,631
CUST002973,34,business_owner,80,tier3,232000.0,0,,owned,1.8,733
CUST002974,30,salaried,50,metro,1085000.0,0,,owned,1.1,462
CUST002975,35,business_owner,59,tier2,450000.0,2,personal|mortgage,rented,1.0,586
CUST002976,37,salaried,67,metro,3004000.0,2,home|personal,rented,0.7,602
CUST002977,28,salaried,46,metro,992000.0,1,personal,rented,1.3,691
CUST002978,33,salaried,101,tier3,275000.0,0,,owned,0.5,654
CUST002979,30,business_owner,56,metro,418000.0,1,auto,rented,1.9,505
CUST002980,53,salaried,172,metro,608000.0,1,auto,rented,2.5,649
CUST002981,34,salaried,97,metro,644000.0,1,auto,rented,1.6,560
CUST002982,47,self_employed,115,tier2,276000.0,0,,owned,5.6,721
CUST002983,33,self_employed,79,tier2,156000.0,0,,owned,0.7,632
CUST002984,37,self_employed,67,metro,450000.0,0,,owned,0.6,837
CUST002985,24,salaried,22,tier2,1041000.0,0,,rented,0.3,620
CUST002986,31,salaried,32,tier3,366000.0,0,,owned,4.5,628
CUST002987,36,self_employed,90,metro,880000.0,0,,owned,2.3,632
CUST002988,47,self_employed,187,tier3,166000.0,0,,rented,0.0,662
CUST002989,36,self_employed,135,metro,256000.0,0,,rented,2.5,755
CUST002990,46,salaried,201,tier2,417000.0,1,auto,owned,7.1,640
CUST002991,40,salaried,185,metro,998000.0,0,,rented,4.5,644
CUST002992,48,business_owner,251,metro,454000.0,1,auto,owned,3.1,712
CUST002993,34,self_employed,73,metro,826000.0,1,personal,owned,2.4,544
CUST002994,54,salaried,138,metro,429000.0,1,mortgage,owned,3.0,711
CUST002995,31,business_owner,36,tier3,933000.0,0,,rented,3.9,645
CUST002996,28,salaried,31,tier2,894000.0,3,mortgage|home|personal,owned,0.3,548
CUST002997,25,salaried,13,tier3,541000.0,0,,owned,0.4,489
CUST002998,53,salaried,168,tier2,641000.0,1,home,rented,5.7,580
CUST002999,41,self_employed,165,tier2,1420000.0,2,auto|mortgage,rented,3.5,636
CUST003000,32,salaried,85,metro,2466000.0,0,,rented,0.7,671
CUST003001,44,salaried,112,tier2,530000.0,0,,owned,2.0,629
CUST003002,40,self_employed,124,metro,343000.0,0,,owned,5.2,546
CUST003003,50,salaried,118,tier3,333000.0,0,,owned,6.7,660
CUST003004,22,business_owner,7,tier3,153000.0,1,auto,owned,0.1,515
CUST003005,32,salaried,70,metro,1032000.0,0,,rented,5.3,565
CUST003006,31,salaried,47,tier2,682000.0,0,,owned,2.0,777
CUST003007,21,self_employed,3,tier2,222000.0,0,,owned,2.5,617
CUST003008,43,self_employed,238,tier2,300000.0,0,,rented,3.1,717
CUST003009,32,salaried,72,metro,1026000.0,1,home,owned,1.8,806
CUST003010,40,self_employed,159,tier2,360000.0,1,personal,owned,5.1,646
CUST003011,53,business_owner,96,tier3,202000.0,1,mortgage,owned,2.0,713
CUST003012,32,self_employed,50,metro,787000.0,0,,owned,4.1,711
CUST003013,31,self_employed,62,tier2,1165000.0,0,,rented,2.4,612
CUST003014,35,salaried,139,metro,990000.0,1,personal,owned,1.3,589
CUST003015,42,salaried,79,tier3,647000.0,0,,owned,0.3,609
CUST003016,30,salaried,42,metro,542000.0,0,,rented,0.0,707
CUST003017,29,salaried,80,metro,732000.0,1,mortgage,rented,0.8,766
CUST003018,43,self_employed,141,metro,1089000.0,0,,owned,1.5,553
CUST003019,38,salaried,83,tier3,263000.0,1,personal,rented,1.5,572
CUST003020,21,salaried,3,tier2,700000.0,0,,rented,4.2,644
CUST003021,25,salaried,25,metro,1168000.0,0,,rented,10.6,578
CUST003022,47,salaried,256,metro,944000.0,2,personal|auto,owned,1.2,630
CUST003023,38,salaried,51,tier3,561000.0,1,home,owned,1.6,709
CUST003024,28,self_employed,74,tier2,533000.0,0,,rented,4.3,767
CUST003025,33,salaried,54,metro,725000.0,1,mortgage,owned,3.9,606
CUST003026,35,salaried,121,tier3,257000.0,1,mortgage,owned,4.4,602
CUST003027,40,salaried,171,metro,752000.0,2,personal|auto,owned,0.5,685
CUST003028,24,self_employed,32,tier2,389000.0,2,personal|auto,owned,1.9,647
CUST003029,28,salaried,64,metro,1414000.0,0,,owned,0.2,536
CUST003030,37,salaried,128,tier2,480000.0,0,,owned,2.4,574
CUST003031,34,salaried,45,tier3,367000.0,0,,rented,0.1,645
CUST003032,39,salaried,50,metro,730000.0,0,,owned,2.4,721
CUST003033,25,business_owner,25,tier2,525000.0,0,,rented,2.1,751
CUST003034,37,self_employed,123,tier3,235000.0,2,auto|personal,owned,0.8,531
CUST003035,43,business_owner,131,tier3,739000.0,1,home,owned,0.0,607
CUST003036,38,business_owner,139,tier2,1833000.0,1,auto,rented,7.8,754
CUST003037,36,salaried,120,tier2,429000.0,1,home,rented,1.3,609
CUST003038,34,salaried,129,tier3,617000.0,2,personal|home,rented,3.5,633
CUST003039,28,salaried,38,metro,1155000.0,0,,owned,2.6,609
CUST003040,34,salaried,110,metro,725000.0,0,,rented,0.9,679
CUST003041,45,salaried,196,metro,485000.0,0,,rented,3.8,639
CUST003042,34,salaried,131,tier3,453000.0,0,,rented,2.2,726
CUST003043,27,salaried,50,metro,2239000.0,1,home,rented,0.3,536
CUST003044,31,salaried,46,metro,1020000.0,0,,owned,1.4,640
CUST003045,36,self_employed,40,tier2,435000.0,1,personal,rented,1.1,768
CUST003046,32,self_employed,121,metro,366000.0,0,,owned,0.7,657
CUST003047,38,business_owner,163,metro,519000.0,1,mortgage,owned,9.7,665
CUST003048,39,salaried,157,tier2,667000.0,0,,rented,0.4,762
CUST003049,42,salaried,180,metro,1188000.0,0,,owned,0.3,667
CUST003050,46,business_owner,224,tier3,202000.0,1,mortgage,owned,3.9,751
CUST003051,42,self_employed,203,metro,186000.0,0,,owned,8.6,758
CUST003052,27,salaried,57,tier3,519000.0,0,,owned,0.2,520
CUST003053,27,salaried,57,tier2,455000.0,2,personal|auto,rented,0.2,634
CUST003054,34,salaried,69,metro,654000.0,0,,rented,4.4,576
CUST003055,31,business_owner,33,metro,360000.0,1,mortgage,rented,5.4,679
CUST003056,25,self_employed,10,tier2,487000.0,2,auto|mortgage,rented,1.2,743
CUST003057,31,salaried,58,metro,701000.0,2,mortgage|home,owned,1.2,449
CUST003058,31,salaried,89,metro,1228000.0,0,,rented,1.3,532
CUST003059,29,salaried,72,tier3,709000.0,1,personal,owned,2.9,463
CUST003060,32,salaried,61,tier2,562000.0,0,,rented,3.6,571
CUST003061,44,self_employed,116,tier3,207000.0,0,,rented,1.1,627
CUST003062,36,salaried,95,metro,965000.0,0,,rented,0.3,768
CUST003063,54,salaried,293,metro,796000.0,1,home,owned,4.8,554
CUST003064,36,salaried,110,tier2,260000.0,0,,owned,3.3,887
CUST003065,32,business_owner,41,metro,1623000.0,0,,rented,4.1,694
CUST003066,35,salaried,73,metro,1206000.0,1,auto,owned,2.4,697
CUST003067,37,salaried,107,metro,733000.0,2,personal|mortgage,owned,2.3,711
CUST003068,38,self_employed,131,metro,247000.0,1,personal,owned,1.4,544
CUST003069,51,self_employed,343,tier3,437000.0,0,,owned,1.9,618
CUST003070,28,self_employed,75,metro,419000.0,0,,rented,5.4,579
CUST003071,41,business_owner,70,tier3,642000.0,2,mortgage|auto,owned,1.9,729
CUST003072,36,salaried,62,metro,357000.0,0,,owned,0.3,589
CUST003073,22,business_owner,6,metro,604000.0,1,mortgage,owned,0.5,626
CUST003074,41,business_owner,103,metro,537000.0,0,,owned,1.2,586
CUST003075,45,salaried,134,tier2,615000.0,0,,owned,2.9,749
CUST003076,28,self_employed,20,tier3,348000.0,1,auto,rented,3.7,591
CUST003077,34,salaried,37,tier3,483000.0,0,,rented,0.9,546
CUST003078,21,salaried,3,metro,1680000.0,0,,rented,2.2,689
CUST003079,24,salaried,9,tier2,497000.0,0,,owned,0.7,665
CUST003080,43,salaried,194,tier3,293000.0,0,,owned,1.7,797
CUST003081,31,business_owner,57,metro,139000.0,0,,rented,2.0,673
CUST003082,26,salaried,24,tier2,476000.0,1,home,rented,3.1,695
CUST003083,36,salaried,47,metro,476000.0,0,,owned,4.4,750
CUST003084,30,salaried,22,tier2,960000.0,1,auto,rented,0.3,712
CUST003085,31,salaried,51,tier2,618000.0,0,,owned,0.6,742
CUST003086,40,salaried,169,metro,1267000.0,0,,owned,1.2,734
CUST003087,25,salaried,38,tier3,888000.0,0,,rented,2.4,616
CUST003088,27,self_employed,22,tier2,525000.0,2,auto|mortgage,owned,0.5,562
CUST003089,36,business_owner,49,tier3,342000.0,0,,rented,6.5,655
CUST003090,42,salaried,76,tier2,1045000.0,0,,owned,0.2,465
CUST003091,44,business_owner,228,metro,1076000.0,2,auto|home,owned,1.2,554
CUST003092,29,self_employed,37,tier2,736000.0,0,,rented,0.4,585
CUST003093,42,self_employed,96,metro,1640000.0,0,,owned,1.8,762
CUST003094,28,salaried,65,tier3,759000.0,0,,owned,3.2,632
CUST003095,49,salaried,258,metro,905000.0,0,,owned,1.3,803
CUST003096,25,business_owner,33,tier3,656000.0,1,auto,rented,1.1,688
CUST003097,45,salaried,88,tier2,608000.0,1,auto,rented,2.7,524
CUST003098,29,salaried,42,tier2,781000.0,0,,rented,1.1,749
CUST003099,51,self_employed,138,tier2,304000.0,1,personal,owned,1.0,765
CUST003100,39,salaried,137,tier2,983000.0,0,,owned,1.6,470
CUST003101,26,self_employed,54,tier2,727000.0,0,,owned,3.8,736
CUST003102,30,salaried,31,tier2,275000.0,0,,owned,3.3,776
CUST003103,41,business_owner,231,metro,1107000.0,0,,owned,3.8,478
CUST003104,43,salaried,132,tier2,376000.0,3,home|mortgage|personal,owned,4.2,549
CUST003105,34,salaried,111,metro,508000.0,0,,rented,1.8,706
CUST003106,35,self_employed,42,tier2,536000.0,1,personal,rented,8.2,655
CUST003107,41,salaried,104,tier2,948000.0,0,,owned,2.9,804
CUST003108,36,business_owner,48,metro,474000.0,0,,rented,5.6,757
CUST003109,24,self_employed,25,tier2,106000.0,1,home,rented,0.4,697
CUST003110,28,salaried,21,tier2,759000.0,0,,owned,0.5,777
CUST003111,36,salaried,75,tier2,810000.0,1,personal,owned,6.4,573
CUST003112,44,business_owner,251,tier2,1028000.0,0,,owned,0.2,644
CUST003113,47,self_employed,239,tier2,438000.0,0,,owned,14.2,797
CUST003114,41,business_owner,182,tier2,258000.0,1,mortgage,owned,0.0,640
CUST003115,37,salaried,125,metro,677000.0,1,auto,rented,0.9,771
CUST003116,40,business_owner,177,metro,260000.0,0,,owned,1.3,604
CUST003117,29,salaried,59,tier2,467000.0,1,mortgage,rented,3.0,603
CUST003118,33,self_employed,78,metro,1070000.0,0,,owned,5.0,558
CUST003119,28,salaried,18,metro,1085000.0,0,,rented,10.6,672
CUST003120,25,salaried,23,metro,1225000.0,0,,owned,0.1,764
CUST003121,37,business_owner,49,metro,161000.0,0,,owned,0.5,691
CUST003122,36,business_owner,110,tier3,126000.0,0,,owned,3.5,695
CUST003123,40,salaried,114,metro,732000.0,0,,owned,0.2,569
CUST003124,39,business_owner,73,metro,407000.0,2,auto|home,rented,0.7,672
CUST003125,36,salaried,127,tier3,505000.0,1,home,owned,1.8,688
CUST003126,39,salaried,142,tier3,263000.0,2,home|mortgage,owned,1.5,568
CUST003127,34,salaried,87,metro,1423000.0,0,,rented,0.4,711
CUST003128,38,salaried,163,tier3,310000.0,1,home,owned,0.7,610
CUST003129,29,salaried,37,metro,1713000.0,0,,rented,4.9,612
CUST003130,37,salaried,71,tier3,577000.0,1,home,rented,6.8,742
CUST003131,40,salaried,72,metro,566000.0,0,,owned,0.3,816
CUST003132,29,self_employed,53,tier2,744000.0,1,home,owned,1.1,783
CUST003133,35,self_employed,66,metro,470000.0,0,,owned,0.1,635
CUST003134,30,self_employed,85,tier2,368000.0,1,mortgage,rented,2.3,697
CUST003135,30,salaried,42,metro,822000.0,1,home,rented,2.4,729
CUST003136,26,self_employed,34,tier2,321000.0,0,,rented,3.0,729
CUST003137,45,salaried,156,tier2,812000.0,0,,owned,1.4,659
CUST003138,43,self_employed,133,metro,658000.0,0,,owned,4.6,789
CUST003139,39,salaried,146,tier3,420000.0,0,,rented,2.2,592
CUST003140,50,salaried,226,metro,916000.0,1,personal,owned,3.2,545
CUST003141,33,salaried,100,metro,1039000.0,2,personal|home,owned,1.9,704
CUST003142,59,self_employed,305,metro,1475000.0,1,auto,owned,2.2,645
CUST003143,33,business_owner,79,metro,1018000.0,2,personal|auto,rented,2.2,845
CUST003144,37,self_employed,100,metro,565000.0,1,home,rented,1.2,581
CUST003145,31,business_owner,81,tier2,518000.0,1,mortgage,rented,0.5,766
CUST003146,37,business_owner,98,tier2,329000.0,0,,rented,15.0,715
CUST003147,41,salaried,116,tier2,925000.0,2,auto|home,rented,0.4,547
CUST003148,34,self_employed,54,tier2,177000.0,0,,owned,6.6,726
CUST003149,49,salaried,215,tier3,449000.0,0,,owned,3.6,614
CUST003150,36,salaried,45,metro,925000.0,1,personal,rented,0.9,864
CUST003151,37,salaried,162,tier2,631000.0,1,home,rented,1.6,602
CUST003152,27,business_owner,26,tier3,352000.0,0,,rented,2.8,590
CUST003153,38,self_employed,112,metro,442000.0,0,,owned,1.4,476
CUST003154,33,salaried,51,tier2,716000.0,1,home,owned,2.3,604
CUST003155,30,salaried,42,tier3,374000.0,1,home,owned,1.1,713
CUST003156,28,salaried,34,tier2,607000.0,0,,owned,2.3,555
CUST003157,56,self_employed,342,tier3,592000.0,0,,owned,1.3,719
CUST003158,32,business_owner,51,metro,992000.0,0,,owned,1.3,646
CUST003159,23,salaried,8,tier2,458000.0,0,,owned,2.2,560
CUST003160,29,salaried,25,metro,781000.0,0,,rented,6.5,662
CUST003161,34,salaried,64,metro,1747000.0,1,mortgage,rented,1.3,588
CUST003162,39,salaried,175,tier3,397000.0,1,personal,owned,0.4,725
CUST003163,39,salaried,96,metro,904000.0,0,,owned,2.0,484
CUST003164,40,salaried,160,tier3,609000.0,0,,rented,0.1,739
CUST003165,29,salaried,48,tier2,736000.0,0,,owned,1.8,608
CUST003166,37,salaried,94,tier3,423000.0,0,,rented,0.7,633
CUST003167,27,business_owner,55,tier3,339000.0,1,home,rented,15.0,715
CUST003168,30,salaried,23,tier2,605000.0,0,,rented,15.0,661
CUST003169,27,salaried,54,tier3,607000.0,1,personal,owned,0.4,858
CUST003170,25,self_employed,27,tier3,761000.0,1,personal,rented,0.9,585
CUST003171,43,business_owner,135,tier2,173000.0,0,,owned,3.9,525
CUST003172,40,salaried,179,tier2,1353000.0,0,,rented,9.4,868
CUST003173,42,salaried,106,metro,745000.0,1,home,owned,2.9,681
CUST003174,35,self_employed,143,metro,1312000.0,0,,owned,3.1,687
CUST003175,41,salaried,194,metro,623000.0,0,,rented,1.3,875
CUST003176,21,self_employed,3,tier2,261000.0,0,,rented,1.4,555
CUST003177,41,salaried,101,metro,482000.0,3,home|auto|mortgage,owned,5.9,641
CUST003178,36,salaried,131,tier2,517000.0,2,mortgage|home,owned,0.5,526
CUST003179,40,salaried,74,tier2,753000.0,1,home,rented,0.0,664
CUST003180,38,self_employed,153,tier2,220000.0,0,,owned,5.7,545
CUST003181,27,salaried,20,tier3,403000.0,1,home,owned,1.1,632
CUST003182,23,salaried,8,tier3,739000.0,0,,owned,8.4,675
CUST003183,29,salaried,50,tier3,488000.0,0,,rented,1.3,621
CUST003184,39,self_employed,154,tier2,350000.0,0,,owned,5.8,420
CUST003185,40,salaried,155,metro,3834000.0,1,personal,owned,5.8,743
CUST003186,24,self_employed,24,tier3,314000.0,1,personal,owned,3.2,653
CUST003187,27,self_employed,31,metro,539000.0,0,,rented,1.8,900
CUST003188,29,salaried,45,metro,1137000.0,1,auto,owned,0.8,632
CUST003189,32,business_owner,54,metro,756000.0,1,home,rented,3.0,567
CUST003190,24,business_owner,14,tier2,868000.0,1,mortgage,owned,1.2,689
CUST003191,23,salaried,9,tier2,671000.0,1,mortgage,owned,0.8,563
CUST003192,28,salaried,49,metro,1733000.0,0,,owned,1.3,760
CUST003193,35,salaried,56,tier3,856000.0,1,mortgage,rented,2.2,565
CUST003194,25,salaried,10,metro,832000.0,0,,owned,2.1,600
CUST003195,34,salaried,101,metro,641000.0,0,,owned,6.8,751
CUST003196,43,business_owner,61,metro,1168000.0,0,,owned,4.0,674
CUST003197,24,business_owner,35,metro,466000.0,0,,owned,0.5,647
CUST003198,33,salaried,61,tier3,726000.0,0,,owned,0.4,532
CUST003199,43,salaried,53,metro,985000.0,0,,owned,0.8,742
CUST003200,31,salaried,92,metro,3101000.0,0,,rented,1.5,587
CUST003201,30,salaried,63,metro,1731000.0,0,,owned,0.7,499
CUST003202,44,salaried,201,tier3,279000.0,1,home,owned,3.8,713
CUST003203,32,business_owner,74,tier3,129000.0,0,,rented,4.1,660
CUST003204,43,business_owner,127,tier2,206000.0,1,auto,rented,0.1,633
CUST003205,38,salaried,127,tier2,247000.0,0,,rented,3.1,740
CUST003206,32,self_employed,79,tier3,449000.0,1,mortgage,owned,0.6,651
CUST003207,38,salaried,114,metro,500000.0,0,,owned,2.5,497
CUST003208,37,self_employed,76,metro,1293000.0,0,,owned,0.9,624
CUST003209,43,salaried,109,tier2,1059000.0,0,,rented,1.5,655
CUST003210,30,salaried,27,metro,760000.0,0,,rented,4.0,671
CUST003211,35,self_employed,151,tier2,613000.0,1,auto,rented,0.1,663
CUST003212,34,salaried,66,tier2,1274000.0,0,,owned,1.5,871
CUST003213,40,salaried,190,metro,2023000.0,3,personal|mortgage|auto,owned,2.0,829
CUST003214,26,salaried,22,tier2,401000.0,1,mortgage,rented,11.0,571
CUST003215,43,self_employed,148,metro,566000.0,0,,owned,15.0,556
CUST003216,38,self_employed,101,metro,433000.0,0,,rented,4.9,799
CUST003217,24,salaried,23,tier3,610000.0,0,,rented,2.1,750
CUST003218,44,salaried,200,tier2,501000.0,0,,owned,5.8,813
CUST003219,52,self_employed,239,metro,1549000.0,0,,owned,9.4,615
CUST003220,43,salaried,115,metro,2116000.0,1,mortgage,owned,0.8,665
CUST003221,46,salaried,205,metro,439000.0,1,auto,rented,1.4,519
CUST003222,35,self_employed,66,metro,838000.0,0,,owned,1.6,692
CUST003223,21,salaried,3,metro,433000.0,1,home,rented,4.7,622
CUST003224,21,self_employed,3,metro,208000.0,0,,owned,2.2,609
CUST003225,37,salaried,72,tier3,397000.0,2,personal|home,owned,2.6,763
CUST003226,30,self_employed,70,tier3,287000.0,1,home,rented,1.7,665
CUST003227,27,salaried,48,tier3,583000.0,1,personal,rented,0.4,754
CUST003228,34,salaried,43,tier2,690000.0,0,,rented,2.2,645
CUST003229,39,salaried,88,tier2,688000.0,0,,owned,4.2,679
CUST003230,23,business_owner,13,tier2,189000.0,0,,owned,5.4,536
CUST003231,31,business_owner,88,tier3,540000.0,1,mortgage,owned,0.6,541
CUST003232,47,self_employed,187,tier2,336000.0,0,,owned,0.9,695
CUST003233,26,salaried,29,tier2,551000.0,0,,owned,1.5,832
CUST003234,41,salaried,97,tier3,568000.0,0,,owned,0.0,721
CUST003235,31,self_employed,24,tier2,105000.0,2,home|mortgage,owned,0.6,681
CUST003236,39,self_employed,54,metro,777000.0,3,mortgage|auto|home,rented,5.9,815
CUST003237,43,salaried,94,metro,604000.0,1,auto,owned,2.7,660
CUST003238,40,business_owner,72,tier2,357000.0,2,home|personal,rented,2.6,583
CUST003239,42,salaried,69,metro,403000.0,0,,owned,1.3,680
CUST003240,25,salaried,28,metro,750000.0,0,,rented,0.2,688
CUST003241,43,business_owner,201,metro,752000.0,0,,owned,3.3,566
CUST003242,28,salaried,19,metro,1111000.0,2,personal|home,rented,1.3,666
CUST003243,37,salaried,112,tier3,267000.0,0,,rented,0.2,524
CUST003244,37,salaried,56,metro,1051000.0,1,mortgage,owned,2.4,652
CUST003245,38,business_owner,113,metro,1408000.0,0,,owned,2.7,640
CUST003246,37,salaried,161,tier2,542000.0,1,auto,rented,6.2,677
CUST003247,28,self_employed,51,metro,411000.0,1,personal,rented,2.9,503
CUST003248,24,salaried,7,tier2,259000.0,1,mortgage,rented,4.2,689
CUST003249,41,salaried,102,tier2,428000.0,0,,owned,3.4,708
CUST003250,36,salaried,114,metro,957000.0,0,,rented,2.6,781
CUST003251,44,salaried,95,tier2,985000.0,0,,owned,0.9,810
CUST003252,34,salaried,128,metro,636000.0,0,,owned,2.0,682
CUST003253,23,salaried,11,tier2,2035000.0,1,mortgage,rented,2.2,875
CUST003254,42,self_employed,62,tier3,353000.0,2,personal|mortgage,owned,1.4,611
CUST003255,32,salaried,72,tier3,269000.0,0,,owned,1.6,614
CUST003256,37,self_employed,154,metro,604000.0,0,,owned,2.6,681
CUST003257,29,self_employed,52,tier2,301000.0,1,personal,owned,3.1,729
CUST003258,48,salaried,260,tier3,535000.0,0,,owned,0.5,712
CUST003259,27,salaried,56,tier3,272000.0,1,auto,rented,0.6,441
CUST003260,32,salaried,38,metro,440000.0,0,,owned,1.5,593
CUST003261,35,salaried,42,tier2,983000.0,0,,owned,5.0,699
CUST003262,26,salaried,24,metro,735000.0,0,,rented,1.8,600
CUST003263,37,salaried,114,metro,1872000.0,2,mortgage|home,owned,2.9,618
CUST003264,47,salaried,184,tier2,367000.0,1,mortgage,owned,0.7,712
CUST003265,31,salaried,45,tier2,296000.0,0,,rented,0.9,673
CUST003266,38,business_owner,200,metro,259000.0,1,personal,rented,7.8,707
CUST003267,21,salaried,3,tier3,1782000.0,1,home,rented,6.3,769
CUST003268,34,salaried,112,tier2,951000.0,0,,owned,1.8,736
CUST003269,32,salaried,97,tier3,573000.0,0,,rented,1.9,544
CUST003270,28,self_employed,24,tier3,645000.0,1,mortgage,rented,0.5,732
CUST003271,43,salaried,92,tier3,346000.0,1,personal,rented,0.3,752
CUST003272,32,salaried,44,tier3,1588000.0,0,,owned,9.0,695
CUST003273,33,self_employed,115,metro,372000.0,1,auto,rented,1.8,771
CUST003274,31,salaried,51,metro,1017000.0,0,,rented,5.0,701
CUST003275,21,salaried,3,tier3,770000.0,0,,owned,0.2,668
CUST003276,25,salaried,24,metro,509000.0,0,,rented,1.4,603
CUST003277,42,self_employed,148,metro,481000.0,1,auto,owned,3.8,838
CUST003278,21,business_owner,3,tier2,337000.0,0,,rented,3.7,585
CUST003279,28,self_employed,45,metro,809000.0,1,mortgage,rented,0.0,654
CUST003280,31,salaried,82,metro,448000.0,1,auto,owned,9.6,647
CUST003281,48,salaried,154,tier2,561000.0,4,auto|home|personal|mortgage,rented,5.8,509
CUST003282,41,salaried,63,metro,827000.0,1,personal,rented,1.0,759
CUST003283,30,self_employed,32,tier2,107000.0,1,home,rented,0.3,674
CUST003284,45,business_owner,106,metro,299000.0,2,home|auto,owned,0.4,701
CUST003285,29,self_employed,71,tier2,634000.0,0,,rented,3.4,598
CUST003286,43,salaried,116,metro,409000.0,0,,rented,1.3,730
CUST003287,24,self_employed,19,tier2,995000.0,0,,owned,0.8,631
CUST003288,43,business_owner,83,metro,444000.0,1,mortgage,owned,1.4,673
CUST003289,31,self_employed,92,metro,354000.0,0,,owned,1.3,809
CUST003290,26,self_employed,54,tier3,348000.0,0,,rented,7.7,460
CUST003291,33,salaried,87,metro,575000.0,1,auto,rented,2.7,745
CUST003292,37,self_employed,195,tier2,477000.0,0,,rented,1.6,893
CUST003293,31,salaried,25,metro,963000.0,0,,rented,2.9,834
CUST003294,39,salaried,45,metro,650000.0,0,,rented,4.6,749
CUST003295,30,self_employed,59,metro,435000.0,2,home|mortgage,owned,3.2,765
CUST003296,39,business_owner,81,tier3,275000.0,2,auto|home,rented,0.4,603
CUST003297,38,business_owner,153,metro,561000.0,0,,rented,2.1,701
CUST003298,34,salaried,111,metro,1114000.0,0,,rented,2.8,641
CUST003299,31,salaried,31,tier2,311000.0,0,,rented,0.8,637
CUST003300,36,salaried,143,metro,834000.0,0,,rented,2.7,768
CUST003301,39,self_employed,47,tier3,247000.0,1,personal,owned,5.9,612
CUST003302,51,self_employed,280,tier3,194000.0,1,auto,rented,0.1,463
CUST003303,42,business_owner,130,tier2,502000.0,0,,owned,0.9,719
CUST003304,42,salaried,159,tier2,2168000.0,1,mortgage,rented,7.7,652
CUST003305,59,salaried,120,metro,1198000.0,1,mortgage,owned,1.1,692
CUST003306,39,self_employed,181,tier3,562000.0,0,,rented,1.9,643
CUST003307,38,salaried,165,tier2,793000.0,0,,owned,0.6,524
CUST003308,40,business_owner,138,metro,745000.0,0,,owned,12.6,567
CUST003309,26,salaried,31,tier3,710000.0,0,,owned,6.0,547
CUST003310,31,salaried,73,tier3,366000.0,1,personal,rented,0.7,587
CUST003311,30,salaried,62,tier2,757000.0,2,mortgage|personal,owned,2.0,579
CUST003312,40,business_owner,161,metro,747000.0,0,,owned,0.5,720
CUST003313,33,self_employed,97,tier2,297000.0,1,auto,owned,2.2,555
CUST003314,36,self_employed,164,tier3,849000.0,0,,rented,0.8,734
CUST003315,43,self_employed,163,tier2,774000.0,0,,owned,1.6,565
CUST003316,41,salaried,78,metro,1894000.0,0,,owned,0.2,620
CUST003317,33,self_employed,126,metro,783000.0,1,home,rented,0.7,651
CUST003318,29,business_owner,37,metro,786000.0,0,,rented,1.6,628
CUST003319,44,salaried,84,metro,1049000.0,1,personal,owned,0.3,635
CUST003320,41,self_employed,223,tier3,302000.0,0,,rented,0.1,645
CUST003321,22,salaried,4,metro,534000.0,0,,rented,0.4,665
CUST003322,32,salaried,34,metro,631000.0,0,,owned,0.1,466
CUST003323,36,salaried,101,tier3,314000.0,0,,owned,0.1,716
CUST003324,41,business_owner,184,tier2,338000.0,0,,rented,0.5,824
CUST003325,42,salaried,60,metro,479000.0,1,mortgage,rented,0.9,635
CUST003326,37,salaried,99,tier3,759000.0,1,mortgage,rented,2.6,714
CUST003327,39,self_employed,59,metro,332000.0,0,,rented,4.3,580
CUST003328,35,salaried,80,tier3,494000.0,2,personal|mortgage,owned,3.3,743
CUST003329,29,self_employed,48,metro,382000.0,0,,owned,4.6,676
CUST003330,32,business_owner,46,tier2,252000.0,1,personal,rented,8.7,622
CUST003331,35,salaried,135,tier2,217000.0,0,,owned,0.2,641
CUST003332,34,salaried,95,metro,1715000.0,0,,rented,13.7,738
CUST003333,21,business_owner,3,tier2,325000.0,0,,rented,2.5,658
CUST003334,31,salaried,94,metro,428000.0,1,home,owned,7.4,544
CUST003335,35,salaried,135,tier2,1137000.0,0,,owned,5.3,542
CUST003336,32,business_owner,102,metro,404000.0,2,personal|auto,owned,1.7,707
CUST003337,33,business_owner,69,tier3,504000.0,0,,owned,2.8,611
CUST003338,38,self_employed,158,tier2,392000.0,0,,owned,1.5,658
CUST003339,26,salaried,32,tier2,917000.0,1,personal,owned,1.3,732
CUST003340,21,business_owner,3,metro,1202000.0,0,,owned,1.9,571
CUST003341,32,self_employed,77,tier2,290000.0,0,,owned,1.0,588
CUST003342,41,self_employed,103,tier2,301000.0,1,auto,owned,0.2,801
CUST003343,48,self_employed,198,metro,1239000.0,1,home,rented,1.2,642
CUST003344,41,self_employed,189,tier2,833000.0,1,personal,owned,0.5,771
CUST003345,23,salaried,12,metro,485000.0,0,,rented,2.6,875
CUST003346,33,salaried,53,metro,637000.0,2,personal|auto,rented,0.7,651
CUST003347,37,salaried,49,tier2,726000.0,0,,rented,0.3,602
CUST003348,36,salaried,136,metro,557000.0,0,,rented,1.3,666
CUST003349,39,salaried,101,metro,324000.0,1,auto,rented,1.8,638
CUST003350,27,salaried,35,tier2,710000.0,0,,rented,0.7,661
CUST003351,35,self_employed,126,tier2,324000.0,0,,rented,1.2,744
CUST003352,38,salaried,153,metro,775000.0,1,auto,rented,0.7,754
CUST003353,41,salaried,127,metro,1100000.0,3,mortgage|home|auto,owned,4.0,499
CUST003354,28,salaried,51,tier2,722000.0,0,,rented,1.3,762
CUST003355,32,salaried,46,tier2,574000.0,1,auto,owned,1.7,679
CUST003356,21,self_employed,3,tier2,560000.0,1,auto,rented,1.8,603
CUST003357,30,salaried,61,tier2,1028000.0,2,auto|home,rented,4.6,746
CUST003358,30,salaried,72,tier3,302000.0,1,home,rented,2.6,560
CUST003359,26,self_employed,20,tier3,582000.0,0,,owned,0.2,564
CUST003360,36,salaried,110,metro,531000.0,0,,owned,1.8,775
CUST003361,34,salaried,68,metro,601000.0,1,mortgage,rented,0.8,661
CUST003362,21,self_employed,3,metro,778000.0,0,,rented,1.9,821
CUST003363,36,salaried,115,metro,511000.0,0,,rented,3.4,618
CUST003364,27,self_employed,58,metro,858000.0,3,personal|home|auto,owned,0.7,631
CUST003365,38,self_employed,100,tier3,1300000.0,1,personal,rented,3.6,689
CUST003366,24,business_owner,29,metro,1494000.0,2,home|personal,owned,2.6,716
CUST003367,35,salaried,57,metro,621000.0,0,,rented,0.1,710
CUST003368,32,self_employed,87,tier2,309000.0,0,,rented,4.3,721
CUST003369,37,self_employed,59,tier3,150000.0,0,,rented,6.8,631
CUST003370,35,salaried,65,metro,1583000.0,0,,owned,2.7,505
CUST003371,32,business_owner,112,tier3,414000.0,0,,rented,1.0,732
CUST003372,22,salaried,3,tier3,285000.0,0,,rented,0.1,466
CUST003373,23,business_owner,24,tier2,691000.0,0,,rented,2.6,568
CUST003374,30,self_employed,46,tier2,102000.0,1,personal,owned,1.0,591
CUST003375,34,salaried,101,tier2,422000.0,1,auto,rented,0.8,736
CUST003376,30,salaried,28,metro,766000.0,2,personal|mortgage,rented,4.0,659
CUST003377,40,business_owner,154,tier2,584000.0,3,home|auto|mortgage,owned,3.5,848
CUST003378,32,salaried,104,metro,489000.0,0,,owned,7.7,555
CUST003379,27,salaried,40,tier2,778000.0,0,,owned,0.9,581
CUST003380,32,salaried,57,tier3,617000.0,1,personal,owned,3.2,477
CUST003381,36,self_employed,150,metro,854000.0,0,,rented,1.7,551
CUST003382,37,salaried,127,tier2,1237000.0,0,,rented,3.8,623
CUST003383,50,salaried,96,metro,991000.0,0,,owned,1.0,811
CUST003384,29,self_employed,77,metro,582000.0,1,auto,rented,0.8,724
CUST003385,34,salaried,98,tier2,1243000.0,0,,owned,2.2,676
CUST003386,38,salaried,140,metro,720000.0,1,mortgage,rented,1.6,626
CUST003387,34,salaried,63,tier3,487000.0,1,auto,owned,3.9,748
CUST003388,30,business_owner,57,metro,957000.0,0,,owned,4.1,769
CUST003389,22,business_owner,12,tier3,304000.0,1,mortgage,owned,1.6,621
CUST003390,30,salaried,61,metro,690000.0,0,,rented,1.6,605
CUST003391,26,salaried,31,metro,676000.0,2,home|personal,rented,3.6,641
CUST003392,21,salaried,3,tier3,463000.0,1,auto,owned,4.6,523
CUST003393,28,business_owner,29,tier2,173000.0,1,auto,owned,0.1,763
CUST003394,26,salaried,27,metro,1294000.0,0,,rented,0.2,602
CUST003395,39,salaried,149,tier3,242000.0,1,personal,rented,5.3,603
CUST003396,39,business_owner,158,metro,732000.0,0,,owned,1.1,761
CUST003397,27,salaried,59,metro,881000.0,0,,owned,0.8,606
CUST003398,32,salaried,82,tier2,604000.0,2,auto|mortgage,rented,1.4,793
CUST003399,21,salaried,3,tier2,945000.0,0,,rented,1.9,472
CUST003400,31,self_employed,64,tier2,134000.0,0,,rented,1.9,705
CUST003401,38,salaried,52,tier3,587000.0,1,auto,owned,0.4,589
CUST003402,41,business_owner,205,tier2,124000.0,3,auto|personal|home,owned,1.0,537
CUST003403,29,salaried,27,metro,656000.0,0,,owned,0.4,552
CUST003404,43,salaried,146,metro,437000.0,0,,rented,4.6,667
CUST003405,22,self_employed,6,metro,534000.0,1,home,rented,0.6,593
CUST003406,25,self_employed,17,tier2,167000.0,1,auto,rented,3.5,664
CUST003407,40,self_employed,99,metro,714000.0,3,home|mortgage|personal,owned,4.1,587
CUST003408,48,self_employed,235,tier2,715000.0,1,mortgage,rented,4.2,509
CUST003409,38,salaried,44,tier2,744000.0,1,home,owned,0.3,767
CUST003410,34,self_employed,155,tier3,176000.0,1,personal,rented,2.0,681
CUST003411,21,salaried,3,metro,1240000.0,1,personal,rented,1.9,517
CUST003412,21,salaried,3,metro,1657000.0,1,mortgage,rented,3.0,713
CUST003413,36,business_owner,168,tier3,708000.0,0,,owned,1.9,640
CUST003414,32,self_employed,69,tier2,360000.0,2,mortgage|personal,owned,0.3,641
CUST003415,26,salaried,14,tier2,487000.0,1,personal,owned,6.6,644
CUST003416,35,salaried,67,tier2,588000.0,1,mortgage,owned,4.1,800
CUST003417,35,business_owner,121,tier3,283000.0,1,personal,owned,1.2,708
CUST003418,42,salaried,159,metro,2478000.0,1,mortgage,owned,2.4,805
CUST003419,36,salaried,63,tier3,351000.0,1,auto,owned,3.0,722
CUST003420,44,salaried,184,metro,801000.0,0,,rented,5.9,701
CUST003421,35,salaried,110,tier3,352000.0,4,home|mortgage|personal|auto,owned,3.4,611
CUST003422,34,salaried,106,metro,953000.0,1,personal,rented,2.5,694
CUST003423,43,business_owner,180,metro,774000.0,0,,owned,13.8,771
CUST003424,27,salaried,52,metro,907000.0,0,,rented,3.4,687
CUST003425,57,salaried,266,tier3,441000.0,0,,owned,7.6,804
CUST003426,38,self_employed,59,tier3,150000.0,0,,rented,1.7,771
CUST003427,38,salaried,148,metro,1421000.0,0,,owned,3.6,572
CUST003428,39,self_employed,104,metro,566000.0,2,auto|home,owned,1.7,636
CUST003429,50,self_employed,252,metro,789000.0,0,,owned,5.6,715
CUST003430,41,self_employed,162,metro,197000.0,0,,rented,4.5,492
CUST003431,22,self_employed,6,tier3,282000.0,1,mortgage,rented,5.3,669
CUST003432,46,self_employed,95,metro,814000.0,1,auto,owned,0.8,596
CUST003433,32,self_employed,96,tier3,216000.0,1,mortgage,owned,5.8,683
CUST003434,35,self_employed,149,tier3,920000.0,0,,owned,0.4,596
CUST003435,24,salaried,26,metro,682000.0,1,mortgage,rented,2.4,774
CUST003436,39,self_employed,157,tier2,1114000.0,0,,owned,0.6,609
CUST003437,29,self_employed,36,tier3,353000.0,1,personal,owned,5.5,714
CUST003438,35,salaried,68,tier3,339000.0,1,mortgage,owned,0.2,545
CUST003439,32,business_owner,99,tier2,1056000.0,2,personal|auto,owned,0.2,627
CUST003440,50,salaried,162,metro,1659000.0,0,,owned,3.1,564
CUST003441,50,salaried,235,metro,734000.0,0,,rented,0.5,787
CUST003442,35,business_owner,75,tier3,241000.0,1,mortgage,owned,4.9,610
CUST003443,35,salaried,34,metro,325000.0,1,personal,owned,4.3,672
CUST003444,32,salaried,78,tier2,737000.0,2,auto|mortgage,owned,4.7,711
CUST003445,43,salaried,155,tier2,372000.0,0,,rented,0.7,612
CUST003446,32,business_owner,80,tier2,643000.0,1,mortgage,owned,5.1,546
CUST003447,31,salaried,44,metro,622000.0,0,,rented,0.6,646
CUST003448,42,self_employed,187,metro,544000.0,0,,owned,9.4,481
CUST003449,30,self_employed,58,tier3,224000.0,3,mortgage|personal|home,owned,5.5,775
CUST003450,34,self_employed,140,metro,276000.0,1,auto,owned,0.7,667
CUST003451,22,business_owner,8,metro,466000.0,0,,rented,0.3,547
CUST003452,40,self_employed,131,tier3,163000.0,1,mortgage,owned,1.4,631
CUST003453,50,salaried,223,tier2,538000.0,0,,owned,2.5,732
CUST003454,40,business_owner,132,tier2,227000.0,1,home,rented,2.1,581
CUST003455,46,salaried,159,tier3,274000.0,0,,owned,1.6,505
CUST003456,28,salaried,52,tier2,1023000.0,2,home|personal,rented,6.7,668
CUST003457,36,salaried,46,tier3,434000.0,1,mortgage,rented,1.5,748
CUST003458,27,self_employed,62,tier3,579000.0,0,,rented,0.0,675
CUST003459,33,salaried,60,metro,967000.0,0,,rented,2.4,666
CUST003460,41,salaried,83,metro,896000.0,0,,owned,3.7,716
CUST003461,35,salaried,117,metro,648000.0,1,auto,rented,0.9,797
CUST003462,23,salaried,8,tier2,921000.0,0,,rented,13.4,412
CUST003463,24,salaried,30,tier2,648000.0,0,,rented,8.6,560
CUST003464,23,self_employed,11,tier2,602000.0,1,mortgage,rented,2.0,670
CUST003465,38,salaried,80,tier3,1043000.0,0,,owned,7.4,679
CUST003466,51,salaried,86,tier2,422000.0,1,auto,rented,4.8,540
CUST003467,45,salaried,65,tier3,638000.0,1,home,owned,4.2,584
CUST003468,21,salaried,3,tier2,782000.0,0,,owned,2.4,809
CUST003469,46,self_employed,68,tier2,362000.0,0,,owned,1.1,648
CUST003470,42,salaried,103,metro,728000.0,2,personal|mortgage,owned,4.0,698
CUST003471,22,salaried,4,tier2,454000.0,2,home|mortgage,owned,0.7,841
CUST003472,32,business_owner,63,tier2,421000.0,0,,rented,1.1,688
CUST003473,43,salaried,92,metro,712000.0,0,,owned,5.3,725
CUST003474,39,salaried,52,tier3,314000.0,0,,rented,3.5,706
CUST003475,24,self_employed,9,tier2,335000.0,2,home|mortgage,owned,4.3,649
CUST003476,39,self_employed,79,metro,631000.0,2,personal|mortgage,owned,1.6,644
CUST003477,21,self_employed,3,tier3,409000.0,2,auto|mortgage,rented,2.9,736
CUST003478,33,salaried,42,metro,875000.0,1,auto,owned,3.5,679
CUST003479,44,salaried,120,tier2,722000.0,1,mortgage,owned,2.7,589
CUST003480,35,salaried,134,tier2,604000.0,0,,rented,10.7,752
CUST003481,31,salaried,44,metro,880000.0,0,,rented,0.8,423
CUST003482,42,salaried,77,tier2,596000.0,0,,rented,1.7,822
CUST003483,42,business_owner,173,metro,1087000.0,0,,owned,1.1,663
CUST003484,45,self_employed,176,metro,679000.0,0,,owned,2.8,655
CUST003485,41,salaried,55,tier2,736000.0,0,,rented,4.2,637
CUST003486,43,salaried,187,metro,465000.0,1,home,rented,4.1,799
CUST003487,40,self_employed,164,tier3,518000.0,0,,owned,3.3,695
CUST003488,37,salaried,160,metro,629000.0,0,,owned,2.3,652
CUST003489,35,salaried,136,metro,629000.0,0,,owned,6.8,569
CUST003490,33,salaried,83,tier3,278000.0,0,,rented,1.5,615
CUST003491,25,self_employed,33,tier2,347000.0,1,personal,owned,1.3,687
CUST003492,27,self_employed,42,tier2,177000.0,0,,owned,7.7,650
CUST003493,32,salaried,102,tier2,1185000.0,0,,owned,2.9,806
CUST003494,36,salaried,100,tier3,336000.0,3,mortgage|home|personal,rented,2.5,606
CUST003495,46,self_employed,150,metro,212000.0,0,,owned,5.2,551
CUST003496,34,salaried,32,metro,953000.0,0,,rented,1.6,706
CUST003497,43,self_employed,193,tier3,282000.0,0,,rented,3.0,672
CUST003498,43,salaried,142,metro,1212000.0,1,auto,rented,2.2,547
CUST003499,33,self_employed,128,tier2,310000.0,4,personal|home|mortgage|auto,owned,0.0,633
CUST003500,39,business_owner,73,tier2,555000.0,2,mortgage|personal,owned,1.7,743
CUST003501,33,self_employed,110,tier2,425000.0,0,,owned,0.2,561
CUST003502,45,salaried,60,tier3,586000.0,0,,owned,0.6,527
CUST003503,40,self_employed,152,tier3,150000.0,0,,owned,3.7,614
CUST003504,25,salaried,21,metro,527000.0,1,home,rented,1.2,591
CUST003505,36,salaried,74,tier2,273000.0,0,,owned,1.5,751
CUST003506,48,salaried,156,tier2,1909000.0,1,auto,rented,0.2,580
CUST003507,33,business_owner,50,metro,612000.0,0,,owned,5.5,776
CUST003508,38,salaried,65,tier3,814000.0,2,personal|auto,rented,2.7,586
CUST003509,39,business_owner,164,tier2,453000.0,1,auto,owned,1.4,712
CUST003510,26,salaried,20,metro,496000.0,2,home|auto,owned,0.6,651
CUST003511,39,salaried,146,tier3,424000.0,1,mortgage,rented,1.6,630
CUST003512,23,salaried,15,tier3,423000.0,1,auto,rented,1.1,458
CUST003513,29,self_employed,22,metro,1498000.0,0,,owned,3.9,506
CUST003514,43,salaried,203,tier3,704000.0,2,home|personal,rented,7.2,664
CUST003515,37,salaried,136,metro,660000.0,1,home,rented,0.2,502
CUST003516,32,salaried,94,metro,471000.0,1,mortgage,owned,2.1,391
CUST003517,38,salaried,148,metro,531000.0,0,,rented,5.4,543
CUST003518,34,salaried,90,tier3,179000.0,0,,owned,0.9,685
CUST003519,35,salaried,142,metro,751000.0,1,personal,owned,3.1,697
CUST003520,40,salaried,72,metro,819000.0,0,,owned,0.5,544
CUST003521,29,business_owner,30,tier2,129000.0,1,auto,owned,0.8,611
CUST003522,35,salaried,110,tier2,360000.0,1,home,owned,4.2,718
CUST003523,32,salaried,51,metro,842000.0,2,mortgage|home,owned,4.2,774
CUST003524,22,salaried,7,metro,642000.0,0,,owned,1.0,770
CUST003525,27,salaried,32,tier3,417000.0,3,personal|mortgage|home,owned,0.3,762
CUST003526,47,self_employed,139,tier2,572000.0,1,mortgage,owned,3.6,631
CUST003527,38,salaried,159,tier3,483000.0,1,personal,rented,0.4,675
CUST003528,24,salaried,10,metro,634000.0,0,,rented,3.0,686
CUST003529,22,self_employed,4,tier2,255000.0,1,mortgage,rented,3.1,660
CUST003530,34,salaried,98,tier3,197000.0,1,auto,rented,4.9,506
CUST003531,47,business_owner,259,metro,433000.0,1,auto,owned,3.4,784
CUST003532,33,business_owner,134,metro,472000.0,0,,owned,4.4,718
CUST003533,45,salaried,100,metro,836000.0,1,home,owned,8.5,708
CUST003534,37,salaried,148,metro,2196000.0,0,,owned,2.1,714
CUST003535,38,salaried,121,metro,951000.0,1,mortgage,owned,1.8,640
CUST003536,24,salaried,26,tier3,457000.0,0,,rented,5.6,520
CUST003537,42,salaried,61,tier2,739000.0,1,personal,owned,4.0,747
CUST003538,32,salaried,57,tier2,1529000.0,4,mortgage|personal|home|auto,rented,0.2,691
CUST003539,41,salaried,129,metro,995000.0,0,,rented,0.3,706
CUST003540,28,salaried,48,tier2,227000.0,2,personal|mortgage,rented,4.1,848
CUST003541,36,salaried,47,tier2,718000.0,2,auto|mortgage,rented,5.0,579
CUST003542,37,business_owner,127,tier3,174000.0,0,,rented,1.1,626
CUST003543,33,business_owner,102,tier2,269000.0,0,,owned,2.8,698
CUST003544,38,salaried,88,tier3,1031000.0,2,mortgage|auto,rented,3.5,635
CUST003545,32,self_employed,80,metro,1181000.0,0,,owned,7.7,608
CUST003546,29,salaried,37,tier2,446000.0,0,,rented,5.1,747
CUST003547,47,self_employed,289,tier3,305000.0,0,,owned,1.0,596
CUST003548,43,salaried,155,tier2,698000.0,0,,owned,0.1,602
CUST003549,28,business_owner,51,tier2,308000.0,1,personal,rented,3.7,731
CUST003550,39,salaried,175,tier3,440000.0,2,auto|personal,rented,4.0,536
CUST003551,29,salaried,60,tier3,346000.0,0,,owned,4.4,672
CUST003552,25,business_owner,22,metro,664000.0,0,,owned,0.3,667
CUST003553,43,salaried,162,metro,450000.0,0,,owned,0.2,711
CUST003554,21,salaried,3,tier2,906000.0,0,,rented,3.0,752
CUST003555,42,self_employed,65,tier3,382000.0,0,,rented,0.9,665
CUST003556,32,self_employed,96,tier2,460000.0,0,,owned,6.7,672
CUST003557,33,self_employed,45,metro,298000.0,1,personal,rented,4.9,676
CUST003558,38,self_employed,157,tier2,607000.0,1,mortgage,owned,2.1,652
CUST003559,39,self_employed,141,metro,673000.0,0,,rented,1.5,796
CUST003560,28,salaried,67,metro,2047000.0,0,,rented,11.8,700
CUST003561,40,self_employed,145,metro,209000.0,0,,rented,1.1,768
CUST003562,35,self_employed,41,metro,1346000.0,0,,owned,2.5,601
CUST003563,24,business_owner,21,tier2,206000.0,1,auto,rented,1.9,767
CUST003564,33,salaried,113,metro,508000.0,0,,rented,5.3,665
CUST003565,46,salaried,105,metro,2336000.0,0,,owned,4.8,666
CUST003566,48,self_employed,105,tier2,1443000.0,0,,rented,5.8,508
CUST003567,40,salaried,152,metro,840000.0,1,home,rented,0.5,826
CUST003568,25,salaried,25,metro,1107000.0,1,home,rented,8.3,694
CUST003569,38,self_employed,55,metro,359000.0,0,,rented,3.5,847
CUST003570,41,salaried,91,metro,706000.0,0,,rented,4.6,755
CUST003571,40,salaried,94,tier2,392000.0,1,home,owned,0.1,470
CUST003572,41,salaried,152,metro,494000.0,2,personal|mortgage,owned,3.0,791
CUST003573,37,salaried,97,metro,1908000.0,3,mortgage|personal|home,owned,8.7,671
CUST003574,34,self_employed,97,metro,805000.0,0,,rented,2.8,737
CUST003575,30,salaried,78,metro,935000.0,1,mortgage,owned,2.6,703
CUST003576,21,salaried,3,metro,647000.0,0,,rented,5.2,671
CUST003577,37,salaried,122,metro,943000.0,1,mortgage,owned,0.1,643
CUST003578,36,salaried,79,metro,425000.0,0,,rented,9.9,718
CUST003579,39,salaried,101,metro,603000.0,0,,rented,6.2,605
CUST003580,24,salaried,20,tier3,288000.0,0,,owned,4.8,682
CUST003581,40,salaried,148,metro,1652000.0,1,personal,owned,1.7,756
CUST003582,51,salaried,293,metro,416000.0,0,,rented,2.5,520
CUST003583,35,salaried,62,tier2,354000.0,1,home,owned,1.0,662
CUST003584,34,salaried,41,metro,363000.0,0,,rented,1.8,785
CUST003585,37,salaried,91,tier3,336000.0,0,,rented,0.7,581
CUST003586,51,salaried,199,metro,653000.0,0,,rented,1.0,483
CUST003587,26,salaried,20,tier2,949000.0,0,,owned,1.4,501
CUST003588,36,salaried,140,tier3,444000.0,1,personal,rented,1.4,637
CUST003589,28,salaried,60,metro,722000.0,0,,rented,1.6,831
CUST003590,30,self_employed,69,metro,681000.0,1,auto,owned,0.2,611
CUST003591,34,salaried,76,tier2,511000.0,0,,rented,0.3,654
CUST003592,45,self_employed,77,tier3,1189000.0,1,personal,rented,2.7,659
CUST003593,49,self_employed,236,metro,874000.0,0,,owned,3.1,754
CUST003594,38,salaried,119,tier2,748000.0,0,,owned,0.9,732
CUST003595,31,salaried,93,metro,1279000.0,2,auto|home,owned,0.3,641
CUST003596,54,salaried,208,tier2,456000.0,1,mortgage,owned,2.8,658
CUST003597,31,salaried,36,metro,896000.0,0,,owned,1.3,775
CUST003598,30,salaried,34,tier2,480000.0,1,personal,owned,4.9,531
CUST003599,21,salaried,3,metro,932000.0,0,,rented,4.0,621
CUST003600,46,self_employed,281,tier2,409000.0,0,,rented,1.8,546
CUST003601,42,salaried,180,metro,773000.0,2,auto|personal,rented,10.1,614
CUST003602,54,self_employed,317,tier2,184000.0,3,home|auto|personal,rented,0.3,713
CUST003603,23,self_employed,20,tier2,1581000.0,1,mortgage,rented,1.3,571
CUST003604,46,salaried,78,tier3,583000.0,0,,owned,3.8,862
CUST003605,35,business_owner,116,tier3,132000.0,0,,owned,0.3,739
CUST003606,41,business_owner,186,tier2,459000.0,2,auto|mortgage,rented,0.4,602
CUST003607,21,salaried,3,tier2,295000.0,1,personal,rented,3.3,668
CUST003608,46,salaried,155,metro,1173000.0,0,,owned,4.0,564
CUST003609,41,salaried,151,tier3,467000.0,0,,rented,1.4,522
CUST003610,34,salaried,122,tier2,645000.0,0,,rented,0.7,645
CUST003611,40,salaried,61,tier2,450000.0,0,,rented,0.6,772
CUST003612,28,salaried,65,tier2,532000.0,0,,rented,3.8,553
CUST003613,30,salaried,86,tier3,653000.0,0,,rented,9.2,790
CUST003614,31,self_employed,107,tier3,550000.0,1,mortgage,rented,1.3,663
CUST003615,21,salaried,3,tier3,684000.0,0,,owned,1.5,701
CUST003616,41,salaried,82,tier2,296000.0,1,auto,rented,1.4,686
CUST003617,44,salaried,179,metro,854000.0,1,personal,rented,3.6,724
CUST003618,29,self_employed,40,tier3,389000.0,1,personal,owned,2.1,728
CUST003619,37,self_employed,47,tier2,156000.0,1,home,rented,1.5,635
CUST003620,32,salaried,91,tier2,299000.0,1,auto,owned,3.5,700
CUST003621,37,self_employed,52,tier2,320000.0,1,mortgage,rented,13.7,797
CUST003622,29,salaried,47,tier2,1153000.0,0,,rented,7.0,728
CUST003623,27,self_employed,61,tier2,356000.0,0,,owned,2.4,592
CUST003624,43,salaried,128,tier2,704000.0,1,mortgage,rented,4.4,637
CUST003625,34,salaried,123,tier3,467000.0,1,mortgage,owned,6.4,541
CUST003626,51,self_employed,184,tier3,381000.0,0,,rented,1.2,818
CUST003627,35,business_owner,73,tier2,529000.0,1,auto,rented,3.7,682
CUST003628,27,self_employed,21,metro,683000.0,0,,rented,2.6,553
CUST003629,44,salaried,119,tier2,613000.0,1,personal,rented,4.4,604
CUST003630,40,self_employed,123,tier2,561000.0,1,mortgage,owned,0.7,666
CUST003631,40,salaried,171,tier2,623000.0,1,home,owned,1.1,800
CUST003632,44,self_employed,280,tier3,200000.0,1,home,rented,0.4,662
CUST003633,29,self_employed,23,metro,375000.0,0,,owned,3.4,684
CUST003634,33,salaried,37,metro,605000.0,0,,owned,4.2,590
CUST003635,33,salaried,89,tier3,355000.0,0,,rented,2.1,737
CUST003636,24,salaried,18,tier3,581000.0,1,auto,owned,0.9,797
CUST003637,32,salaried,51,tier2,492000.0,0,,owned,0.5,751
CUST003638,45,salaried,106,metro,801000.0,0,,owned,8.0,458
CUST003639,36,salaried,62,tier2,1085000.0,1,home,owned,3.0,666
CUST003640,24,salaried,19,tier2,383000.0,2,mortgage|home,owned,0.1,534
CUST003641,22,salaried,3,tier2,794000.0,2,mortgage|personal,owned,14.6,740
CUST003642,48,salaried,220,metro,1235000.0,1,mortgage,owned,5.1,661
CUST003643,34,self_employed,66,metro,512000.0,2,home|mortgage,rented,3.3,834
CUST003644,29,salaried,45,tier2,1756000.0,1,personal,owned,7.3,625
CUST003645,32,salaried,71,tier2,471000.0,0,,rented,0.6,686
CUST003646,23,self_employed,9,tier2,408000.0,0,,owned,3.7,618
CUST003647,46,business_owner,251,metro,1774000.0,1,auto,owned,0.9,719
CUST003648,31,salaried,77,metro,1362000.0,1,home,rented,1.0,592
CUST003649,45,salaried,220,metro,598000.0,0,,owned,5.0,564
CUST003650,35,salaried,85,tier3,604000.0,0,,rented,2.5,629
CUST003651,46,business_owner,152,metro,2428000.0,1,personal,owned,2.6,707
CUST003652,37,self_employed,75,tier2,260000.0,0,,rented,1.7,748
CUST003653,41,self_employed,135,tier2,814000.0,2,home|auto,owned,3.9,646
CUST003654,40,self_employed,136,tier3,806000.0,1,auto,owned,1.9,733
CUST003655,39,salaried,102,metro,2628000.0,1,auto,rented,9.4,700
CUST003656,37,salaried,56,tier2,629000.0,0,,owned,0.8,649
CUST003657,33,self_employed,64,tier3,290000.0,1,auto,rented,2.5,647
CUST003658,50,business_owner,77,metro,383000.0,1,auto,rented,0.1,723
CUST003659,27,salaried,29,tier2,610000.0,0,,rented,4.1,852
CUST003660,35,salaried,97,metro,676000.0,1,personal,owned,8.0,743
CUST003661,35,salaried,137,tier3,188000.0,0,,rented,0.6,763
CUST003662,38,business_owner,68,tier2,312000.0,0,,owned,0.6,813
CUST003663,31,salaried,28,metro,1119000.0,0,,owned,5.7,617
CUST003664,37,self_employed,88,tier3,316000.0,1,auto,owned,1.7,718
CUST003665,33,salaried,43,tier2,412000.0,1,personal,owned,2.7,811
CUST003666,22,self_employed,9,tier2,1341000.0,0,,rented,0.2,764
CUST003667,35,self_employed,44,metro,184000.0,0,,rented,1.7,626
CUST003668,26,salaried,50,metro,1038000.0,0,,rented,4.3,608
CUST003669,21,self_employed,3,tier2,180000.0,0,,owned,7.9,801
CUST003670,36,business_owner,116,tier2,227000.0,0,,owned,3.3,717
CUST003671,38,business_owner,163,tier3,302000.0,0,,owned,3.1,707
CUST003672,39,salaried,131,metro,1253000.0,2,home|mortgage,rented,3.5,656
CUST003673,39,self_employed,182,tier2,1024000.0,0,,owned,1.4,815
CUST003674,21,salaried,3,metro,1144000.0,1,home,rented,2.2,692
CUST003675,24,salaried,30,tier2,345000.0,0,,rented,0.3,638
CUST003676,50,salaried,110,metro,1334000.0,1,personal,owned,3.8,762
CUST003677,26,self_employed,30,metro,372000.0,0,,rented,7.9,696
CUST003678,39,salaried,174,metro,818000.0,0,,rented,0.9,758
CUST003679,29,salaried,42,tier2,534000.0,0,,rented,6.8,777
CUST003680,35,salaried,56,metro,1019000.0,1,personal,owned,1.4,791
CUST003681,29,salaried,22,tier3,402000.0,0,,owned,2.8,499
CUST003682,39,salaried,64,metro,778000.0,0,,rented,0.1,726
CUST003683,36,salaried,77,tier2,1180000.0,1,personal,owned,3.5,813
CUST003684,31,self_employed,62,tier2,195000.0,0,,owned,3.4,590
CUST003685,26,salaried,33,metro,837000.0,0,,rented,1.3,859
CUST003686,37,salaried,139,metro,553000.0,0,,owned,7.6,660
CUST003687,25,self_employed,11,metro,844000.0,1,mortgage,owned,4.0,766
CUST003688,38,business_owner,155,tier2,440000.0,0,,owned,2.5,766
CUST003689,56,business_owner,311,tier3,165000.0,2,auto|mortgage,owned,0.5,558
CUST003690,45,self_employed,207,metro,406000.0,0,,owned,0.9,769
CUST003691,40,business_owner,195,tier2,708000.0,1,personal,owned,0.6,699
CUST003692,34,salaried,122,tier2,582000.0,0,,rented,5.3,614
CUST003693,21,business_owner,3,tier2,366000.0,0,,rented,5.2,801
CUST003694,24,business_owner,23,tier2,721000.0,1,personal,rented,1.4,459
CUST003695,45,salaried,227,tier3,266000.0,0,,owned,12.5,599
CUST003696,28,business_owner,68,tier2,410000.0,2,auto|home,rented,2.4,810
CUST003697,29,self_employed,27,tier3,338000.0,0,,rented,2.8,770
CUST003698,33,self_employed,100,metro,325000.0,1,auto,rented,3.8,631
CUST003699,26,business_owner,53,tier3,281000.0,1,home,owned,3.1,590
CUST003700,25,salaried,18,tier3,295000.0,1,personal,rented,4.8,665
CUST003701,34,salaried,95,tier3,267000.0,0,,owned,0.1,690
CUST003702,27,self_employed,59,metro,1065000.0,0,,rented,3.9,649
CUST003703,29,self_employed,52,tier3,509000.0,0,,owned,1.4,681
CUST003704,28,business_owner,34,metro,425000.0,1,auto,rented,5.5,672
CUST003705,39,business_owner,141,tier2,768000.0,1,home,rented,3.0,659
CUST003706,33,self_employed,99,metro,333000.0,0,,rented,5.4,625
CUST003707,33,business_owner,75,tier2,681000.0,1,home,rented,5.8,535
CUST003708,39,salaried,138,tier2,631000.0,1,mortgage,owned,3.2,689
CUST003709,33,business_owner,70,metro,1069000.0,0,,rented,6.3,662
CUST003710,32,salaried,101,metro,1102000.0,2,mortgage|home,rented,3.1,607
CUST003711,38,salaried,145,metro,1364000.0,1,auto,owned,2.2,716
CUST003712,40,salaried,164,tier2,914000.0,0,,rented,3.4,772
CUST003713,33,salaried,78,tier3,582000.0,0,,owned,4.2,697
CUST003714,35,salaried,55,tier2,1257000.0,0,,rented,3.8,655
CUST003715,28,salaried,56,tier3,495000.0,0,,owned,0.5,780
CUST003716,28,self_employed,23,tier3,231000.0,1,auto,owned,2.2,663
CUST003717,41,self_employed,159,metro,606000.0,0,,owned,6.2,771
CUST003718,38,salaried,47,tier2,589000.0,0,,owned,4.8,434
CUST003719,38,self_employed,110,tier2,448000.0,0,,owned,7.9,627
CUST003720,37,salaried,124,metro,638000.0,1,personal,owned,1.3,567
CUST003721,35,salaried,79,tier2,390000.0,0,,rented,0.5,818
CUST003722,40,salaried,107,tier2,741000.0,1,auto,owned,4.6,748
CUST003723,42,salaried,70,tier2,802000.0,0,,owned,6.5,582
CUST003724,42,self_employed,103,tier2,213000.0,0,,owned,3.7,603
CUST003725,34,salaried,76,metro,649000.0,0,,owned,4.0,542
CUST003726,46,self_employed,247,tier3,1104000.0,0,,owned,7.8,670
CUST003727,36,salaried,141,metro,1201000.0,0,,rented,3.3,708
CUST003728,40,self_employed,211,tier3,414000.0,0,,owned,1.5,628
CUST003729,37,business_owner,55,metro,259000.0,0,,rented,7.9,612
CUST003730,36,salaried,70,tier2,665000.0,0,,rented,3.9,688
CUST003731,29,salaried,48,tier2,593000.0,0,,rented,0.5,875
CUST003732,40,salaried,140,metro,609000.0,3,home|mortgage|personal,owned,6.3,656
CUST003733,57,salaried,283,metro,732000.0,1,personal,owned,3.2,744
CUST003734,32,salaried,93,metro,650000.0,0,,rented,7.2,664
CUST003735,35,salaried,87,tier2,298000.0,1,personal,owned,5.4,778
CUST003736,31,business_owner,76,tier3,300000.0,0,,rented,3.9,745
CUST003737,31,business_owner,112,metro,480000.0,2,personal|home,rented,0.7,663
CUST003738,47,salaried,111,tier2,398000.0,0,,owned,3.2,748
CUST003739,29,salaried,69,tier3,428000.0,0,,rented,0.5,798
CUST003740,31,salaried,79,tier2,297000.0,0,,owned,4.3,672
CUST003741,22,salaried,3,tier3,655000.0,1,auto,owned,1.0,674
CUST003742,28,business_owner,84,tier2,1639000.0,0,,rented,1.7,725
CUST003743,21,salaried,3,tier2,930000.0,1,auto,owned,0.6,837
CUST003744,40,salaried,161,metro,1349000.0,2,auto|mortgage,rented,0.7,565
CUST003745,57,salaried,121,metro,1241000.0,2,mortgage|home,owned,6.4,576
CUST003746,32,salaried,38,tier2,705000.0,0,,rented,2.4,818
CUST003747,21,salaried,3,tier3,499000.0,2,mortgage|auto,rented,0.2,642
CUST003748,42,salaried,67,metro,565000.0,2,home|auto,owned,2.7,778
CUST003749,29,self_employed,30,tier3,551000.0,0,,owned,0.5,630
CUST003750,45,salaried,132,metro,1109000.0,3,home|personal|auto,rented,1.6,648
CUST003751,32,business_owner,33,tier2,510000.0,0,,owned,0.8,759
CUST003752,29,salaried,64,tier3,612000.0,0,,owned,6.1,757
CUST003753,33,self_employed,84,tier3,399000.0,0,,owned,2.0,563
CUST003754,41,salaried,60,tier2,490000.0,0,,owned,5.5,694
CUST003755,33,salaried,79,metro,1268000.0,1,auto,rented,2.9,630
CUST003756,31,business_owner,35,metro,483000.0,0,,rented,1.6,730
CUST003757,33,self_employed,44,metro,732000.0,2,mortgage|auto,rented,0.8,671
CUST003758,24,salaried,18,tier3,388000.0,0,,owned,7.8,675
CUST003759,38,salaried,107,metro,972000.0,0,,owned,3.9,585
CUST003760,21,self_employed,3,tier2,95000.0,1,auto,rented,0.6,540
CUST003761,31,business_owner,75,metro,381000.0,0,,owned,3.3,634
CUST003762,41,self_employed,112,tier2,203000.0,0,,rented,1.4,753
CUST003763,37,salaried,111,metro,789000.0,1,auto,owned,3.9,707
CUST003764,39,salaried,92,tier2,979000.0,1,home,owned,7.8,616
CUST003765,34,salaried,103,tier2,747000.0,0,,rented,0.4,740
CUST003766,44,salaried,159,tier3,373000.0,0,,owned,1.4,699
CUST003767,42,salaried,76,tier3,347000.0,1,mortgage,owned,0.5,697
CUST003768,38,self_employed,160,tier2,193000.0,0,,rented,3.0,598
CUST003769,42,salaried,178,metro,1989000.0,1,personal,rented,1.9,854
CUST003770,41,self_employed,67,tier3,167000.0,0,,rented,1.0,735
CUST003771,31,self_employed,75,tier3,425000.0,0,,rented,3.0,830
CUST003772,24,self_employed,29,tier3,108000.0,0,,rented,0.8,611
CUST003773,38,salaried,56,tier2,358000.0,0,,owned,3.6,528
CUST003774,39,salaried,169,metro,865000.0,0,,owned,0.6,557
CUST003775,43,salaried,123,tier3,401000.0,0,,owned,1.4,736
CUST003776,27,salaried,48,metro,869000.0,1,mortgage,rented,3.9,541
CUST003777,27,salaried,56,metro,950000.0,2,auto|mortgage,owned,6.2,802
CUST003778,38,salaried,172,metro,1073000.0,0,,rented,5.8,602
CUST003779,34,salaried,90,tier2,250000.0,1,mortgage,owned,2.3,703
CUST003780,21,salaried,3,metro,495000.0,0,,owned,0.1,714
CUST003781,38,business_owner,78,tier2,234000.0,0,,owned,4.7,640
CUST003782,21,self_employed,3,tier2,283000.0,0,,rented,3.7,665
CUST003783,27,salaried,54,tier2,529000.0,0,,owned,5.6,579
CUST003784,45,business_owner,168,metro,538000.0,0,,owned,3.6,869
CUST003785,49,salaried,246,tier3,332000.0,0,,owned,3.2,739
CUST003786,25,salaried,11,tier2,678000.0,0,,rented,1.4,546
CUST003787,32,self_employed,56,tier2,667000.0,1,home,owned,3.0,545
CUST003788,35,salaried,52,tier2,604000.0,1,mortgage,owned,3.8,740
CUST003789,49,salaried,182,metro,1299000.0,0,,owned,1.7,667
CUST003790,31,salaried,30,tier2,249000.0,0,,rented,6.4,504
CUST003791,31,salaried,50,metro,718000.0,0,,rented,0.9,850
CUST003792,47,self_employed,320,tier3,243000.0,0,,owned,2.0,417
CUST003793,32,salaried,94,metro,567000.0,0,,owned,8.2,651
CUST003794,40,salaried,158,tier3,290000.0,1,personal,owned,0.3,669
CUST003795,23,salaried,6,tier2,616000.0,0,,rented,1.3,581
CUST003796,33,salaried,62,metro,859000.0,2,mortgage|auto,owned,4.0,744
CUST003797,21,salaried,3,tier2,473000.0,1,auto,rented,3.2,739
CUST003798,26,business_owner,13,metro,1139000.0,2,home|mortgage,owned,0.2,705
CUST003799,41,self_employed,132,tier3,482000.0,0,,rented,7.5,661
CUST003800,34,salaried,125,tier3,288000.0,1,personal,owned,1.4,741
CUST003801,32,self_employed,41,tier2,226000.0,1,personal,owned,6.7,674
CUST003802,29,salaried,75,tier2,723000.0,0,,owned,2.5,556
CUST003803,33,salaried,47,tier3,305000.0,0,,rented,1.8,779
CUST003804,37,salaried,62,tier2,1410000.0,1,auto,rented,9.4,825
CUST003805,42,salaried,82,tier2,716000.0,0,,owned,2.6,650
CUST003806,21,self_employed,3,metro,390000.0,0,,rented,1.2,702
CUST003807,28,business_owner,63,metro,1038000.0,1,mortgage,rented,5.1,664
CUST003808,36,salaried,123,tier2,948000.0,0,,owned,7.6,524
CUST003809,34,salaried,68,tier2,211000.0,0,,rented,0.7,619
CUST003810,38,self_employed,195,tier3,312000.0,3,personal|home|mortgage,rented,0.5,764
CUST003811,37,salaried,111,tier2,941000.0,0,,owned,1.3,690
CUST003812,32,salaried,77,tier2,1199000.0,1,auto,rented,6.2,847
CUST003813,30,business_owner,89,tier2,215000.0,2,auto|personal,rented,0.4,760
CUST003814,33,self_employed,113,tier3,129000.0,0,,rented,1.3,656
CUST003815,44,business_owner,203,tier2,653000.0,1,mortgage,owned,3.9,753
CUST003816,29,salaried,26,tier3,572000.0,0,,rented,1.1,675
CUST003817,34,salaried,119,metro,917000.0,2,auto|home,owned,0.0,520
CUST003818,36,salaried,66,tier2,613000.0,0,,owned,0.0,762
CUST003819,47,business_owner,292,tier3,100000.0,0,,owned,4.2,714
CUST003820,32,salaried,59,tier3,410000.0,0,,owned,2.1,875
CUST003821,42,salaried,70,metro,823000.0,0,,owned,4.8,620
CUST003822,44,salaried,111,tier2,487000.0,0,,rented,0.2,759
CUST003823,34,self_employed,95,metro,377000.0,1,auto,owned,11.9,626
CUST003824,33,self_employed,76,metro,1011000.0,0,,rented,14.5,615
CUST003825,32,self_employed,100,tier3,396000.0,1,mortgage,rented,1.4,875
CUST003826,32,salaried,84,tier3,311000.0,1,personal,owned,0.8,508
CUST003827,41,self_employed,99,metro,514000.0,0,,rented,1.3,690
CUST003828,36,salaried,99,tier3,371000.0,0,,rented,1.6,849
CUST003829,36,salaried,128,tier2,496000.0,0,,owned,9.6,554
CUST003830,25,salaried,37,tier3,610000.0,0,,rented,1.4,647
CUST003831,27,salaried,32,tier3,649000.0,3,auto|home|mortgage,owned,0.4,749
CUST003832,52,salaried,297,tier3,748000.0,0,,rented,2.2,559
CUST003833,33,business_owner,41,tier3,570000.0,2,auto|home,owned,4.0,697
CUST003834,28,salaried,53,tier3,412000.0,1,personal,rented,4.5,621
CUST003835,46,salaried,212,tier2,2336000.0,2,auto|mortgage,owned,6.8,788
CUST003836,37,self_employed,102,metro,771000.0,2,personal|auto,rented,3.7,785
CUST003837,39,self_employed,52,metro,871000.0,0,,rented,1.6,649
CUST003838,33,salaried,93,tier3,450000.0,1,mortgage,owned,7.4,384
CUST003839,32,self_employed,60,metro,267000.0,0,,rented,4.5,689
CUST003840,33,salaried,43,tier3,493000.0,1,personal,rented,1.3,784
CUST003841,23,salaried,7,metro,1735000.0,0,,rented,3.7,715
CUST003842,34,self_employed,130,tier3,1321000.0,2,personal|auto,rented,1.8,703
CUST003843,37,salaried,61,tier2,558000.0,1,mortgage,owned,2.1,716
CUST003844,49,salaried,172,tier3,531000.0,1,personal,owned,0.2,637
CUST003845,35,salaried,139,tier3,570000.0,1,personal,owned,0.1,623
CUST003846,21,salaried,3,tier2,1496000.0,2,auto|mortgage,rented,1.3,645
CUST003847,34,salaried,86,tier2,396000.0,0,,owned,3.0,645
CUST003848,56,business_owner,271,metro,1429000.0,1,home,owned,7.1,753
CUST003849,41,salaried,74,tier3,451000.0,1,auto,owned,0.4,614
CUST003850,28,business_owner,52,tier3,306000.0,0,,rented,1.9,652
CUST003851,39,salaried,63,metro,648000.0,0,,owned,0.1,672
CUST003852,29,self_employed,28,metro,341000.0,0,,rented,0.9,621
CUST003853,24,salaried,9,tier2,726000.0,0,,rented,1.8,539
CUST003854,32,salaried,78,metro,449000.0,1,auto,owned,10.0,747
CUST003855,35,salaried,54,tier3,493000.0,0,,owned,0.1,571
CUST003856,21,salaried,3,metro,1123000.0,1,personal,rented,0.8,706
CUST003857,25,business_owner,38,tier3,915000.0,0,,rented,1.7,737
CUST003858,35,self_employed,48,tier3,540000.0,0,,owned,6.2,817
CUST003859,31,self_employed,99,tier3,709000.0,0,,owned,0.3,871
CUST003860,38,salaried,96,tier2,505000.0,0,,owned,0.3,807
CUST003861,25,salaried,27,metro,1023000.0,2,mortgage|auto,rented,1.0,600
CUST003862,40,self_employed,55,tier3,63000.0,0,,owned,1.4,662
CUST003863,25,self_employed,12,tier2,358000.0,1,mortgage,rented,4.5,716
CUST003864,48,salaried,236,tier3,504000.0,0,,owned,2.2,683
CUST003865,21,self_employed,3,metro,805000.0,2,mortgage|personal,rented,0.9,677
CUST003866,26,salaried,14,metro,416000.0,0,,owned,1.0,751
CUST003867,38,business_owner,92,tier3,231000.0,1,auto,owned,2.3,700
CUST003868,48,salaried,171,tier3,393000.0,0,,rented,2.7,746
CUST003869,37,salaried,55,metro,675000.0,2,mortgage|auto,owned,5.7,586
CUST003870,39,business_owner,145,tier2,606000.0,1,home,rented,1.4,731
CUST003871,35,salaried,91,metro,785000.0,2,personal|mortgage,owned,1.7,512
CUST003872,26,salaried,35,tier2,612000.0,0,,rented,2.3,789
CUST003873,31,salaried,87,metro,722000.0,2,auto|personal,rented,2.7,646
CUST003874,25,salaried,22,metro,1480000.0,0,,owned,3.9,564
CUST003875,24,business_owner,29,metro,506000.0,0,,owned,1.2,638
CUST003876,38,self_employed,114,metro,264000.0,0,,owned,2.9,730
CUST003877,26,salaried,29,tier2,2119000.0,0,,owned,2.4,576
CUST003878,37,business_owner,131,metro,348000.0,0,,owned,1.0,608
CUST003879,24,self_employed,24,tier2,570000.0,0,,rented,12.8,652
CUST003880,37,business_owner,49,tier2,371000.0,0,,owned,2.3,763
CUST003881,31,salaried,100,tier2,966000.0,1,mortgage,rented,0.0,456
CUST003882,46,salaried,243,tier2,855000.0,1,auto,rented,0.5,729
CUST003883,37,salaried,73,metro,533000.0,0,,rented,8.4,665
CUST003884,44,salaried,155,metro,817000.0,2,personal|auto,rented,3.6,759
CUST003885,28,self_employed,64,tier3,1192000.0,1,home,rented,0.4,674
CUST003886,35,salaried,134,tier3,303000.0,1,auto,owned,5.6,810
CUST003887,27,salaried,41,tier3,543000.0,0,,owned,3.9,725
CUST003888,31,self_employed,27,tier3,199000.0,0,,rented,2.4,579
CUST003889,32,salaried,84,tier2,582000.0,0,,owned,0.6,726
CUST003890,29,salaried,25,tier3,226000.0,0,,owned,13.8,732
CUST003891,25,self_employed,33,tier2,383000.0,2,auto|home,rented,4.0,600
CUST003892,23,business_owner,18,tier3,420000.0,0,,rented,3.4,613
CUST003893,21,salaried,3,tier3,717000.0,1,home,rented,0.1,470
CUST003894,26,business_owner,23,tier3,652000.0,0,,rented,1.4,728
CUST003895,40,self_employed,154,tier2,494000.0,0,,owned,0.8,674
CUST003896,22,self_employed,8,metro,358000.0,1,mortgage,owned,2.0,635
CUST003897,24,salaried,14,metro,574000.0,0,,rented,0.5,595
CUST003898,49,self_employed,115,metro,2406000.0,0,,owned,3.1,616
CUST003899,29,self_employed,35,tier3,252000.0,1,personal,rented,4.3,725
CUST003900,37,salaried,145,tier2,564000.0,0,,owned,1.9,702
CUST003901,40,business_owner,122,metro,1166000.0,0,,owned,7.0,630
CUST003902,40,business_owner,165,tier2,812000.0,1,mortgage,owned,7.3,575
CUST003903,22,salaried,6,metro,793000.0,0,,owned,1.5,629
CUST003904,33,self_employed,118,tier2,856000.0,0,,rented,1.3,585
CUST003905,22,salaried,6,metro,1156000.0,0,,owned,0.9,665
CUST003906,54,self_employed,113,tier2,441000.0,1,personal,owned,0.4,690
CUST003907,22,self_employed,4,tier2,819000.0,0,,rented,5.1,611
CUST003908,26,salaried,12,tier2,355000.0,0,,owned,1.9,834
CUST003909,26,salaried,44,tier3,557000.0,0,,owned,2.7,582
CUST003910,23,salaried,15,metro,1258000.0,0,,owned,3.9,504
CUST003911,45,business_owner,221,tier2,674000.0,1,mortgage,owned,0.4,614
CUST003912,54,salaried,263,metro,293000.0,0,,owned,0.1,629
CUST003913,31,business_owner,101,tier2,523000.0,0,,owned,0.0,875
CUST003914,24,salaried,30,tier2,330000.0,3,auto|home|mortgage,rented,1.0,642
CUST003915,21,salaried,3,tier2,1073000.0,1,mortgage,owned,1.6,521
CUST003916,33,business_owner,52,tier3,293000.0,0,,owned,0.1,683
CUST003917,32,salaried,35,metro,1624000.0,1,mortgage,rented,0.3,615
CUST003918,29,salaried,56,tier3,260000.0,1,auto,owned,1.1,525
CUST003919,36,salaried,126,metro,1055000.0,0,,owned,3.1,712
CUST003920,38,salaried,115,tier2,603000.0,1,auto,rented,0.6,730
CUST003921,37,salaried,76,tier3,1525000.0,0,,rented,1.1,687
CUST003922,32,salaried,88,tier2,1081000.0,1,mortgage,owned,1.0,630
CUST003923,26,self_employed,31,tier3,268000.0,0,,rented,2.8,621
CUST003924,40,salaried,88,tier3,1167000.0,0,,rented,1.0,598
CUST003925,35,salaried,125,metro,1015000.0,0,,rented,0.9,539
CUST003926,42,salaried,144,tier3,486000.0,0,,owned,0.4,788
CUST003927,41,salaried,92,tier3,395000.0,2,auto|mortgage,owned,4.1,899
CUST003928,23,business_owner,10,tier2,535000.0,1,mortgage,rented,0.5,562
CUST003929,23,salaried,13,metro,248000.0,0,,owned,2.3,625
CUST003930,28,salaried,39,metro,867000.0,2,auto|mortgage,rented,9.5,557
CUST003931,26,salaried,18,tier3,580000.0,1,auto,owned,4.9,760
CUST003932,41,business_owner,162,tier3,301000.0,1,auto,owned,2.1,563
CUST003933,37,self_employed,128,tier3,252000.0,0,,owned,8.6,742
CUST003934,43,self_employed,68,metro,756000.0,2,personal|auto,rented,1.9,668
CUST003935,38,business_owner,120,metro,328000.0,0,,owned,2.6,666
CUST003936,36,self_employed,105,tier2,481000.0,2,mortgage|personal,rented,1.1,777
CUST003937,44,business_owner,115,metro,528000.0,0,,rented,0.8,623
CUST003938,38,salaried,85,metro,320000.0,1,home,owned,10.6,680
CUST003939,35,self_employed,87,metro,526000.0,0,,owned,9.8,545
CUST003940,46,business_owner,147,metro,1089000.0,0,,owned,5.2,435
CUST003941,35,business_owner,148,metro,640000.0,0,,rented,0.4,775
CUST003942,32,salaried,66,tier3,340000.0,0,,owned,1.0,599
CUST003943,28,self_employed,75,metro,747000.0,0,,rented,1.6,784
CUST003944,40,salaried,101,tier2,560000.0,1,mortgage,rented,0.1,648
CUST003945,44,self_employed,221,tier2,183000.0,0,,owned,4.8,670
CUST003946,34,salaried,86,tier3,273000.0,0,,owned,4.3,648
CUST003947,45,salaried,200,tier3,424000.0,0,,owned,0.6,631
CUST003948,21,self_employed,3,tier2,373000.0,1,auto,rented,1.9,459
CUST003949,34,salaried,83,tier2,1040000.0,2,home|personal,rented,0.9,601
CUST003950,34,salaried,81,tier2,1006000.0,0,,owned,0.3,569
CUST003951,29,salaried,78,tier2,351000.0,3,home|mortgage|personal,owned,1.0,626
CUST003952,54,self_employed,339,tier2,300000.0,3,personal|mortgage|home,owned,1.0,755
CUST003953,34,self_employed,162,tier2,771000.0,0,,rented,1.5,589
CUST003954,31,self_employed,36,tier2,307000.0,1,auto,rented,4.0,646
CUST003955,35,salaried,33,metro,1043000.0,2,home|personal,owned,0.5,701
CUST003956,21,self_employed,3,metro,575000.0,1,auto,owned,2.5,583
CUST003957,28,self_employed,60,metro,386000.0,1,personal,rented,0.2,714
CUST003958,42,salaried,62,tier2,1203000.0,0,,owned,0.4,754
CUST003959,29,salaried,42,tier2,600000.0,0,,owned,2.5,715
CUST003960,28,salaried,48,tier2,335000.0,0,,rented,1.6,625
CUST003961,45,salaried,97,metro,430000.0,0,,owned,3.4,604
CUST003962,45,salaried,194,metro,1686000.0,1,personal,owned,10.0,644
CUST003963,39,salaried,75,metro,1038000.0,1,personal,owned,5.0,612
CUST003964,31,salaried,89,tier2,698000.0,0,,owned,2.1,602
CUST003965,33,salaried,61,metro,1025000.0,0,,rented,2.1,619
CUST003966,28,salaried,49,metro,948000.0,0,,owned,0.4,636
CUST003967,27,self_employed,49,metro,368000.0,2,personal|home,rented,1.0,772
CUST003968,26,salaried,23,tier2,530000.0,1,home,owned,0.3,627
CUST003969,30,salaried,52,metro,1338000.0,1,mortgage,owned,1.9,714
CUST003970,26,self_employed,48,tier2,311000.0,0,,rented,4.3,638
CUST003971,22,salaried,6,tier2,432000.0,1,auto,rented,10.6,598
CUST003972,36,salaried,42,tier3,209000.0,2,home|auto,rented,0.2,734
CUST003973,36,salaried,119,tier2,549000.0,1,home,owned,0.5,692
CUST003974,48,salaried,103,metro,1479000.0,1,home,owned,4.7,600
CUST003975,29,salaried,49,metro,724000.0,1,mortgage,owned,5.6,373
CUST003976,37,salaried,96,tier3,254000.0,0,,owned,2.7,780
CUST003977,37,salaried,99,metro,1011000.0,0,,owned,2.1,749
CUST003978,32,salaried,29,tier3,337000.0,0,,rented,0.5,783
CUST003979,40,business_owner,109,tier2,1677000.0,0,,rented,0.5,788
CUST003980,41,salaried,55,metro,1433000.0,0,,rented,0.6,656
CUST003981,37,salaried,90,metro,526000.0,1,personal,rented,5.0,642
CUST003982,32,salaried,79,tier3,435000.0,0,,rented,1.3,493
CUST003983,32,self_employed,92,tier3,217000.0,0,,owned,0.6,692
CUST003984,24,self_employed,10,tier3,185000.0,2,mortgage|auto,rented,1.1,614
CUST003985,28,self_employed,27,metro,694000.0,0,,owned,0.5,609
CUST003986,30,salaried,68,tier3,603000.0,0,,owned,2.9,532
CUST003987,26,salaried,32,metro,758000.0,0,,owned,1.6,587
CUST003988,38,self_employed,181,metro,323000.0,1,home,owned,6.0,558
CUST003989,44,salaried,92,tier2,229000.0,0,,owned,1.5,744
CUST003990,27,business_owner,22,tier3,120000.0,1,auto,owned,1.5,780
CUST003991,37,salaried,83,tier2,828000.0,0,,rented,1.7,613
CUST003992,26,salaried,36,tier2,322000.0,2,mortgage|personal,rented,1.7,790
CUST003993,32,salaried,68,metro,1435000.0,0,,rented,0.1,689
CUST003994,29,salaried,25,tier2,456000.0,0,,owned,9.6,812
CUST003995,39,self_employed,65,metro,573000.0,1,mortgage,rented,5.2,733
CUST003996,29,salaried,61,tier3,386000.0,2,mortgage|home,owned,1.1,736
CUST003997,43,salaried,103,metro,490000.0,0,,owned,0.2,677
CUST003998,33,self_employed,101,tier2,641000.0,0,,owned,10.7,540
CUST003999,29,business_owner,46,metro,316000.0,1,auto,rented,3.2,536
CUST004000,24,self_employed,15,tier2,280000.0,1,mortgage,owned,0.5,698
CUST004001,37,business_owner,66,metro,265000.0,0,,owned,1.8,671
CUST004002,42,business_owner,226,tier2,1006000.0,1,auto,owned,1.7,900
CUST004003,37,salaried,40,tier2,640000.0,1,home,rented,1.2,722
CUST004004,52,business_owner,131,tier2,1008000.0,1,mortgage,rented,0.8,603
CUST004005,46,business_owner,242,tier3,453000.0,0,,rented,5.4,672
CUST004006,32,salaried,38,metro,1444000.0,0,,owned,6.3,621
CUST004007,32,self_employed,52,tier2,570000.0,0,,rented,1.4,651
CUST004008,38,salaried,75,tier3,221000.0,1,personal,rented,2.5,536
CUST004009,28,self_employed,58,metro,427000.0,0,,owned,4.4,761
CUST004010,44,salaried,128,tier3,522000.0,3,mortgage|personal|auto,owned,6.9,619
CUST004011,37,self_employed,144,tier3,132000.0,1,personal,owned,2.9,738
CUST004012,37,salaried,131,tier3,634000.0,1,personal,owned,1.1,625
CUST004013,40,salaried,124,tier2,670000.0,0,,rented,3.3,619
CUST004014,48,salaried,117,tier2,880000.0,0,,owned,3.8,708
CUST004015,36,self_employed,145,tier2,243000.0,0,,owned,2.8,468
CUST004016,34,salaried,119,tier2,1002000.0,1,home,rented,5.9,743
CUST004017,47,self_employed,287,tier3,270000.0,0,,rented,3.8,812
CUST004018,42,salaried,58,metro,1430000.0,3,personal|home|mortgage,owned,1.8,810
CUST004019,32,salaried,86,tier3,679000.0,0,,owned,0.4,591
CUST004020,35,salaried,110,tier2,842000.0,0,,rented,3.0,657
CUST004021,36,business_owner,189,metro,418000.0,0,,owned,2.6,639
CUST004022,37,salaried,71,tier2,951000.0,0,,rented,4.3,496
CUST004023,24,self_employed,27,tier3,554000.0,2,auto|personal,rented,0.9,662
CUST004024,22,salaried,7,tier2,725000.0,0,,rented,7.7,523
CUST004025,27,self_employed,67,tier3,380000.0,1,mortgage,owned,0.7,708
CUST004026,27,salaried,46,metro,1215000.0,0,,rented,9.6,753
CUST004027,29,salaried,72,tier3,357000.0,0,,owned,3.0,771
CUST004028,40,salaried,98,tier2,1155000.0,0,,owned,5.7,726
CUST004029,33,salaried,43,tier3,225000.0,0,,rented,2.7,617
CUST004030,36,salaried,78,metro,837000.0,1,home,owned,0.8,587
CUST004031,25,salaried,35,tier2,530000.0,0,,owned,4.1,691
CUST004032,31,salaried,34,tier3,329000.0,0,,rented,0.3,811
CUST004033,39,business_owner,166,metro,622000.0,0,,owned,1.1,787
CUST004034,39,salaried,181,tier2,390000.0,0,,owned,6.6,672
CUST004035,29,business_owner,77,tier3,633000.0,0,,rented,2.6,768
CUST004036,36,salaried,114,tier2,337000.0,0,,rented,1.2,633
CUST004037,52,salaried,266,tier3,302000.0,0,,rented,3.3,719
CUST004038,34,salaried,43,tier2,388000.0,1,personal,rented,1.4,623
CUST004039,29,salaried,50,tier3,487000.0,2,home|personal,rented,4.8,676
CUST004040,33,salaried,78,tier2,902000.0,0,,owned,2.2,606
CUST004041,35,business_owner,129,tier2,770000.0,0,,owned,0.3,477
CUST004042,33,self_employed,56,tier3,496000.0,1,home,rented,1.6,517
CUST004043,34,salaried,41,tier2,439000.0,0,,rented,1.1,732
CUST004044,23,salaried,15,metro,1179000.0,0,,rented,2.2,554
CUST004045,27,salaried,37,metro,710000.0,0,,rented,1.8,649
CUST004046,33,self_employed,138,tier2,453000.0,1,personal,rented,2.7,710
CUST004047,33,salaried,73,tier3,782000.0,0,,owned,7.2,730
CUST004048,30,salaried,81,tier2,300000.0,0,,rented,1.0,566
CUST004049,33,salaried,76,tier3,1195000.0,2,home|auto,owned,0.3,438
CUST004050,35,salaried,119,tier3,469000.0,2,auto|personal,rented,4.0,607
CUST004051,42,self_employed,187,metro,147000.0,0,,owned,1.3,673
CUST004052,34,salaried,58,tier2,424000.0,0,,owned,3.1,715
CUST004053,38,salaried,81,tier2,652000.0,0,,owned,2.6,573
CUST004054,30,business_owner,90,metro,222000.0,0,,rented,0.3,470
CUST004055,39,business_owner,79,tier2,232000.0,2,home|mortgage,owned,2.9,573
CUST004056,38,salaried,133,tier2,685000.0,3,auto|home|personal,rented,8.3,608
CUST004057,41,salaried,70,tier3,318000.0,1,personal,rented,0.9,842
CUST004058,40,self_employed,204,tier2,558000.0,2,mortgage|home,owned,1.1,664
CUST004059,39,salaried,74,metro,492000.0,1,home,owned,1.8,738
CUST004060,34,salaried,91,tier2,1716000.0,0,,owned,1.6,754
CUST004061,36,salaried,102,tier3,619000.0,1,personal,owned,0.7,639
CUST004062,43,salaried,87,tier2,717000.0,1,mortgage,rented,0.8,689
CUST004063,29,business_owner,62,metro,401000.0,0,,rented,3.9,702
CUST004064,29,self_employed,75,tier3,72000.0,2,home|mortgage,owned,2.1,734
CUST004065,36,business_owner,119,metro,242000.0,0,,rented,0.8,668
CUST004066,38,self_employed,221,metro,1727000.0,0,,rented,2.4,748
CUST004067,28,self_employed,71,tier2,359000.0,0,,owned,4.8,779
CUST004068,34,self_employed,123,tier2,312000.0,0,,rented,7.0,629
CUST004069,34,self_employed,91,tier3,342000.0,0,,owned,0.2,723
CUST004070,21,salaried,3,metro,1562000.0,1,mortgage,rented,0.6,690
CUST004071,33,salaried,78,tier3,393000.0,1,mortgage,owned,3.0,900
CUST004072,33,salaried,66,tier2,350000.0,1,personal,owned,5.6,710
CUST004073,33,salaried,106,tier3,1390000.0,0,,owned,5.9,689
CUST004074,46,salaried,243,tier3,234000.0,0,,owned,2.3,603
CUST004075,25,salaried,24,tier3,435000.0,0,,owned,1.0,561
CUST004076,28,salaried,24,metro,622000.0,1,auto,rented,7.6,702
CUST004077,21,salaried,3,metro,662000.0,0,,owned,10.6,501
CUST004078,31,salaried,81,tier3,293000.0,1,personal,owned,5.2,826
CUST004079,31,salaried,53,tier2,489000.0,1,auto,rented,0.7,494
CUST004080,30,salaried,74,tier2,1063000.0,2,auto|personal,rented,2.2,562
CUST004081,43,business_owner,168,tier3,132000.0,0,,owned,4.8,770
CUST004082,41,salaried,95,tier3,828000.0,1,personal,owned,1.3,676
CUST004083,35,salaried,102,tier2,979000.0,1,personal,rented,4.1,696
CUST004084,32,salaried,59,tier3,546000.0,0,,owned,2.9,568
CUST004085,43,self_employed,241,metro,667000.0,1,home,rented,2.8,643
CUST004086,34,self_employed,35,tier3,258000.0,0,,owned,2.5,741
CUST004087,28,salaried,61,tier3,911000.0,0,,rented,5.1,605
CUST004088,21,salaried,3,metro,390000.0,0,,owned,1.8,606
CUST004089,31,self_employed,105,metro,420000.0,1,mortgage,rented,1.7,680
CUST004090,41,business_owner,194,tier3,488000.0,0,,rented,2.9,605
CUST004091,53,salaried,136,tier2,949000.0,1,home,owned,15.0,747
CUST004092,35,salaried,140,metro,686000.0,2,personal|mortgage,owned,3.8,721
CUST004093,28,salaried,44,metro,1083000.0,0,,owned,0.3,670
CUST004094,25,salaried,25,metro,420000.0,0,,owned,1.8,501
CUST004095,39,self_employed,172,metro,252000.0,0,,owned,1.8,786
CUST004096,21,business_owner,3,tier3,154000.0,0,,rented,2.4,571
CUST004097,39,business_owner,164,tier2,800000.0,0,,owned,5.4,839
CUST004098,41,self_employed,200,tier2,276000.0,0,,owned,2.4,603
CUST004099,38,salaried,84,metro,1045000.0,0,,owned,9.8,677
CUST004100,33,business_owner,51,tier2,457000.0,0,,owned,0.3,662
CUST004101,39,salaried,47,metro,709000.0,0,,owned,0.2,662
CUST004102,36,salaried,76,tier3,599000.0,0,,owned,0.4,683
CUST004103,28,self_employed,62,tier3,272000.0,2,home|personal,owned,0.2,629
CUST004104,49,salaried,133,tier2,561000.0,1,personal,rented,9.5,825
CUST004105,32,self_employed,88,tier3,365000.0,1,auto,rented,2.8,673
CUST004106,41,business_owner,60,metro,772000.0,0,,rented,3.2,669
CUST004107,21,self_employed,3,metro,505000.0,1,mortgage,rented,1.6,701
CUST004108,45,self_employed,202,tier3,350000.0,0,,owned,3.8,756
CUST004109,46,salaried,80,metro,651000.0,0,,owned,5.3,690
CUST004110,35,salaried,111,tier3,472000.0,1,mortgage,owned,5.7,646
CUST004111,39,self_employed,169,metro,493000.0,0,,rented,1.6,550
CUST004112,39,salaried,123,tier3,286000.0,0,,owned,5.7,733
CUST004113,29,business_owner,89,metro,515000.0,0,,rented,1.3,661
CUST004114,39,salaried,177,metro,705000.0,0,,rented,0.4,614
CUST004115,28,salaried,18,tier2,715000.0,0,,owned,7.5,684
CUST004116,30,salaried,69,tier3,348000.0,0,,owned,13.2,805
CUST004117,44,self_employed,124,tier2,421000.0,2,personal|home,owned,0.3,719
CUST004118,42,self_employed,140,tier2,443000.0,0,,rented,0.4,832
CUST004119,29,business_owner,62,metro,300000.0,3,mortgage|auto|personal,rented,2.5,733
CUST004120,29,salaried,63,metro,1048000.0,1,auto,owned,8.8,481
CUST004121,29,salaried,71,metro,1578000.0,0,,rented,3.4,768
CUST004122,40,salaried,150,tier3,305000.0,0,,rented,8.6,498
CUST004123,27,salaried,50,metro,580000.0,0,,rented,1.0,801
CUST004124,37,salaried,113,metro,1267000.0,0,,owned,0.6,759
CUST004125,40,salaried,62,tier2,362000.0,1,personal,rented,0.0,806
CUST004126,34,salaried,33,tier2,409000.0,0,,rented,5.9,719
CUST004127,43,salaried,143,tier2,377000.0,2,mortgage|home,owned,0.5,680
CUST004128,32,self_employed,102,metro,466000.0,0,,owned,1.6,741
CUST004129,33,self_employed,41,tier2,311000.0,0,,owned,1.8,574
CUST004130,27,salaried,34,tier2,556000.0,0,,owned,0.8,658
CUST004131,43,salaried,96,metro,607000.0,0,,owned,1.1,659
CUST004132,28,self_employed,54,tier2,1250000.0,2,personal|auto,rented,1.2,641
CUST004133,37,self_employed,98,metro,386000.0,0,,rented,1.6,628
CUST004134,34,self_employed,59,tier3,137000.0,0,,owned,1.9,669
CUST004135,26,salaried,12,tier3,226000.0,1,home,rented,2.2,744
CUST004136,30,salaried,44,metro,1192000.0,1,home,owned,1.4,813
CUST004137,46,business_owner,201,tier2,908000.0,0,,owned,1.5,654
CUST004138,36,salaried,144,tier2,1031000.0,1,home,rented,13.6,646
CUST004139,26,salaried,20,tier3,269000.0,1,auto,rented,3.9,426
CUST004140,37,business_owner,125,tier2,517000.0,2,home|auto,rented,0.7,786
CUST004141,33,salaried,81,tier2,1749000.0,1,personal,owned,0.1,557
CUST004142,60,self_employed,347,metro,264000.0,0,,owned,4.6,723
CUST004143,37,business_owner,90,metro,438000.0,0,,owned,2.1,706
CUST004144,31,salaried,31,tier2,612000.0,0,,rented,4.3,744
CUST004145,46,self_employed,266,tier2,275000.0,1,home,owned,0.7,600
CUST004146,21,salaried,3,tier3,571000.0,0,,owned,4.4,731
CUST004147,35,business_owner,95,tier3,134000.0,1,auto,rented,0.3,826
CUST004148,50,business_owner,226,tier2,206000.0,0,,owned,2.8,700
CUST004149,34,business_owner,39,tier2,622000.0,0,,rented,7.1,601
CUST004150,21,salaried,3,tier3,360000.0,0,,owned,5.2,547
CUST004151,31,self_employed,32,tier3,277000.0,1,home,rented,0.5,814
CUST004152,46,business_owner,213,tier3,945000.0,0,,rented,0.3,640
CUST004153,38,self_employed,79,tier3,415000.0,0,,owned,1.3,633
CUST004154,28,self_employed,30,tier2,400000.0,0,,owned,4.9,900
CUST004155,29,salaried,19,tier2,531000.0,0,,rented,2.5,763
CUST004156,30,business_owner,29,tier2,227000.0,0,,owned,5.3,783
CUST004157,37,salaried,88,metro,1037000.0,0,,owned,0.1,827
CUST004158,45,salaried,159,tier2,516000.0,0,,owned,10.1,514
CUST004159,43,business_owner,163,tier2,1159000.0,1,auto,owned,3.5,768
CUST004160,38,business_owner,107,tier2,709000.0,1,mortgage,owned,1.8,755
CUST004161,24,business_owner,19,metro,879000.0,1,auto,owned,6.0,614
CUST004162,24,salaried,24,tier2,457000.0,1,home,owned,7.8,747
CUST004163,39,salaried,83,tier2,1035000.0,0,,rented,5.7,767
CUST004164,24,salaried,12,tier2,558000.0,0,,owned,0.3,616
CUST004165,33,salaried,108,metro,488000.0,1,auto,owned,3.0,762
CUST004166,37,business_owner,136,tier2,609000.0,3,auto|personal|home,rented,3.5,597
CUST004167,25,salaried,24,metro,600000.0,0,,rented,2.0,900
CUST004168,26,salaried,22,metro,1274000.0,2,auto|mortgage,rented,2.8,694
CUST004169,34,salaried,45,metro,286000.0,1,home,owned,1.1,706
CUST004170,39,salaried,48,tier3,370000.0,2,personal|auto,owned,8.2,458
CUST004171,43,business_owner,204,tier2,807000.0,1,personal,rented,0.4,715
CUST004172,39,self_employed,134,tier2,551000.0,0,,rented,0.4,764
CUST004173,35,salaried,38,tier3,575000.0,0,,owned,2.1,574
CUST004174,29,salaried,29,tier2,398000.0,0,,rented,8.7,607
CUST004175,26,salaried,22,tier3,579000.0,0,,rented,0.5,616
CUST004176,30,salaried,40,metro,793000.0,1,personal,rented,7.1,551
CUST004177,38,business_owner,141,metro,535000.0,1,auto,owned,5.1,538
CUST004178,37,self_employed,93,metro,1706000.0,0,,rented,0.5,772
CUST004179,21,salaried,3,tier2,1177000.0,0,,rented,3.0,566
CUST004180,28,self_employed,67,tier3,232000.0,0,,rented,2.4,519
CUST004181,44,salaried,218,tier2,869000.0,2,mortgage|home,owned,5.7,607
CUST004182,35,salaried,127,tier2,422000.0,0,,owned,15.0,684
CUST004183,23,salaried,19,metro,697000.0,0,,rented,2.1,707
CUST004184,53,salaried,321,tier3,232000.0,1,home,owned,1.4,600
CUST004185,34,salaried,62,tier2,354000.0,0,,rented,0.6,627
CUST004186,38,self_employed,73,metro,443000.0,2,home|personal,rented,3.4,703
CUST004187,38,business_owner,79,tier3,309000.0,1,mortgage,rented,0.7,736
CUST004188,32,salaried,80,tier2,364000.0,0,,owned,8.2,766
CUST004189,29,self_employed,72,metro,626000.0,1,personal,rented,5.7,723
CUST004190,51,salaried,92,metro,826000.0,0,,owned,7.7,530
CUST004191,43,salaried,193,metro,475000.0,0,,owned,4.2,601
CUST004192,41,salaried,170,tier3,926000.0,1,personal,rented,0.8,792
CUST004193,39,salaried,131,tier2,364000.0,1,auto,owned,0.9,839
CUST004194,26,salaried,28,tier3,758000.0,0,,owned,3.3,672
CUST004195,45,business_owner,110,metro,296000.0,1,mortgage,owned,10.1,639
CUST004196,28,business_owner,55,tier2,278000.0,1,personal,owned,1.3,589
CUST004197,37,salaried,58,tier2,368000.0,2,home|auto,rented,5.2,807
CUST004198,21,self_employed,3,tier2,730000.0,3,mortgage|personal|home,rented,0.7,584
CUST004199,21,salaried,3,tier2,1393000.0,1,mortgage,owned,15.0,831
CUST004200,37,self_employed,74,tier2,185000.0,0,,rented,2.5,672
CUST004201,28,salaried,40,tier2,340000.0,1,home,owned,0.1,602
CUST004202,21,salaried,3,tier3,581000.0,1,mortgage,owned,1.5,519
CUST004203,39,self_employed,99,metro,263000.0,1,mortgage,owned,3.3,630
CUST004204,51,salaried,297,tier2,641000.0,0,,owned,3.9,668
CUST004205,46,salaried,61,tier2,443000.0,1,home,rented,2.0,626
CUST004206,32,salaried,104,metro,534000.0,1,personal,rented,0.0,680
CUST004207,35,salaried,33,metro,557000.0,1,mortgage,rented,0.1,804
CUST004208,42,salaried,85,tier3,672000.0,0,,owned,0.1,735
CUST004209,43,self_employed,263,metro,571000.0,0,,owned,3.6,672
CUST004210,32,self_employed,91,metro,478000.0,0,,owned,1.4,782
CUST004211,35,salaried,103,tier2,674000.0,1,auto,owned,1.8,572
CUST004212,37,salaried,129,metro,909000.0,0,,rented,0.7,719
CUST004213,39,self_employed,106,metro,631000.0,0,,owned,6.9,742
CUST004214,33,self_employed,122,metro,342000.0,2,mortgage|personal,owned,1.9,739
CUST004215,34,self_employed,58,metro,891000.0,0,,rented,1.2,556
CUST004216,46,salaried,214,tier2,754000.0,0,,owned,2.5,577
CUST004217,44,salaried,223,tier3,302000.0,0,,rented,1.2,582
CUST004218,38,salaried,154,metro,1252000.0,0,,rented,0.5,673
CUST004219,48,salaried,220,tier2,634000.0,2,auto|home,owned,1.1,675
CUST004220,31,salaried,74,tier2,395000.0,0,,rented,1.6,731
CUST004221,47,salaried,168,metro,527000.0,0,,rented,0.8,490
CUST004222,39,self_employed,125,tier2,463000.0,2,home|auto,rented,0.7,787
CUST004223,60,salaried,356,metro,668000.0,0,,rented,2.8,676
CUST004224,25,self_employed,31,metro,1197000.0,0,,rented,0.9,704
CUST004225,29,salaried,46,metro,725000.0,1,auto,owned,1.7,688
CUST004226,38,salaried,144,metro,977000.0,0,,rented,0.1,598
CUST004227,38,self_employed,60,tier3,239000.0,1,auto,owned,6.0,726
CUST004228,50,self_employed,265,tier3,235000.0,0,,rented,2.9,686
CUST004229,29,salaried,69,tier3,835000.0,0,,rented,0.1,685
CUST004230,42,self_employed,108,metro,1066000.0,0,,owned,0.9,674
CUST004231,44,salaried,61,tier3,394000.0,1,mortgage,rented,1.6,670
CUST004232,40,salaried,151,tier2,434000.0,1,personal,owned,2.1,532
CUST004233,27,self_employed,27,metro,349000.0,0,,owned,0.7,613
CUST004234,46,self_employed,328,tier3,941000.0,0,,rented,0.2,826
CUST004235,44,salaried,56,tier3,244000.0,1,home,owned,0.5,630
CUST004236,39,business_owner,96,metro,843000.0,1,home,rented,7.0,638
CUST004237,36,self_employed,47,tier3,157000.0,1,auto,rented,1.1,755
CUST004238,36,self_employed,162,metro,702000.0,1,mortgage,owned,15.0,870
CUST004239,34,salaried,89,tier2,654000.0,2,auto|personal,rented,3.0,656
CUST004240,40,salaried,171,metro,417000.0,1,home,owned,1.0,569
CUST004241,35,salaried,138,metro,646000.0,1,mortgage,rented,4.8,740
CUST004242,28,self_employed,61,tier3,439000.0,0,,rented,5.4,556
CUST004243,26,salaried,21,tier2,637000.0,0,,owned,0.0,706
CUST004244,28,self_employed,24,metro,1322000.0,2,personal|auto,rented,2.5,684
CUST004245,36,salaried,137,tier3,278000.0,0,,owned,0.9,611
CUST004246,34,self_employed,58,tier3,214000.0,1,auto,rented,2.1,655
CUST004247,36,self_employed,170,tier3,327000.0,1,personal,owned,7.2,678
CUST004248,39,self_employed,214,tier3,224000.0,1,auto,rented,0.3,778
CUST004249,29,self_employed,69,tier3,140000.0,3,mortgage|personal|auto,rented,0.9,683
CUST004250,46,business_owner,183,tier2,190000.0,0,,owned,3.0,695
CUST004251,32,salaried,107,metro,951000.0,0,,owned,0.2,553
CUST004252,31,self_employed,92,tier3,514000.0,1,personal,rented,1.3,665
CUST004253,38,business_owner,136,metro,988000.0,0,,owned,0.6,569
CUST004254,21,salaried,3,metro,929000.0,1,personal,rented,6.2,662
CUST004255,28,salaried,43,tier2,756000.0,2,auto|personal,rented,3.0,782
CUST004256,42,business_owner,118,metro,1670000.0,1,home,rented,2.4,578
CUST004257,21,salaried,3,tier2,551000.0,0,,rented,2.2,785
CUST004258,43,salaried,162,tier3,250000.0,1,auto,rented,2.0,672
CUST004259,47,salaried,220,tier2,309000.0,1,home,rented,2.0,677
CUST004260,32,salaried,29,tier2,854000.0,0,,rented,0.0,601
CUST004261,37,salaried,144,tier2,681000.0,0,,rented,0.4,680
CUST004262,43,salaried,124,tier2,572000.0,0,,owned,1.9,875
CUST004263,31,business_owner,93,metro,646000.0,2,home|mortgage,rented,5.7,450
CUST004264,41,salaried,54,metro,892000.0,1,mortgage,owned,1.8,504
CUST004265,29,salaried,74,tier2,696000.0,0,,rented,3.2,614
CUST004266,31,business_owner,83,tier2,807000.0,1,home,owned,5.2,684
CUST004267,28,self_employed,50,tier2,280000.0,0,,rented,0.0,739
CUST004268,37,salaried,76,metro,397000.0,1,home,owned,6.1,720
CUST004269,44,salaried,110,metro,602000.0,1,home,owned,8.8,532
CUST004270,33,self_employed,62,tier2,118000.0,0,,owned,1.4,710
CUST004271,24,self_employed,10,tier2,262000.0,2,personal|auto,rented,15.0,639
CUST004272,26,salaried,30,tier2,1209000.0,0,,rented,0.1,759
CUST004273,38,salaried,100,tier3,178000.0,1,home,rented,0.7,615
CUST004274,49,self_employed,178,tier2,923000.0,0,,owned,0.5,517
CUST004275,38,self_employed,155,metro,486000.0,0,,rented,2.9,589
CUST004276,31,salaried,56,tier2,982000.0,0,,owned,5.5,699
CUST004277,41,business_owner,62,metro,1234000.0,0,,rented,6.2,689
CUST004278,33,self_employed,133,metro,1029000.0,1,home,owned,1.6,656
CUST004279,31,self_employed,69,tier2,1062000.0,0,,owned,4.8,624
CUST004280,27,self_employed,58,metro,527000.0,1,mortgage,rented,3.0,668
CUST004281,46,self_employed,242,metro,1018000.0,0,,rented,1.4,738
CUST004282,21,salaried,3,tier3,876000.0,1,personal,owned,6.5,850
CUST004283,41,salaried,132,tier2,417000.0,0,,owned,4.8,668
CUST004284,31,self_employed,73,tier3,318000.0,1,mortgage,rented,2.5,747
CUST004285,31,self_employed,91,tier3,158000.0,0,,rented,8.5,614
CUST004286,48,salaried,238,metro,1085000.0,1,auto,owned,0.3,776
CUST004287,29,salaried,30,tier2,283000.0,1,mortgage,rented,4.5,648
CUST004288,29,self_employed,72,metro,1464000.0,1,auto,owned,2.0,540
CUST004289,33,self_employed,138,tier2,1009000.0,0,,owned,1.4,758
CUST004290,38,salaried,147,metro,1040000.0,1,mortgage,owned,7.9,663
CUST004291,31,salaried,33,metro,317000.0,0,,rented,1.7,805
CUST004292,22,salaried,5,metro,539000.0,2,auto|home,rented,0.3,754
CUST004293,28,business_owner,53,tier3,616000.0,1,mortgage,rented,2.0,538
CUST004294,45,business_owner,131,metro,871000.0,1,home,owned,4.0,646
CUST004295,35,salaried,107,tier2,296000.0,1,auto,owned,0.7,599
CUST004296,38,salaried,103,tier3,470000.0,0,,owned,0.0,793
CUST004297,32,self_employed,56,tier2,819000.0,0,,rented,4.1,687
CUST004298,29,salaried,40,tier2,769000.0,0,,owned,1.3,595
CUST004299,48,business_owner,304,metro,528000.0,1,home,owned,6.4,497
CUST004300,33,salaried,109,tier3,747000.0,0,,owned,4.0,784
CUST004301,31,salaried,87,tier2,429000.0,0,,rented,2.3,649
CUST004302,43,salaried,209,tier2,769000.0,0,,rented,0.7,656
CUST004303,29,salaried,78,tier3,507000.0,0,,owned,2.8,723
CUST004304,30,self_employed,61,metro,559000.0,1,mortgage,rented,0.0,575
CUST004305,35,self_employed,52,tier2,183000.0,0,,owned,0.4,518
CUST004306,35,salaried,120,metro,733000.0,0,,owned,2.1,672
CUST004307,37,salaried,117,metro,905000.0,1,mortgage,rented,1.2,596
CUST004308,51,self_employed,205,metro,640000.0,0,,rented,2.7,673
CUST004309,37,self_employed,199,tier2,617000.0,0,,owned,0.5,602
CUST004310,21,salaried,3,metro,648000.0,1,personal,owned,0.4,557
CUST004311,37,salaried,151,tier2,1312000.0,1,auto,rented,4.1,482
CUST004312,35,salaried,98,tier3,343000.0,2,mortgage|home,owned,6.2,664
CUST004313,35,salaried,37,tier3,719000.0,0,,rented,1.7,753
CUST004314,36,self_employed,139,metro,1446000.0,0,,owned,4.9,768
CUST004315,34,salaried,108,tier3,488000.0,1,auto,rented,4.5,657
CUST004316,34,salaried,96,metro,915000.0,0,,owned,0.1,808
CUST004317,39,self_employed,132,tier2,381000.0,1,mortgage,rented,8.1,606
CUST004318,30,salaried,36,metro,708000.0,0,,rented,0.3,753
CUST004319,27,salaried,24,tier2,687000.0,0,,rented,9.4,635
CUST004320,59,salaried,99,metro,917000.0,0,,owned,3.0,564
CUST004321,29,business_owner,30,tier2,1027000.0,0,,owned,2.6,752
CUST004322,35,self_employed,73,metro,728000.0,0,,owned,0.2,693
CUST004323,23,salaried,13,metro,708000.0,3,personal|home|mortgage,rented,4.3,711
CUST004324,35,self_employed,58,tier2,318000.0,0,,owned,0.2,546
CUST004325,27,salaried,40,metro,1211000.0,0,,rented,2.8,772
CUST004326,31,salaried,44,tier2,725000.0,0,,owned,0.5,740
CUST004327,43,salaried,96,tier2,939000.0,4,home|auto|mortgage|personal,rented,5.0,643
CUST004328,38,salaried,166,tier2,919000.0,0,,rented,1.6,732
CUST004329,39,salaried,182,tier2,880000.0,1,home,owned,1.0,778
CUST004330,21,business_owner,3,tier3,567000.0,1,personal,rented,5.9,588
CUST004331,49,salaried,79,tier3,640000.0,0,,owned,0.1,614
CUST004332,25,self_employed,35,metro,652000.0,0,,rented,8.7,629
CUST004333,47,self_employed,103,tier2,235000.0,0,,rented,5.3,430
CUST004334,43,salaried,150,tier2,375000.0,0,,owned,2.2,709
CUST004335,39,salaried,168,metro,507000.0,0,,owned,5.0,761
CUST004336,28,salaried,37,metro,1713000.0,0,,rented,1.5,731
CUST004337,36,salaried,144,metro,573000.0,0,,rented,6.6,723
CUST004338,31,salaried,79,tier2,504000.0,0,,rented,3.9,747
CUST004339,35,business_owner,80,metro,617000.0,1,mortgage,owned,6.0,670
CUST004340,33,business_owner,45,tier2,248000.0,1,home,owned,3.8,538
CUST004341,21,salaried,3,tier2,741000.0,1,personal,owned,3.1,666
CUST004342,43,salaried,131,tier2,254000.0,1,personal,owned,1.5,747
CUST004343,34,salaried,38,metro,518000.0,0,,rented,2.4,687
CUST004344,31,business_owner,32,tier3,484000.0,1,personal,rented,5.9,646
CUST004345,30,salaried,89,tier2,362000.0,0,,owned,5.7,750
CUST004346,37,salaried,68,metro,1641000.0,0,,owned,3.4,714
CUST004347,27,self_employed,75,metro,589000.0,1,auto,rented,0.3,660
CUST004348,21,salaried,3,metro,1292000.0,1,mortgage,rented,9.0,690
CUST004349,38,salaried,80,tier3,542000.0,0,,rented,6.9,626
CUST004350,39,self_employed,101,metro,632000.0,0,,rented,3.0,735
CUST004351,33,salaried,101,metro,552000.0,1,home,rented,1.5,599
CUST004352,25,salaried,23,metro,1283000.0,0,,rented,0.7,709
CUST004353,35,salaried,41,metro,1126000.0,1,auto,rented,1.2,733
CUST004354,23,salaried,8,tier2,1393000.0,0,,rented,1.0,701
CUST004355,26,business_owner,52,tier3,587000.0,0,,rented,3.4,677
CUST004356,28,salaried,54,tier2,520000.0,0,,rented,0.7,686
CUST004357,41,self_employed,154,tier3,381000.0,0,,rented,0.4,728
CUST004358,32,salaried,47,metro,1046000.0,0,,owned,15.0,647
CUST004359,31,self_employed,66,tier2,838000.0,0,,owned,3.7,668
CUST004360,50,business_owner,316,tier3,874000.0,0,,owned,3.1,573
CUST004361,37,salaried,48,tier2,578000.0,0,,rented,4.8,630
CUST004362,37,business_owner,175,tier3,254000.0,0,,owned,2.6,499
CUST004363,32,self_employed,109,metro,410000.0,1,personal,rented,0.6,682
CUST004364,30,self_employed,48,tier2,243000.0,0,,owned,2.2,710
CUST004365,21,salaried,3,tier2,492000.0,2,mortgage|personal,rented,2.4,673
CUST004366,42,self_employed,203,metro,1198000.0,0,,owned,0.6,762
CUST004367,38,salaried,129,tier3,906000.0,2,personal|mortgage,owned,0.3,775
CUST004368,33,business_owner,54,metro,869000.0,0,,owned,0.0,628
CUST004369,33,business_owner,116,metro,803000.0,0,,owned,2.5,565
CUST004370,40,salaried,112,tier3,346000.0,0,,rented,2.8,753
CUST004371,22,business_owner,8,tier2,208000.0,0,,rented,1.5,760
CUST004372,30,business_owner,48,tier3,232000.0,0,,rented,5.4,720
CUST004373,25,salaried,19,tier3,185000.0,2,mortgage|auto,rented,3.4,632
CUST004374,49,salaried,277,metro,537000.0,0,,rented,2.0,689
CUST004375,42,salaried,131,tier2,485000.0,1,home,owned,0.1,626
CUST004376,21,salaried,3,tier3,470000.0,2,personal|mortgage,rented,1.3,613
CUST004377,22,salaried,8,metro,951000.0,0,,rented,1.8,687
CUST004378,33,business_owner,56,tier2,159000.0,1,mortgage,owned,10.6,567
CUST004379,31,salaried,92,tier3,642000.0,0,,owned,2.1,748
CUST004380,24,self_employed,34,metro,443000.0,1,personal,owned,0.2,705
CUST004381,50,self_employed,99,tier3,461000.0,0,,rented,0.1,644
CUST004382,37,self_employed,138,tier2,260000.0,1,home,rented,8.3,676
CUST004383,38,salaried,170,tier3,742000.0,0,,rented,0.5,583
CUST004384,29,salaried,77,tier2,576000.0,0,,rented,7.3,563
CUST004385,40,self_employed,157,tier2,406000.0,0,,owned,1.1,835
CUST004386,31,salaried,77,tier3,272000.0,3,personal|auto|home,owned,1.0,616
CUST004387,32,salaried,78,metro,913000.0,1,personal,rented,4.0,551
CUST004388,39,self_employed,89,tier2,1044000.0,0,,owned,3.7,762
CUST004389,21,salaried,3,tier3,198000.0,0,,owned,1.4,587
CUST004390,47,salaried,129,tier3,878000.0,1,auto,owned,8.7,731
CUST004391,36,salaried,75,tier3,264000.0,1,auto,rented,4.9,812
CUST004392,45,salaried,136,tier2,629000.0,0,,owned,0.7,610
CUST004393,26,self_employed,55,tier2,1660000.0,1,auto,owned,4.2,784
CUST004394,27,salaried,25,tier2,851000.0,0,,rented,2.9,746
CUST004395,25,business_owner,19,tier2,184000.0,0,,rented,0.3,796
CUST004396,37,business_owner,50,tier2,200000.0,1,auto,rented,1.6,732
CUST004397,35,salaried,50,metro,1404000.0,1,auto,owned,8.5,607
CUST004398,31,salaried,100,metro,591000.0,1,personal,rented,2.8,492
CUST004399,26,salaried,28,tier2,487000.0,0,,rented,4.6,608
CUST004400,24,business_owner,12,metro,507000.0,0,,owned,0.4,584
CUST004401,34,self_employed,142,metro,465000.0,0,,rented,3.7,744
CUST004402,31,salaried,26,metro,420000.0,0,,rented,8.8,789
CUST004403,29,salaried,49,tier3,614000.0,0,,owned,6.5,581
CUST004404,47,salaried,225,tier3,336000.0,0,,owned,0.3,765
CUST004405,34,salaried,109,tier2,592000.0,0,,owned,5.1,585
CUST004406,45,salaried,93,tier3,402000.0,0,,owned,3.6,554
CUST004407,30,salaried,71,tier3,631000.0,1,mortgage,rented,1.8,505
CUST004408,36,self_employed,121,metro,579000.0,0,,owned,10.7,710
CUST004409,34,salaried,99,metro,1628000.0,0,,owned,2.3,627
CUST004410,21,salaried,3,metro,1379000.0,1,home,rented,0.1,748
CUST004411,46,self_employed,243,metro,647000.0,0,,rented,3.3,573
CUST004412,33,business_owner,93,tier2,906000.0,2,personal|auto,rented,3.8,745
CUST004413,40,salaried,153,metro,996000.0,3,auto|personal|mortgage,owned,3.7,570
CUST004414,28,business_owner,80,tier3,408000.0,1,home,rented,2.2,772
CUST004415,33,salaried,108,tier2,948000.0,1,mortgage,owned,10.1,690
CUST004416,28,business_owner,68,metro,430000.0,2,personal|home,rented,8.6,706
CUST004417,44,salaried,107,tier3,239000.0,0,,owned,1.0,647
CUST004418,37,self_employed,49,tier3,345000.0,1,auto,rented,2.3,642
CUST004419,37,salaried,110,tier3,359000.0,1,auto,owned,4.0,699
CUST004420,45,business_owner,69,tier3,1294000.0,1,home,rented,3.0,817
CUST004421,44,business_owner,210,tier3,197000.0,0,,rented,3.3,560
CUST004422,41,salaried,162,tier2,627000.0,0,,rented,4.5,649
CUST004423,23,salaried,13,tier3,469000.0,1,personal,rented,3.3,624
CUST004424,29,salaried,29,metro,1526000.0,1,mortgage,owned,0.8,543
CUST004425,26,salaried,46,tier2,395000.0,1,personal,owned,1.1,517
CUST004426,40,self_employed,139,tier2,132000.0,1,auto,owned,2.3,614
CUST004427,36,self_employed,104,metro,1281000.0,0,,owned,13.8,619
CUST004428,23,salaried,13,metro,896000.0,0,,rented,4.6,807
CUST004429,33,salaried,36,metro,1162000.0,0,,rented,1.6,744
CUST004430,23,business_owner,16,metro,611000.0,1,personal,rented,4.2,581
CUST004431,34,salaried,37,metro,1358000.0,0,,owned,8.0,749
CUST004432,21,self_employed,3,tier2,774000.0,0,,rented,1.2,608
CUST004433,39,salaried,66,tier3,353000.0,0,,owned,7.4,672
CUST004434,38,salaried,68,tier2,260000.0,0,,rented,2.0,684
CUST004435,50,salaried,122,tier2,381000.0,2,mortgage|home,owned,0.2,869
CUST004436,41,salaried,50,metro,929000.0,4,home|personal|mortgage|auto,owned,2.4,704
CUST004437,31,self_employed,96,tier3,243000.0,0,,owned,3.6,546
CUST004438,41,salaried,173,metro,564000.0,1,mortgage,rented,0.1,746
CUST004439,23,self_employed,5,metro,824000.0,0,,rented,6.9,782
CUST004440,27,self_employed,19,tier2,767000.0,0,,rented,4.0,734
CUST004441,37,salaried,136,tier3,471000.0,0,,rented,2.7,590
CUST004442,21,salaried,3,tier3,285000.0,0,,rented,1.4,666
CUST004443,34,self_employed,98,tier3,895000.0,0,,owned,4.0,678
CUST004444,26,self_employed,19,tier2,248000.0,1,auto,rented,2.0,814
CUST004445,35,salaried,98,tier2,1344000.0,1,personal,owned,4.0,710
CUST004446,26,salaried,50,tier2,544000.0,0,,rented,0.7,809
CUST004447,38,self_employed,76,metro,961000.0,0,,owned,7.4,616
CUST004448,35,salaried,138,metro,1702000.0,0,,rented,4.1,660
CUST004449,46,self_employed,281,tier3,218000.0,2,home|auto,owned,0.9,606
CUST004450,35,salaried,141,tier3,299000.0,0,,rented,1.5,743
CUST004451,28,self_employed,58,metro,876000.0,1,home,rented,2.1,757
CUST004452,33,salaried,109,metro,844000.0,0,,owned,3.6,715
CUST004453,24,self_employed,23,metro,2508000.0,1,home,owned,3.3,688
CUST004454,38,salaried,155,tier2,413000.0,3,auto|mortgage|home,rented,1.2,642
CUST004455,39,salaried,58,metro,468000.0,2,home|mortgage,rented,0.3,530
CUST004456,54,salaried,270,tier2,398000.0,1,auto,owned,0.6,617
CUST004457,30,self_employed,71,metro,909000.0,0,,rented,5.3,625
CUST004458,32,salaried,31,metro,1133000.0,1,personal,owned,2.1,653
CUST004459,30,salaried,42,metro,636000.0,1,mortgage,owned,0.4,621
CUST004460,36,self_employed,73,tier3,301000.0,0,,owned,4.9,553
CUST004461,38,salaried,94,metro,1925000.0,1,mortgage,owned,0.6,536
CUST004462,34,salaried,51,tier2,676000.0,0,,rented,6.2,718
CUST004463,43,self_employed,121,tier2,636000.0,1,personal,owned,2.0,556
CUST004464,30,self_employed,48,tier3,824000.0,2,home|auto,owned,6.8,744
CUST004465,42,business_owner,193,metro,521000.0,0,,owned,3.6,709
CUST004466,39,salaried,62,tier2,425000.0,0,,owned,6.4,759
CUST004467,34,salaried,55,metro,691000.0,1,personal,rented,7.4,599
CUST004468,32,self_employed,54,tier2,205000.0,0,,rented,1.8,822
CUST004469,54,salaried,194,tier2,251000.0,0,,rented,0.8,879
CUST004470,28,self_employed,21,tier3,275000.0,1,personal,owned,6.3,682
CUST004471,37,salaried,163,tier3,499000.0,0,,owned,1.5,690
CUST004472,28,business_owner,38,tier3,181000.0,0,,rented,1.3,628
CUST004473,49,self_employed,165,tier3,387000.0,1,personal,owned,1.3,745
CUST004474,42,salaried,141,metro,925000.0,0,,owned,1.3,751
CUST004475,29,salaried,72,tier2,349000.0,0,,rented,0.2,520
CUST004476,39,salaried,107,metro,880000.0,0,,owned,2.8,580
CUST004477,37,salaried,69,metro,1109000.0,0,,owned,1.9,690
CUST004478,30,self_employed,70,tier2,400000.0,1,mortgage,owned,1.7,749
CUST004479,41,salaried,123,tier2,1214000.0,1,mortgage,owned,7.5,668
CUST004480,38,salaried,96,tier2,352000.0,0,,owned,10.2,527
CUST004481,36,salaried,151,tier3,269000.0,1,mortgage,owned,7.9,730
CUST004482,34,self_employed,154,tier2,237000.0,0,,rented,2.1,844
CUST004483,38,salaried,115,tier3,626000.0,0,,owned,0.2,448
CUST004484,36,salaried,43,tier3,638000.0,0,,owned,2.9,764
CUST004485,35,business_owner,103,tier3,369000.0,0,,owned,3.4,844
CUST004486,29,salaried,78,metro,724000.0,0,,rented,0.4,714
CUST004487,48,salaried,259,tier2,593000.0,0,,owned,0.8,672
CUST004488,26,business_owner,23,tier2,201000.0,1,auto,rented,5.2,735
CUST004489,38,salaried,66,tier3,477000.0,0,,owned,1.0,622
CUST004490,32,business_owner,41,metro,491000.0,2,personal|mortgage,rented,1.4,728
CUST004491,49,self_employed,302,metro,571000.0,1,home,rented,0.4,687
CUST004492,27,self_employed,38,metro,784000.0,0,,owned,0.7,640
CUST004493,29,salaried,40,metro,381000.0,2,mortgage|personal,owned,8.5,611
CUST004494,27,salaried,29,tier3,637000.0,0,,owned,1.9,638
CUST004495,37,salaried,72,metro,1000000.0,1,auto,rented,2.3,801
CUST004496,24,salaried,27,metro,287000.0,0,,rented,8.7,599
CUST004497,31,salaried,55,tier2,887000.0,1,mortgage,rented,1.0,478
CUST004498,21,salaried,3,tier2,584000.0,1,personal,rented,2.6,900
CUST004499,36,self_employed,132,metro,199000.0,3,auto|mortgage|personal,rented,2.9,640
CUST004500,30,salaried,66,tier2,383000.0,0,,rented,6.4,655
CUST004501,23,self_employed,17,tier2,358000.0,0,,rented,2.9,618
CUST004502,43,business_owner,207,tier3,252000.0,0,,owned,2.7,656
CUST004503,24,self_employed,11,tier2,477000.0,1,home,rented,7.8,611
CUST004504,41,self_employed,49,tier3,349000.0,0,,rented,0.4,789
CUST004505,29,self_employed,23,metro,382000.0,0,,rented,3.7,662
CUST004506,47,salaried,205,tier3,1107000.0,1,home,owned,0.4,585
CUST004507,40,salaried,184,tier2,698000.0,2,auto|mortgage,owned,2.2,371
CUST004508,26,business_owner,29,tier2,551000.0,1,personal,owned,0.6,728
CUST004509,27,self_employed,51,tier2,418000.0,0,,owned,0.3,590
CUST004510,39,self_employed,176,metro,698000.0,0,,owned,0.4,713
CUST004511,32,business_owner,138,metro,646000.0,1,auto,rented,3.4,596
CUST004512,33,salaried,72,tier3,602000.0,0,,owned,2.2,663
CUST004513,45,salaried,88,tier3,451000.0,0,,owned,2.2,652
CUST004514,29,self_employed,74,metro,613000.0,0,,owned,2.7,762
CUST004515,35,salaried,123,tier2,762000.0,0,,rented,0.2,669
CUST004516,42,salaried,166,tier2,592000.0,0,,rented,14.8,578
CUST004517,41,self_employed,207,tier2,613000.0,0,,owned,0.0,846
CUST004518,33,self_employed,80,metro,339000.0,0,,rented,3.5,694
CUST004519,32,salaried,85,tier3,810000.0,1,auto,rented,0.1,544
CUST004520,21,self_employed,3,tier2,418000.0,0,,rented,0.5,672
CUST004521,26,salaried,29,tier2,640000.0,1,personal,rented,4.7,665
CUST004522,37,business_owner,73,tier2,656000.0,0,,owned,0.2,698
CUST004523,33,salaried,43,tier2,997000.0,2,auto|mortgage,owned,2.0,712
CUST004524,35,business_owner,41,metro,124000.0,0,,rented,4.7,677
CUST004525,43,salaried,168,tier3,533000.0,0,,owned,2.4,737
CUST004526,25,salaried,36,metro,483000.0,1,personal,rented,0.3,745
CUST004527,33,salaried,58,tier3,635000.0,1,mortgage,rented,2.7,747
CUST004528,36,salaried,86,tier3,423000.0,1,mortgage,owned,8.2,470
CUST004529,29,salaried,19,tier2,323000.0,0,,rented,0.0,498
CUST004530,46,self_employed,182,tier2,256000.0,1,mortgage,rented,0.4,583
CUST004531,42,self_employed,119,metro,418000.0,1,auto,rented,2.3,657
CUST004532,37,salaried,110,tier2,588000.0,0,,owned,2.6,586
CUST004533,49,self_employed,302,tier2,421000.0,0,,owned,2.1,563
CUST004534,23,business_owner,15,metro,449000.0,0,,rented,0.2,701
CUST004535,34,self_employed,118,metro,1595000.0,1,personal,rented,0.5,526
CUST004536,37,salaried,126,tier3,401000.0,1,home,owned,1.5,438
CUST004537,27,salaried,21,metro,1368000.0,0,,owned,2.0,532
CUST004538,37,business_owner,89,metro,298000.0,0,,owned,9.8,600
CUST004539,26,salaried,16,metro,1690000.0,1,auto,owned,3.7,656
CUST004540,40,salaried,110,tier2,576000.0,0,,owned,3.1,760
CUST004541,43,self_employed,247,tier2,406000.0,1,home,owned,0.8,719
CUST004542,37,salaried,98,tier3,283000.0,2,home|mortgage,owned,2.3,499
CUST004543,21,self_employed,3,tier2,365000.0,0,,rented,2.2,810
CUST004544,27,salaried,24,metro,606000.0,1,auto,owned,3.0,662
CUST004545,39,self_employed,87,tier2,769000.0,1,auto,owned,1.0,636
CUST004546,35,business_owner,152,metro,819000.0,0,,owned,3.7,690
CUST004547,21,business_owner,3,tier3,287000.0,1,personal,owned,2.5,578
CUST004548,44,business_owner,214,metro,857000.0,0,,owned,2.9,730
CUST004549,36,business_owner,42,metro,550000.0,1,personal,rented,1.8,479
CUST004550,28,salaried,23,tier2,876000.0,0,,rented,0.4,800
CUST004551,42,business_owner,127,metro,956000.0,0,,owned,3.0,696
CUST004552,29,business_owner,91,tier2,650000.0,0,,rented,0.5,637
CUST004553,29,salaried,32,tier2,615000.0,0,,rented,1.7,677
CUST004554,37,salaried,129,tier3,1221000.0,0,,rented,0.8,640
CUST004555,49,salaried,103,metro,1809000.0,0,,owned,2.6,769
CUST004556,47,salaried,186,tier2,873000.0,0,,owned,3.1,614
CUST004557,37,self_employed,135,tier2,897000.0,0,,rented,3.3,589
CUST004558,38,salaried,123,metro,1311000.0,0,,rented,2.4,668
CUST004559,41,salaried,92,tier2,364000.0,0,,rented,0.8,530
CUST004560,24,salaried,10,tier3,441000.0,0,,rented,0.7,629
CUST004561,40,salaried,176,tier3,914000.0,0,,owned,1.1,703
CUST004562,29,business_owner,61,tier3,524000.0,1,mortgage,rented,1.8,746
CUST004563,37,salaried,64,tier2,590000.0,0,,owned,2.1,676
CUST004564,33,salaried,67,metro,1737000.0,3,home|mortgage|auto,rented,2.1,573
CUST004565,39,salaried,52,tier3,555000.0,0,,owned,0.6,599
CUST004566,35,business_owner,105,metro,1474000.0,1,mortgage,owned,1.8,594
CUST004567,21,business_owner,3,tier2,359000.0,1,home,rented,0.2,671
CUST004568,36,salaried,51,tier3,583000.0,0,,rented,6.5,599
CUST004569,40,salaried,111,tier3,598000.0,0,,owned,3.5,592
CUST004570,38,salaried,125,tier3,785000.0,0,,owned,1.5,555
CUST004571,34,salaried,125,metro,1644000.0,2,home|auto,owned,4.7,514
CUST004572,48,self_employed,218,tier2,511000.0,0,,owned,4.8,752
CUST004573,37,salaried,101,metro,1081000.0,0,,owned,6.0,744
CUST004574,38,salaried,142,tier3,750000.0,0,,owned,2.9,569
CUST004575,43,salaried,100,tier2,555000.0,1,auto,owned,2.0,713
CUST004576,37,salaried,121,metro,456000.0,0,,rented,4.1,683
CUST004577,27,salaried,14,tier3,312000.0,0,,owned,4.0,563
CUST004578,21,salaried,3,tier2,449000.0,0,,rented,0.1,560
CUST004579,31,salaried,72,tier2,516000.0,1,mortgage,owned,4.1,666
CUST004580,41,salaried,78,tier3,313000.0,1,auto,owned,0.7,671
CUST004581,32,salaried,85,tier2,962000.0,0,,owned,3.7,733
CUST004582,41,business_owner,157,tier2,548000.0,0,,rented,1.6,581
CUST004583,36,salaried,43,metro,1566000.0,0,,owned,1.9,721
CUST004584,45,salaried,131,metro,509000.0,0,,owned,0.3,615
CUST004585,32,salaried,78,metro,686000.0,0,,owned,2.0,613
CUST004586,38,self_employed,146,metro,1084000.0,0,,owned,1.3,741
CUST004587,39,business_owner,179,metro,1123000.0,0,,owned,2.5,619
CUST004588,47,self_employed,149,tier2,507000.0,0,,rented,10.4,725
CUST004589,21,self_employed,3,tier2,170000.0,1,mortgage,rented,5.7,556
CUST004590,31,self_employed,64,metro,649000.0,0,,owned,2.0,633
CUST004591,41,salaried,49,tier2,260000.0,0,,owned,1.9,728
CUST004592,47,business_owner,208,tier3,809000.0,1,mortgage,owned,1.8,654
CUST004593,36,self_employed,80,metro,247000.0,0,,owned,0.7,634
CUST004594,32,salaried,37,tier2,744000.0,0,,rented,0.1,584
CUST004595,41,salaried,88,metro,1478000.0,0,,owned,3.8,672
CUST004596,41,salaried,177,tier2,913000.0,0,,rented,1.8,582
CUST004597,32,salaried,104,tier2,310000.0,2,personal|mortgage,owned,1.3,687
CUST004598,37,self_employed,184,metro,500000.0,1,mortgage,owned,0.7,590
CUST004599,44,salaried,109,metro,1176000.0,2,home|mortgage,owned,0.2,611
CUST004600,50,self_employed,209,tier3,547000.0,2,home|auto,owned,6.3,771
CUST004601,40,business_owner,172,metro,943000.0,0,,owned,0.2,712
CUST004602,35,salaried,68,tier2,246000.0,1,mortgage,owned,12.5,598
CUST004603,34,salaried,70,tier2,1010000.0,0,,owned,3.5,757
CUST004604,39,self_employed,85,metro,1408000.0,0,,rented,11.8,614
CUST004605,34,self_employed,95,tier2,659000.0,0,,owned,0.1,591
CUST004606,36,salaried,113,tier2,634000.0,0,,rented,1.5,647
CUST004607,26,salaried,24,metro,1093000.0,0,,rented,3.7,753
CUST004608,45,self_employed,73,tier3,740000.0,0,,rented,7.1,723
CUST004609,25,business_owner,36,tier2,383000.0,0,,rented,3.3,635
CUST004610,31,salaried,72,tier2,591000.0,1,auto,owned,1.2,629
CUST004611,35,salaried,57,metro,1085000.0,1,mortgage,rented,3.0,717
CUST004612,50,business_owner,145,metro,1085000.0,0,,owned,0.1,898
CUST004613,31,salaried,98,tier2,592000.0,2,mortgage|personal,rented,0.8,633
CUST004614,29,salaried,58,tier2,265000.0,1,auto,rented,2.9,779
CUST004615,30,salaried,63,metro,1066000.0,0,,owned,3.5,677
CUST004616,48,salaried,199,tier2,1152000.0,1,mortgage,owned,2.7,756
CUST004617,21,salaried,3,tier2,967000.0,0,,owned,0.7,771
CUST004618,26,self_employed,29,metro,1079000.0,0,,rented,6.0,695
CUST004619,56,self_employed,174,tier3,528000.0,1,auto,owned,4.3,652
CUST004620,39,salaried,96,tier2,669000.0,0,,owned,1.8,636
CUST004621,26,salaried,43,tier2,1018000.0,0,,owned,6.8,661
CUST004622,34,salaried,43,tier3,710000.0,0,,rented,2.2,786
CUST004623,35,self_employed,65,tier2,673000.0,0,,rented,4.1,774
CUST004624,41,self_employed,88,tier3,121000.0,0,,rented,1.6,788
CUST004625,49,self_employed,253,tier3,419000.0,1,auto,owned,2.2,613
CUST004626,38,self_employed,127,metro,814000.0,1,home,owned,3.1,603
CUST004627,30,business_owner,56,tier2,245000.0,0,,rented,0.8,580
CUST004628,41,self_employed,104,tier3,234000.0,1,auto,owned,0.5,668
CUST004629,29,salaried,66,tier3,555000.0,0,,owned,3.4,763
CUST004630,26,business_owner,14,metro,668000.0,0,,owned,3.3,629
CUST004631,21,business_owner,3,metro,1005000.0,0,,rented,11.2,663
CUST004632,22,salaried,4,metro,1107000.0,0,,rented,3.3,738
CUST004633,27,salaried,56,tier3,230000.0,1,personal,owned,4.2,626
CUST004634,25,self_employed,23,tier3,309000.0,0,,rented,12.2,637
CUST004635,37,salaried,118,tier3,437000.0,0,,owned,3.5,780
CUST004636,25,self_employed,16,metro,506000.0,0,,owned,0.4,632
CUST004637,21,salaried,3,tier3,250000.0,0,,rented,0.3,565
CUST004638,26,salaried,39,metro,539000.0,0,,rented,6.7,638
CUST004639,31,salaried,66,tier2,510000.0,0,,rented,1.8,719
CUST004640,30,business_owner,77,metro,679000.0,0,,rented,4.2,875
CUST004641,47,salaried,176,tier2,666000.0,0,,rented,4.3,816
CUST004642,30,self_employed,61,tier2,886000.0,1,auto,rented,8.6,900
CUST004643,42,salaried,190,metro,788000.0,1,personal,rented,3.2,584
CUST004644,34,salaried,74,metro,810000.0,0,,rented,7.9,805
CUST004645,34,salaried,121,tier3,534000.0,0,,owned,2.2,794
CUST004646,28,salaried,37,metro,868000.0,0,,rented,0.2,682
CUST004647,34,self_employed,83,tier2,342000.0,2,personal|mortgage,owned,0.1,644
CUST004648,28,self_employed,68,metro,567000.0,0,,rented,2.8,746
CUST004649,36,salaried,37,metro,627000.0,1,personal,owned,10.5,650
CUST004650,33,salaried,44,metro,1348000.0,2,mortgage|personal,owned,3.5,552
CUST004651,27,self_employed,18,tier2,1110000.0,0,,rented,4.5,502
CUST004652,42,self_employed,136,tier2,440000.0,0,,owned,0.1,520
CUST004653,38,salaried,124,metro,390000.0,1,auto,owned,4.0,700
CUST004654,31,self_employed,30,tier3,458000.0,1,personal,owned,2.2,715
CUST004655,36,salaried,54,metro,923000.0,0,,rented,1.7,592
CUST004656,34,salaried,61,tier3,244000.0,0,,rented,4.6,723
CUST004657,28,self_employed,42,metro,172000.0,1,home,rented,2.8,697
CUST004658,35,self_employed,52,tier3,170000.0,0,,owned,0.3,661
CUST004659,30,self_employed,36,metro,435000.0,0,,rented,0.7,666
CUST004660,27,salaried,54,tier2,348000.0,1,mortgage,rented,0.9,674
CUST004661,22,salaried,7,tier2,812000.0,0,,rented,3.8,774
CUST004662,32,self_employed,59,tier2,370000.0,0,,rented,3.3,736
CUST004663,39,salaried,80,tier3,484000.0,1,home,owned,2.5,567
CUST004664,29,salaried,24,metro,2393000.0,0,,rented,3.9,795
CUST004665,55,self_employed,213,tier2,712000.0,0,,owned,0.1,568
CUST004666,42,salaried,115,tier3,418000.0,1,home,owned,0.9,678
CUST004667,45,salaried,226,tier3,419000.0,0,,owned,1.0,900
CUST004668,41,salaried,163,tier2,882000.0,0,,owned,0.5,724
CUST004669,49,business_owner,210,tier2,277000.0,1,mortgage,rented,0.3,605
CUST004670,28,salaried,24,tier3,314000.0,1,auto,owned,0.8,685
CUST004671,21,salaried,3,tier3,357000.0,0,,rented,0.2,702
CUST004672,31,salaried,97,tier3,321000.0,0,,owned,2.4,673
CUST004673,39,salaried,54,tier3,449000.0,0,,rented,0.0,634
CUST004674,36,salaried,135,tier2,1389000.0,3,auto|personal|home,rented,0.4,514
CUST004675,37,self_employed,72,tier2,575000.0,1,personal,owned,3.3,525
CUST004676,45,salaried,188,tier2,629000.0,0,,owned,3.1,609
CUST004677,38,salaried,65,metro,1521000.0,1,auto,rented,1.9,771
CUST004678,41,salaried,141,tier3,519000.0,1,personal,owned,2.1,545
CUST004679,27,salaried,25,tier2,263000.0,0,,rented,5.1,669
CUST004680,26,salaried,33,metro,1801000.0,0,,rented,0.2,780
CUST004681,47,self_employed,204,tier2,258000.0,0,,rented,0.4,738
CUST004682,35,self_employed,122,metro,365000.0,1,personal,rented,3.6,807
CUST004683,30,self_employed,77,metro,419000.0,1,auto,owned,1.5,577
CUST004684,30,salaried,26,tier2,960000.0,1,auto,owned,7.4,711
CUST004685,29,business_owner,80,tier2,311000.0,0,,rented,3.1,783
CUST004686,29,self_employed,33,tier2,934000.0,1,personal,owned,3.2,764
CUST004687,24,salaried,23,metro,846000.0,1,auto,owned,0.2,735
CUST004688,22,salaried,3,tier2,864000.0,2,personal|home,rented,0.7,572
CUST004689,33,self_employed,76,metro,495000.0,0,,rented,1.5,740
CUST004690,30,salaried,48,tier3,590000.0,0,,rented,2.7,723
CUST004691,43,salaried,218,metro,986000.0,0,,rented,1.0,641
CUST004692,37,self_employed,150,tier3,160000.0,1,mortgage,owned,0.1,625
CUST004693,37,salaried,49,metro,541000.0,0,,owned,0.5,720
CUST004694,29,business_owner,78,metro,1357000.0,0,,owned,1.8,591
CUST004695,34,salaried,50,tier2,253000.0,0,,rented,0.7,641
CUST004696,37,salaried,74,tier3,744000.0,1,auto,owned,0.1,714
CUST004697,40,salaried,101,tier3,484000.0,1,mortgage,owned,6.6,773
CUST004698,34,salaried,109,tier2,708000.0,0,,owned,7.8,723
CUST004699,43,business_owner,278,metro,169000.0,0,,owned,1.2,638
CUST004700,35,self_employed,163,metro,405000.0,1,mortgage,owned,0.4,529
CUST004701,41,business_owner,80,tier2,263000.0,0,,owned,2.5,559
CUST004702,31,salaried,28,metro,1100000.0,0,,rented,1.1,770
CUST004703,21,salaried,3,tier3,310000.0,1,personal,owned,2.2,672
CUST004704,37,salaried,74,tier2,2081000.0,0,,rented,1.3,620
CUST004705,40,salaried,131,tier3,414000.0,0,,rented,1.0,694
CUST004706,39,business_owner,190,tier3,159000.0,0,,owned,6.3,741
CUST004707,38,salaried,65,metro,760000.0,1,personal,owned,1.3,562
CUST004708,32,salaried,58,tier2,408000.0,1,auto,rented,0.2,636
CUST004709,28,salaried,64,tier3,245000.0,0,,owned,2.4,738
CUST004710,39,self_employed,146,tier2,1158000.0,0,,owned,7.0,701
CUST004711,38,salaried,165,tier2,715000.0,0,,owned,0.5,779
CUST004712,30,self_employed,82,tier3,328000.0,1,home,rented,0.3,747
CUST004713,43,self_employed,111,metro,1145000.0,0,,rented,1.2,585
CUST004714,27,self_employed,53,tier3,543000.0,0,,rented,0.1,304
CUST004715,30,salaried,74,metro,557000.0,0,,rented,1.9,698
CUST004716,48,salaried,261,tier2,827000.0,2,personal|home,owned,1.6,585
CUST004717,41,salaried,122,metro,487000.0,0,,owned,2.3,700
CUST004718,32,business_owner,81,tier2,552000.0,0,,rented,1.0,748
CUST004719,37,business_owner,84,metro,297000.0,1,mortgage,rented,1.4,562
CUST004720,36,salaried,67,metro,827000.0,1,personal,rented,1.3,713
CUST004721,21,salaried,3,tier2,281000.0,1,mortgage,rented,6.7,733
CUST004722,27,salaried,60,metro,562000.0,0,,rented,1.3,711
CUST004723,34,self_employed,99,tier2,245000.0,2,personal|mortgage,rented,3.2,709
CUST004724,32,salaried,108,metro,669000.0,1,personal,owned,0.4,493
CUST004725,36,salaried,77,metro,1486000.0,0,,owned,1.1,685
CUST004726,44,self_employed,256,metro,809000.0,2,mortgage|personal,rented,8.7,654
CUST004727,32,salaried,80,tier2,364000.0,1,personal,rented,2.6,699
CUST004728,26,salaried,39,metro,895000.0,0,,owned,7.9,741
CUST004729,37,salaried,128,metro,1757000.0,2,personal|auto,owned,15.0,609
CUST004730,32,salaried,80,tier2,612000.0,0,,rented,0.0,509
CUST004731,33,self_employed,124,tier2,265000.0,2,mortgage|personal,owned,7.7,536
CUST004732,32,salaried,60,tier2,959000.0,0,,owned,0.4,806
CUST004733,52,salaried,279,metro,796000.0,0,,owned,7.0,623
CUST004734,21,salaried,3,tier3,859000.0,0,,rented,1.6,549
CUST004735,31,salaried,39,tier2,503000.0,0,,owned,9.7,535
CUST004736,34,self_employed,126,tier2,432000.0,1,personal,owned,0.3,675
CUST004737,28,self_employed,64,metro,1139000.0,1,personal,owned,10.8,690
CUST004738,42,salaried,198,metro,933000.0,2,mortgage|home,rented,4.1,829
CUST004739,41,salaried,90,tier2,566000.0,0,,rented,0.1,647
CUST004740,34,salaried,36,metro,384000.0,1,home,rented,5.2,689
CUST004741,32,salaried,69,tier2,542000.0,0,,owned,1.1,676
CUST004742,34,salaried,119,metro,1242000.0,0,,rented,6.0,728
CUST004743,34,business_owner,157,metro,285000.0,0,,rented,0.7,838
CUST004744,34,salaried,118,metro,1186000.0,1,home,owned,7.9,765
CUST004745,33,salaried,74,metro,988000.0,2,home|personal,rented,1.2,857
CUST004746,37,salaried,146,tier2,563000.0,1,home,owned,1.5,703
CUST004747,41,self_employed,85,metro,1176000.0,0,,owned,2.0,512
CUST004748,25,salaried,38,tier2,507000.0,0,,rented,0.8,605
CUST004749,26,business_owner,36,metro,458000.0,0,,rented,9.1,678
CUST004750,21,salaried,3,tier2,540000.0,0,,rented,1.3,658
CUST004751,41,self_employed,166,tier3,319000.0,0,,owned,4.1,655
CUST004752,37,self_employed,166,tier3,229000.0,0,,rented,0.0,607
CUST004753,39,salaried,76,tier2,291000.0,1,home,rented,1.3,809
CUST004754,23,salaried,6,tier2,922000.0,3,home|personal|auto,owned,5.3,792
CUST004755,49,salaried,227,tier2,651000.0,0,,owned,1.9,609
CUST004756,30,self_employed,90,tier3,497000.0,0,,rented,6.2,660
CUST004757,36,business_owner,125,tier2,635000.0,0,,owned,7.5,744
CUST004758,41,salaried,70,metro,657000.0,0,,owned,7.0,749
CUST004759,27,salaried,44,tier3,286000.0,0,,rented,4.9,533
CUST004760,30,salaried,29,metro,879000.0,1,home,rented,2.8,716
CUST004761,36,salaried,71,tier3,544000.0,0,,rented,1.1,699
CUST004762,57,self_employed,117,metro,1208000.0,0,,owned,4.3,696
CUST004763,37,salaried,99,metro,729000.0,1,personal,rented,0.5,576
CUST004764,47,salaried,127,tier3,349000.0,2,personal|mortgage,rented,0.2,602
CUST004765,44,business_owner,76,tier2,109000.0,0,,rented,4.4,401
CUST004766,37,self_employed,93,tier2,168000.0,0,,rented,3.3,595
CUST004767,27,self_employed,55,tier3,308000.0,0,,owned,1.5,502
CUST004768,43,salaried,102,tier3,445000.0,0,,rented,6.9,606
CUST004769,23,business_owner,7,tier2,551000.0,1,home,rented,0.4,666
CUST004770,47,salaried,172,tier3,215000.0,1,home,owned,1.6,549
CUST004771,36,salaried,124,metro,1097000.0,1,personal,rented,5.9,749
CUST004772,21,salaried,3,metro,645000.0,0,,rented,0.0,831
CUST004773,32,business_owner,84,tier3,519000.0,1,auto,rented,1.3,701
CUST004774,40,salaried,150,tier2,456000.0,0,,owned,1.8,734
CUST004775,33,self_employed,126,tier3,338000.0,0,,rented,0.0,459
CUST004776,40,self_employed,146,metro,731000.0,0,,owned,3.6,671
CUST004777,28,self_employed,58,metro,1062000.0,0,,rented,6.7,528
CUST004778,24,self_employed,10,metro,686000.0,1,mortgage,owned,0.7,499
CUST004779,34,business_owner,74,tier2,494000.0,0,,owned,0.8,566
CUST004780,35,salaried,68,tier3,902000.0,0,,owned,1.1,666
CUST004781,32,salaried,60,tier2,564000.0,0,,owned,1.4,676
CUST004782,44,self_employed,230,metro,1536000.0,2,auto|home,owned,5.6,623
CUST004783,28,salaried,28,metro,646000.0,1,auto,rented,4.7,575
CUST004784,37,salaried,105,metro,594000.0,0,,owned,6.2,639
CUST004785,35,self_employed,176,tier2,1774000.0,1,mortgage,rented,3.2,567
CUST004786,22,salaried,7,tier2,374000.0,0,,rented,0.1,691
CUST004787,24,self_employed,14,metro,555000.0,2,mortgage|home,rented,1.2,658
CUST004788,35,salaried,138,tier2,252000.0,1,personal,owned,2.4,517
CUST004789,50,business_owner,147,tier2,203000.0,0,,rented,5.4,593
CUST004790,39,salaried,49,metro,574000.0,0,,owned,4.5,703
CUST004791,21,self_employed,3,tier2,485000.0,2,auto|home,owned,0.8,730
CUST004792,21,business_owner,3,tier2,455000.0,0,,rented,1.1,569
CUST004793,40,salaried,166,tier2,796000.0,0,,rented,4.7,586
CUST004794,34,salaried,53,metro,550000.0,0,,owned,4.4,614
CUST004795,44,salaried,202,metro,568000.0,3,personal|auto|mortgage,rented,0.8,785
CUST004796,27,salaried,16,tier3,739000.0,0,,owned,1.0,722
CUST004797,37,salaried,154,metro,1872000.0,0,,rented,1.9,539
CUST004798,41,salaried,54,tier3,874000.0,0,,owned,2.3,699
CUST004799,31,business_owner,99,tier2,214000.0,1,auto,rented,4.0,769
CUST004800,31,salaried,29,tier2,1134000.0,1,home,owned,9.0,674
CUST004801,35,salaried,128,tier3,993000.0,2,personal|mortgage,owned,2.8,610
CUST004802,39,salaried,159,metro,396000.0,1,home,owned,0.3,756
CUST004803,34,salaried,91,metro,1555000.0,0,,owned,12.2,696
CUST004804,42,salaried,56,metro,923000.0,0,,owned,1.4,657
CUST004805,31,business_owner,88,tier2,292000.0,0,,owned,2.2,760
CUST004806,24,self_employed,21,tier2,257000.0,1,personal,rented,3.2,679
CUST004807,50,salaried,195,tier3,623000.0,0,,owned,0.5,662
CUST004808,30,self_employed,66,tier2,946000.0,3,home|personal|mortgage,rented,2.7,732
CUST004809,30,salaried,89,tier2,1046000.0,0,,owned,4.6,609
CUST004810,34,salaried,132,metro,448000.0,0,,owned,0.2,575
CUST004811,35,self_employed,102,metro,532000.0,2,home|auto,rented,2.8,709
CUST004812,31,salaried,31,tier3,483000.0,1,auto,owned,2.5,795
CUST004813,34,salaried,44,metro,1708000.0,0,,rented,5.2,475
CUST004814,34,business_owner,132,tier3,63000.0,0,,owned,3.6,721
CUST004815,36,salaried,150,metro,715000.0,0,,owned,3.5,683
CUST004816,21,salaried,3,tier2,306000.0,1,auto,rented,2.8,631
CUST004817,50,salaried,91,metro,459000.0,1,mortgage,owned,3.2,571
CUST004818,33,self_employed,75,tier3,476000.0,1,personal,rented,0.7,736
CUST004819,39,self_employed,111,metro,281000.0,0,,owned,1.9,716
CUST004820,23,business_owner,25,tier2,201000.0,1,auto,rented,7.4,561
CUST004821,31,salaried,77,tier3,462000.0,2,auto|personal,rented,6.1,707
CUST004822,29,self_employed,28,tier2,1112000.0,0,,owned,2.8,803
CUST004823,46,salaried,125,metro,389000.0,0,,owned,0.4,742
CUST004824,30,salaried,25,tier3,655000.0,0,,rented,6.4,504
CUST004825,41,salaried,149,tier2,1164000.0,0,,owned,1.3,688
CUST004826,29,self_employed,62,metro,513000.0,0,,owned,3.6,567
CUST004827,31,salaried,28,tier2,1382000.0,2,home|auto,owned,2.1,699
CUST004828,33,self_employed,77,tier3,285000.0,1,personal,owned,5.2,612
CUST004829,45,salaried,226,tier2,1153000.0,0,,owned,1.0,716
CUST004830,21,salaried,3,tier3,753000.0,0,,owned,1.3,594
CUST004831,24,business_owner,25,tier2,213000.0,0,,owned,0.4,560
CUST004832,21,self_employed,3,tier2,390000.0,0,,rented,0.7,708
CUST004833,26,salaried,50,metro,517000.0,1,auto,rented,0.4,665
CUST004834,28,self_employed,65,tier2,189000.0,1,home,rented,5.5,728
CUST004835,22,salaried,9,metro,1143000.0,1,auto,rented,4.4,632
CUST004836,29,self_employed,24,metro,718000.0,0,,owned,1.3,543
CUST004837,21,salaried,3,metro,907000.0,0,,rented,1.2,715
CUST004838,26,salaried,13,tier3,468000.0,0,,rented,5.3,785
CUST004839,44,salaried,210,metro,1648000.0,1,home,owned,4.7,627
CUST004840,38,salaried,132,metro,959000.0,1,home,rented,3.1,723
CUST004841,36,salaried,56,metro,684000.0,0,,rented,5.1,651
CUST004842,26,salaried,49,metro,867000.0,0,,owned,0.3,828
CUST004843,22,business_owner,11,tier3,725000.0,0,,owned,5.0,632
CUST004844,25,salaried,16,tier2,805000.0,0,,owned,2.7,650
CUST004845,34,salaried,96,tier2,492000.0,0,,owned,2.0,498
CUST004846,41,salaried,152,tier3,469000.0,1,home,rented,0.1,821
CUST004847,42,self_employed,64,metro,788000.0,0,,owned,6.2,606
CUST004848,40,salaried,147,tier3,361000.0,0,,rented,1.1,771
CUST004849,29,salaried,33,tier3,349000.0,1,personal,rented,0.6,594
CUST004850,35,self_employed,151,tier2,518000.0,0,,rented,3.0,672
CUST004851,32,salaried,98,tier2,1305000.0,2,auto|personal,rented,0.8,609
CUST004852,33,business_owner,144,tier2,1198000.0,0,,owned,1.2,595
CUST004853,51,salaried,249,tier3,388000.0,0,,owned,8.4,653
CUST004854,21,self_employed,3,metro,1373000.0,2,personal|mortgage,rented,0.2,617
CUST004855,33,salaried,62,tier2,620000.0,0,,owned,1.8,622
CUST004856,44,self_employed,215,metro,890000.0,0,,rented,0.4,518
CUST004857,23,self_employed,10,tier2,916000.0,1,auto,owned,3.8,680
CUST004858,29,salaried,63,tier3,187000.0,0,,rented,1.9,453
CUST004859,30,salaried,45,tier2,175000.0,1,auto,owned,0.7,649
CUST004860,33,salaried,45,metro,983000.0,1,home,rented,6.1,512
CUST004861,22,salaried,6,tier2,432000.0,1,personal,rented,0.7,711
CUST004862,39,business_owner,165,tier3,125000.0,1,mortgage,owned,1.1,790
CUST004863,40,salaried,122,tier2,461000.0,1,home,rented,0.7,708
CUST004864,39,self_employed,173,tier3,694000.0,0,,owned,1.0,637
CUST004865,28,business_owner,46,tier3,416000.0,0,,owned,3.9,563
CUST004866,35,self_employed,141,tier3,230000.0,0,,rented,3.7,657
CUST004867,27,self_employed,55,metro,876000.0,0,,rented,6.6,650
CUST004868,32,salaried,75,tier2,451000.0,0,,owned,0.9,723
CUST004869,52,salaried,179,tier3,681000.0,0,,owned,0.4,690
CUST004870,35,salaried,92,tier3,591000.0,1,home,rented,0.9,496
CUST004871,25,salaried,11,metro,860000.0,0,,rented,0.8,739
CUST004872,36,salaried,114,metro,887000.0,0,,owned,1.7,714
CUST004873,24,salaried,11,metro,1210000.0,1,personal,owned,0.8,609
CUST004874,25,salaried,36,tier3,321000.0,1,mortgage,rented,5.0,592
CUST004875,26,salaried,43,tier3,768000.0,0,,owned,4.1,685
CUST004876,31,salaried,65,tier2,773000.0,2,auto|mortgage,owned,12.7,696
CUST004877,42,salaried,189,metro,873000.0,1,auto,owned,5.4,580
CUST004878,39,salaried,137,metro,1801000.0,1,personal,owned,0.8,660
CUST004879,39,salaried,63,tier3,260000.0,2,mortgage|home,owned,10.6,646
CUST004880,26,self_employed,52,metro,475000.0,1,mortgage,rented,5.6,732
CUST004881,30,self_employed,118,metro,559000.0,3,home|personal|auto,rented,2.3,670
CUST004882,37,salaried,43,metro,1086000.0,1,auto,owned,0.4,497
CUST004883,29,salaried,34,tier3,828000.0,1,auto,owned,1.4,702
CUST004884,32,salaried,77,tier2,428000.0,0,,rented,3.7,502
CUST004885,38,salaried,95,metro,4210000.0,0,,owned,3.1,578
CUST004886,32,salaried,81,metro,586000.0,0,,owned,1.2,533
CUST004887,36,business_owner,131,tier3,518000.0,1,home,rented,5.7,699
CUST004888,47,salaried,222,tier2,616000.0,0,,owned,8.0,582
CUST004889,33,salaried,35,tier2,635000.0,1,mortgage,owned,3.9,744
CUST004890,44,self_employed,143,metro,212000.0,0,,rented,0.4,575
CUST004891,39,salaried,163,metro,1362000.0,0,,owned,1.2,498
CUST004892,23,salaried,10,tier3,298000.0,0,,rented,7.1,648
CUST004893,26,salaried,31,tier3,210000.0,2,auto|mortgage,rented,7.9,560
CUST004894,28,business_owner,18,tier2,165000.0,1,personal,owned,4.4,798
CUST004895,28,salaried,29,tier3,867000.0,1,personal,rented,5.5,618
CUST004896,34,self_employed,94,metro,1126000.0,0,,owned,0.6,783
CUST004897,39,self_employed,102,tier3,129000.0,0,,rented,1.6,627
CUST004898,45,salaried,191,metro,1187000.0,0,,owned,3.6,687
CUST004899,37,self_employed,141,metro,278000.0,0,,rented,1.4,632
CUST004900,31,salaried,92,tier3,466000.0,0,,owned,0.9,893
CUST004901,21,salaried,3,tier3,286000.0,1,auto,rented,2.5,551
CUST004902,35,salaried,59,tier3,651000.0,1,auto,rented,0.8,380
CUST004903,35,business_owner,38,tier2,488000.0,0,,owned,1.6,703
CUST004904,36,salaried,135,tier3,763000.0,1,personal,rented,0.7,587
CUST004905,51,salaried,149,tier2,510000.0,1,mortgage,owned,1.0,673
CUST004906,44,business_owner,147,metro,575000.0,1,auto,owned,1.4,673
CUST004907,41,salaried,72,tier2,308000.0,0,,owned,1.5,632
CUST004908,27,business_owner,50,tier2,274000.0,0,,rented,2.8,618
CUST004909,30,self_employed,43,tier2,588000.0,0,,owned,3.1,716
CUST004910,34,salaried,49,tier3,560000.0,0,,rented,1.8,622
CUST004911,28,self_employed,44,tier2,762000.0,0,,rented,2.6,666
CUST004912,39,self_employed,178,metro,1211000.0,1,personal,owned,2.8,610
CUST004913,37,salaried,72,metro,506000.0,0,,owned,0.7,826
CUST004914,26,business_owner,41,tier3,224000.0,0,,rented,1.6,797
CUST004915,44,business_owner,166,metro,490000.0,1,auto,owned,2.5,522
CUST004916,35,business_owner,88,tier3,1019000.0,1,mortgage,owned,0.4,680
CUST004917,21,self_employed,3,metro,961000.0,0,,owned,6.3,606
CUST004918,34,salaried,45,metro,1242000.0,0,,owned,0.3,567
CUST004919,37,salaried,79,tier3,346000.0,1,mortgage,rented,6.3,392
CUST004920,42,salaried,194,tier2,1705000.0,0,,owned,3.9,625
CUST004921,32,salaried,35,tier3,1186000.0,1,home,rented,0.7,657
CUST004922,41,self_employed,236,metro,1401000.0,1,mortgage,rented,2.2,777
CUST004923,36,self_employed,53,tier2,1036000.0,2,personal|mortgage,rented,0.0,774
CUST004924,24,salaried,15,tier2,524000.0,3,mortgage|auto|personal,rented,1.3,674
CUST004925,23,salaried,14,tier3,257000.0,1,auto,owned,3.1,721
CUST004926,43,self_employed,202,metro,1083000.0,1,home,owned,3.1,731
CUST004927,44,salaried,80,metro,584000.0,3,auto|home|mortgage,owned,5.9,723
CUST004928,37,business_owner,70,tier2,1022000.0,2,personal|auto,rented,1.9,779
CUST004929,46,self_employed,218,tier3,514000.0,0,,owned,3.5,540
CUST004930,43,salaried,103,tier3,502000.0,1,mortgage,owned,8.1,561
CUST004931,40,salaried,141,tier3,517000.0,1,home,rented,4.3,623
CUST004932,27,self_employed,60,tier2,338000.0,0,,owned,0.2,605
CUST004933,48,salaried,80,tier2,618000.0,0,,owned,4.8,666
CUST004934,39,self_employed,162,tier3,361000.0,1,mortgage,owned,0.9,826
CUST004935,31,salaried,26,tier3,228000.0,0,,owned,0.6,760
CUST004936,29,salaried,75,tier3,731000.0,0,,rented,5.2,790
CUST004937,37,salaried,160,tier3,590000.0,0,,rented,1.3,647
CUST004938,21,self_employed,3,tier3,1178000.0,0,,rented,2.2,668
CUST004939,40,business_owner,199,metro,694000.0,0,,owned,2.3,707
CUST004940,27,business_owner,66,metro,1208000.0,2,home|auto,rented,0.6,718
CUST004941,37,salaried,43,tier3,519000.0,1,mortgage,owned,2.3,718
CUST004942,30,self_employed,22,tier2,852000.0,1,personal,owned,2.6,888
CUST004943,32,salaried,28,metro,575000.0,1,personal,rented,5.7,732
CUST004944,28,salaried,41,tier2,607000.0,1,home,owned,4.1,609
CUST004945,33,business_owner,100,tier2,314000.0,1,mortgage,rented,0.1,541
CUST004946,50,salaried,178,tier3,420000.0,0,,owned,3.8,730
CUST004947,46,business_owner,203,tier3,635000.0,1,auto,rented,3.4,723
CUST004948,37,salaried,94,metro,896000.0,1,home,owned,3.4,768
CUST004949,34,salaried,35,tier2,765000.0,0,,owned,4.9,726
CUST004950,41,salaried,83,metro,1341000.0,1,auto,owned,1.3,586
CUST004951,44,business_owner,255,tier3,234000.0,0,,rented,1.9,818
CUST004952,28,salaried,35,metro,451000.0,0,,rented,2.5,800
CUST004953,34,self_employed,74,tier2,538000.0,0,,owned,4.1,620
CUST004954,21,salaried,3,tier2,418000.0,1,mortgage,owned,3.8,662
CUST004955,43,self_employed,262,tier2,119000.0,0,,owned,0.8,671
CUST004956,51,salaried,125,tier2,567000.0,2,personal|mortgage,owned,1.6,621
CUST004957,35,salaried,104,tier2,690000.0,0,,owned,5.9,525
CUST004958,21,self_employed,3,tier2,922000.0,1,mortgage,owned,3.7,731
CUST004959,39,self_employed,60,metro,361000.0,0,,owned,1.0,545
CUST004960,27,salaried,47,metro,862000.0,0,,rented,2.4,576
CUST004961,29,salaried,58,tier2,1024000.0,0,,rented,0.8,809
CUST004962,40,salaried,146,metro,621000.0,1,personal,owned,2.3,717
CUST004963,37,business_owner,83,tier3,282000.0,1,home,owned,1.5,664
CUST004964,31,self_employed,120,metro,1358000.0,0,,owned,2.2,653
CUST004965,29,self_employed,66,tier3,249000.0,2,home|mortgage,rented,5.4,539
CUST004966,36,self_employed,156,metro,645000.0,0,,owned,0.2,692
CUST004967,31,self_employed,47,tier3,557000.0,0,,rented,2.2,724
CUST004968,26,salaried,27,metro,781000.0,1,home,rented,1.3,751
CUST004969,32,salaried,55,tier2,1223000.0,2,home|personal,rented,2.4,619
CUST004970,37,self_employed,153,metro,608000.0,0,,rented,6.2,618
CUST004971,33,salaried,98,tier2,1325000.0,1,mortgage,owned,0.8,731
CUST004972,23,salaried,12,metro,1173000.0,0,,owned,5.3,566
CUST004973,42,self_employed,56,tier3,867000.0,1,mortgage,rented,1.5,753
CUST004974,21,business_owner,3,tier2,248000.0,2,auto|home,owned,0.1,640
CUST004975,31,self_employed,34,tier3,88000.0,0,,rented,9.5,706
CUST004976,30,salaried,81,tier2,467000.0,0,,rented,6.4,887
CUST004977,36,business_owner,78,tier2,712000.0,2,mortgage|personal,rented,4.9,605
CUST004978,39,salaried,59,tier3,746000.0,0,,owned,9.9,642
CUST004979,44,salaried,118,metro,794000.0,1,auto,rented,3.7,657
CUST004980,29,business_owner,27,tier2,1771000.0,1,mortgage,rented,0.8,476
CUST004981,39,self_employed,207,metro,838000.0,0,,owned,7.3,735
CUST004982,36,business_owner,75,tier2,546000.0,0,,owned,1.5,444
CUST004983,21,self_employed,3,metro,1047000.0,0,,rented,1.9,748
CUST004984,50,self_employed,248,tier2,267000.0,1,personal,owned,1.6,567
CUST004985,23,salaried,13,tier2,550000.0,2,mortgage|personal,rented,2.8,588
CUST004986,38,salaried,103,tier2,1686000.0,1,mortgage,owned,0.1,676
CUST004987,38,business_owner,171,metro,273000.0,1,personal,rented,1.2,560
CUST004988,37,business_owner,139,tier2,287000.0,1,auto,owned,4.6,644
CUST004989,31,salaried,24,tier3,260000.0,2,personal|mortgage,owned,1.7,581
CUST004990,41,salaried,189,metro,566000.0,0,,rented,4.9,488
CUST004991,22,salaried,5,metro,422000.0,2,mortgage|home,rented,1.5,585
CUST004992,34,salaried,67,tier3,684000.0,0,,rented,1.6,790
CUST004993,30,business_owner,60,tier3,300000.0,0,,owned,2.0,745
CUST004994,29,salaried,61,metro,1569000.0,0,,owned,6.2,631
CUST004995,38,salaried,90,tier2,436000.0,0,,rented,0.1,665
CUST004996,43,business_owner,129,metro,425000.0,0,,owned,0.5,581
CUST004997,32,salaried,31,tier3,553000.0,0,,owned,5.5,547
CUST004998,41,salaried,112,tier2,318000.0,0,,owned,13.7,585
CUST004999,35,salaried,49,tier2,701000.0,1,auto,owned,1.5,703
CUST005000,27,salaried,54,metro,1057000.0,1,personal,rented,6.6,614
