customer_id,applied_flag,converted_flag,loan_type,application_amount
CUST000001,0,0,none,0.0
CUST000002,1,1,home,1944000.0
CUST000003,1,1,personal,1204000.0
CUST000004,1,1,mortgage,3268000.0
CUST000005,1,1,home,918000.0
CUST000006,0,0,none,0.0
CUST000007,0,0,none,0.0
CUST000008,1,0,home,1851000.0
CUST000009,0,0,none,0.0
CUST000010,0,0,none,0.0
CUST000011,0,0,none,0.0
CUST000012,0,0,none,0.0
CUST000013,0,0,none,0.0
CUST000014,0,0,none,0.0
CUST000015,1,1,personal,982000.0
CUST000016,1,0,mortgage,996000.0
CUST000017,0,0,none,0.0
CUST000018,0,0,none,0.0
CUST000019,1,1,home,1158000.0
CUST000020,1,0,mortgage,2317000.0
CUST000021,0,0,none,0.0
CUST000022,1,1,auto,865000.0
CUST000023,0,0,none,0.0
CUST000024,0,0,none,0.0
CUST000025,1,0,mortgage,271000.0
CUST000026,0,0,none,0.0
CUST000027,0,0,none,0.0
CUST000028,0,0,none,0.0
CUST000029,0,0,none,0.0
CUST000030,0,0,none,0.0
CUST000031,0,0,none,0.0
CUST000032,1,1,personal,1902000.0
CUST000033,1,1,home,331000.0
CUST000034,0,0,none,0.0
CUST000035,1,1,mortgage,783000.0
CUST000036,1,0,home,1040000.0
CUST000037,0,0,none,0.0
CUST000038,1,0,home,1291000.0
CUST000039,0,0,none,0.0
CUST000040,1,0,home,387000.0
CUST000041,1,0,auto,1409000.0
CUST000042,0,0,none,0.0
CUST000043,0,0,none,0.0
CUST000044,0,0,none,0.0
CUST000045,0,0,none,0.0
CUST000046,0,0,none,0.0
CUST000047,0,0,none,0.0
CUST000048,0,0,none,0.0
CUST000049,0,0,none,0.0
CUST000050,1,1,auto,373000.0
CUST000051,0,0,none,0.0
CUST000052,0,0,none,0.0
CUST000053,1,1,home,523000.0
CUST000054,0,0,none,0.0
CUST000055,0,0,none,0.0
CUST000056,1,0,auto,1972000.0
CUST000057,1,1,mortgage,2110000.0
CUST000058,0,0,none,0.0
CUST000059,0,0,none,0.0
CUST000060,1,0,mortgage,1210000.0
CUST000061,0,0,none,0.0
CUST000062,0,0,none,0.0
CUST000063,0,0,none,0.0
CUST000064,0,0,none,0.0
CUST000065,0,0,none,0.0
CUST000066,1,1,home,832000.0
CUST000067,1,1,personal,1046000.0
CUST000068,0,0,none,0.0
CUST000069,0,0,none,0.0
CUST000070,0,0,none,0.0
CUST000071,0,0,none,0.0
CUST000072,0,0,none,0.0
CUST000073,0,0,none,0.0
CUST000074,0,0,none,0.0
CUST000075,1,0,home,1235000.0
CUST000076,0,0,none,0.0
CUST000077,0,0,none,0.0
CUST000078,0,0,none,0.0
CUST000079,0,0,none,0.0
CUST000080,0,0,none,0.0
CUST000081,1,1,personal,579000.0
CUST000082,1,1,auto,981000.0
CUST000083,1,1,personal,1138000.0
CUST000084,1,1,home,801000.0
CUST000085,0,0,none,0.0
CUST000086,0,0,none,0.0
CUST000087,0,0,none,0.0
CUST000088,1,1,auto,1596000.0
CUST000089,0,0,none,0.0
CUST000090,0,0,none,0.0
CUST000091,0,0,none,0.0
CUST000092,0,0,none,0.0
CUST000093,1,1,auto,340000.0
CUST000094,1,1,personal,786000.0
CUST000095,0,0,none,0.0
CUST000096,1,1,home,1325000.0
CUST000097,1,1,personal,1235000.0
CUST000098,0,0,none,0.0
CUST000099,1,1,mortgage,2778000.0
CUST000100,1,1,auto,2951000.0
CUST000101,1,1,mortgage,978000.0
CUST000102,1,1,auto,1544000.0
CUST000103,0,0,none,0.0
CUST000104,1,1,auto,3307000.0
CUST000105,1,0,personal,561000.0
CUST000106,0,0,none,0.0
CUST000107,0,0,none,0.0
CUST000108,1,1,mortgage,827000.0
CUST000109,0,0,none,0.0
CUST000110,0,0,none,0.0
CUST000111,0,0,none,0.0
CUST000112,1,0,personal,440000.0
CUST000113,0,0,none,0.0
CUST000114,1,1,personal,266000.0
CUST000115,0,0,none,0.0
CUST000116,1,1,home,1158000.0
CUST000117,0,0,none,0.0
CUST000118,0,0,none,0.0
CUST000119,1,1,home,1631000.0
CUST000120,0,0,none,0.0
CUST000121,0,0,none,0.0
CUST000122,0,0,none,0.0
CUST000123,0,0,none,0.0
CUST000124,1,1,home,751000.0
CUST000125,1,1,home,668000.0
CUST000126,1,1,personal,1105000.0
CUST000127,0,0,none,0.0
CUST000128,1,1,home,990000.0
CUST000129,1,1,auto,212000.0
CUST000130,0,0,none,0.0
CUST000131,0,0,none,0.0
CUST000132,0,0,none,0.0
CUST000133,0,0,none,0.0
CUST000134,0,0,none,0.0
CUST000135,0,0,none,0.0
CUST000136,0,0,none,0.0
CUST000137,1,1,mortgage,482000.0
CUST000138,1,1,personal,1482000.0
CUST000139,0,0,none,0.0
CUST000140,1,1,home,875000.0
CUST000141,1,0,home,452000.0
CUST000142,1,1,home,561000.0
CUST000143,1,0,mortgage,2471000.0
CUST000144,0,0,none,0.0
CUST000145,1,0,auto,1664000.0
CUST000146,1,1,auto,1427000.0
CUST000147,0,0,none,0.0
CUST000148,1,1,personal,1064000.0
CUST000149,0,0,none,0.0
CUST000150,0,0,none,0.0
CUST000151,0,0,none,0.0
CUST000152,0,0,none,0.0
CUST000153,0,0,none,0.0
CUST000154,1,1,personal,796000.0
CUST000155,1,0,personal,1759000.0
CUST000156,1,1,auto,1111000.0
CUST000157,0,0,none,0.0
CUST000158,1,1,mortgage,2647000.0
CUST000159,1,1,personal,1376000.0
CUST000160,0,0,none,0.0
CUST000161,0,0,none,0.0
CUST000162,0,0,none,0.0
CUST000163,1,1,mortgage,663000.0
CUST000164,0,0,none,0.0
CUST000165,1,1,mortgage,727000.0
CUST000166,0,0,none,0.0
CUST000167,1,1,auto,251000.0
CUST000168,0,0,none,0.0
CUST000169,0,0,none,0.0
CUST000170,0,0,none,0.0
CUST000171,0,0,none,0.0
CUST000172,0,0,none,0.0
CUST000173,1,1,personal,1842000.0
CUST000174,0,0,none,0.0
CUST000175,0,0,none,0.0
CUST000176,0,0,none,0.0
CUST000177,1,1,auto,881000.0
CUST000178,1,1,home,933000.0
CUST000179,0,0,none,0.0
CUST000180,1,1,home,1389000.0
CUST000181,0,0,none,0.0
CUST000182,0,0,none,0.0
CUST000183,0,0,none,0.0
CUST000184,1,0,personal,354000.0
CUST000185,0,0,none,0.0
CUST000186,0,0,none,0.0
CUST000187,0,0,none,0.0
CUST000188,0,0,none,0.0
CUST000189,1,1,home,898000.0
CUST000190,0,0,none,0.0
CUST000191,0,0,none,0.0
CUST000192,0,0,none,0.0
CUST000193,1,1,mortgage,605000.0
CUST000194,0,0,none,0.0
CUST000195,0,0,none,0.0
CUST000196,0,0,none,0.0
CUST000197,0,0,none,0.0
CUST000198,0,0,none,0.0
CUST000199,1,0,mortgage,1585000.0
CUST000200,0,0,none,0.0
CUST000201,0,0,none,0.0
CUST000202,0,0,none,0.0
CUST000203,0,0,none,0.0
CUST000204,1,1,home,1893000.0
CUST000205,1,1,home,545000.0
CUST000206,0,0,none,0.0
CUST000207,0,0,none,0.0
CUST000208,0,0,none,0.0
CUST000209,0,0,none,0.0
CUST000210,0,0,none,0.0
CUST000211,0,0,none,0.0
CUST000212,0,0,none,0.0
CUST000213,0,0,none,0.0
CUST000214,1,0,personal,1735000.0
CUST000215,0,0,none,0.0
CUST000216,0,0,none,0.0
CUST000217,0,0,none,0.0
CUST000218,1,1,home,1496000.0
CUST000219,0,0,none,0.0
CUST000220,0,0,none,0.0
CUST000221,0,0,none,0.0
CUST000222,0,0,none,0.0
CUST000223,0,0,none,0.0
CUST000224,0,0,none,0.0
CUST000225,0,0,none,0.0
CUST000226,1,1,auto,423000.0
CUST000227,1,0,home,2449000.0
CUST000228,0,0,none,0.0
CUST000229,0,0,none,0.0
CUST000230,1,1,mortgage,1100000.0
CUST000231,0,0,none,0.0
CUST000232,0,0,none,0.0
CUST000233,1,1,personal,658000.0
CUST000234,1,0,auto,789000.0
CUST000235,0,0,none,0.0
CUST000236,1,1,personal,1461000.0
CUST000237,0,0,none,0.0
CUST000238,1,1,personal,2006000.0
CUST000239,0,0,none,0.0
CUST000240,0,0,none,0.0
CUST000241,1,1,personal,1195000.0
CUST000242,0,0,none,0.0
CUST000243,0,0,none,0.0
CUST000244,0,0,none,0.0
CUST000245,1,1,personal,2402000.0
CUST000246,0,0,none,0.0
CUST000247,0,0,none,0.0
CUST000248,1,1,personal,1047000.0
CUST000249,1,1,home,1739000.0
CUST000250,0,0,none,0.0
CUST000251,0,0,none,0.0
CUST000252,1,0,home,775000.0
CUST000253,0,0,none,0.0
CUST000254,1,1,auto,1493000.0
CUST000255,0,0,none,0.0
CUST000256,0,0,none,0.0
CUST000257,1,1,auto,1625000.0
CUST000258,0,0,none,0.0
CUST000259,0,0,none,0.0
CUST000260,0,0,none,0.0
CUST000261,0,0,none,0.0
CUST000262,0,0,none,0.0
CUST000263,0,0,none,0.0
CUST000264,0,0,none,0.0
CUST000265,1,1,personal,3999000.0
CUST000266,1,0,home,419000.0
CUST000267,1,1,personal,667000.0
CUST000268,0,0,none,0.0
CUST000269,1,1,personal,1686000.0
CUST000270,0,0,none,0.0
CUST000271,1,1,auto,551000.0
CUST000272,1,0,personal,701000.0
CUST000273,1,1,auto,2686000.0
CUST000274,0,0,none,0.0
CUST000275,0,0,none,0.0
CUST000276,0,0,none,0.0
CUST000277,0,0,none,0.0
CUST000278,0,0,none,0.0
CUST000279,0,0,none,0.0
CUST000280,1,1,mortgage,291000.0
CUST000281,1,1,mortgage,837000.0
CUST000282,0,0,none,0.0
CUST000283,0,0,none,0.0
CUST000284,1,1,home,1222000.0
CUST000285,1,1,auto,845000.0
CUST000286,1,1,mortgage,1118000.0
CUST000287,1,1,home,1091000.0
CUST000288,0,0,none,0.0
CUST000289,0,0,none,0.0
CUST000290,0,0,none,0.0
CUST000291,0,0,none,0.0
CUST000292,0,0,none,0.0
CUST000293,1,1,home,1653000.0
CUST000294,1,1,mortgage,1309000.0
CUST000295,0,0,none,0.0
CUST000296,1,1,auto,2127000.0
CUST000297,1,1,auto,3612000.0
CUST000298,0,0,none,0.0
CUST000299,0,0,none,0.0
CUST000300,0,0,none,0.0
CUST000301,1,1,home,1412000.0
CUST000302,0,0,none,0.0
CUST000303,1,0,mortgage,1935000.0
CUST000304,0,0,none,0.0
CUST000305,1,1,personal,1961000.0
CUST000306,0,0,none,0.0
CUST000307,1,1,auto,531000.0
CUST000308,0,0,none,0.0
CUST000309,0,0,none,0.0
CUST000310,0,0,none,0.0
CUST000311,0,0,none,0.0
CUST000312,1,0,mortgage,3905000.0
CUST000313,0,0,none,0.0
CUST000314,0,0,none,0.0
CUST000315,0,0,none,0.0
CUST000316,1,1,mortgage,615000.0
CUST000317,0,0,none,0.0
CUST000318,1,0,mortgage,443000.0
CUST000319,1,1,auto,316000.0
CUST000320,0,0,none,0.0
CUST000321,0,0,none,0.0
CUST000322,1,1,personal,1631000.0
CUST000323,1,1,personal,1018000.0
CUST000324,1,0,home,1365000.0
CUST000325,0,0,none,0.0
CUST000326,0,0,none,0.0
CUST000327,1,1,personal,1312000.0
CUST000328,1,1,home,2285000.0
CUST000329,1,1,auto,591000.0
CUST000330,0,0,none,0.0
CUST000331,1,1,mortgage,1159000.0
CUST000332,1,1,home,1441000.0
CUST000333,0,0,none,0.0
CUST000334,1,1,mortgage,1291000.0
CUST000335,0,0,none,0.0
CUST000336,1,1,mortgage,1250000.0
CUST000337,0,0,none,0.0
CUST000338,0,0,none,0.0
CUST000339,0,0,none,0.0
CUST000340,1,1,mortgage,1084000.0
CUST000341,0,0,none,0.0
CUST000342,0,0,none,0.0
CUST000343,0,0,none,0.0
CUST000344,0,0,none,0.0
CUST000345,0,0,none,0.0
CUST000346,0,0,none,0.0
CUST000347,0,0,none,0.0
CUST000348,0,0,none,0.0
CUST000349,1,1,auto,1937000.0
CUST000350,1,1,personal,2529000.0
CUST000351,0,0,none,0.0
CUST000352,1,1,home,1325000.0
CUST000353,0,0,none,0.0
CUST000354,0,0,none,0.0
CUST000355,0,0,none,0.0
CUST000356,0,0,none,0.0
CUST000357,1,0,personal,942000.0
CUST000358,0,0,none,0.0
CUST000359,1,1,mortgage,676000.0
CUST000360,1,1,home,978000.0
CUST000361,0,0,none,0.0
CUST000362,0,0,none,0.0
CUST000363,1,1,personal,922000.0
CUST000364,0,0,none,0.0
CUST000365,0,0,none,0.0
CUST000366,0,0,none,0.0
CUST000367,1,1,home,2153000.0
CUST000368,0,0,none,0.0
CUST000369,0,0,none,0.0
CUST000370,0,0,none,0.0
CUST000371,0,0,none,0.0
CUST000372,0,0,none,0.0
CUST000373,0,0,none,0.0
CUST000374,0,0,none,0.0
CUST000375,1,1,home,679000.0
CUST000376,1,0,home,683000.0
CUST000377,0,0,none,0.0
CUST000378,1,1,auto,1078000.0
CUST000379,0,0,none,0.0
CUST000380,0,0,none,0.0
CUST000381,0,0,none,0.0
CUST000382,0,0,none,0.0
CUST000383,0,0,none,0.0
CUST000384,1,0,personal,614000.0
CUST000385,0,0,none,0.0
CUST000386,1,1,auto,2393000.0
CUST000387,1,1,mortgage,605000.0
CUST000388,0,0,none,0.0
CUST000389,0,0,none,0.0
CUST000390,0,0,none,0.0
CUST000391,0,0,none,0.0
CUST000392,0,0,none,0.0
CUST000393,0,0,none,0.0
CUST000394,0,0,none,0.0
CUST000395,0,0,none,0.0
CUST000396,0,0,none,0.0
CUST000397,0,0,none,0.0
CUST000398,0,0,none,0.0
CUST000399,1,1,mortgage,820000.0
CUST000400,0,0,none,0.0
CUST000401,1,0,personal,690000.0
CUST000402,1,1,home,1065000.0
CUST000403,1,1,home,362000.0
CUST000404,1,1,home,956000.0
CUST000405,1,1,home,429000.0
CUST000406,1,1,home,546000.0
CUST000407,1,0,home,378000.0
CUST000408,0,0,none,0.0
CUST000409,0,0,none,0.0
CUST000410,0,0,none,0.0
CUST000411,0,0,none,0.0
CUST000412,1,1,home,1937000.0
CUST000413,0,0,none,0.0
CUST000414,1,0,home,866000.0
CUST000415,0,0,none,0.0
CUST000416,0,0,none,0.0
CUST000417,1,1,home,1387000.0
CUST000418,0,0,none,0.0
CUST000419,1,1,mortgage,1645000.0
CUST000420,0,0,none,0.0
CUST000421,0,0,none,0.0
CUST000422,0,0,none,0.0
CUST000423,1,1,home,570000.0
CUST000424,0,0,none,0.0
CUST000425,1,1,home,792000.0
CUST000426,1,1,auto,561000.0
CUST000427,1,1,personal,1186000.0
CUST000428,1,0,mortgage,2539000.0
CUST000429,0,0,none,0.0
CUST000430,0,0,none,0.0
CUST000431,0,0,none,0.0
CUST000432,0,0,none,0.0
CUST000433,0,0,none,0.0
CUST000434,1,1,mortgage,988000.0
CUST000435,0,0,none,0.0
CUST000436,1,1,mortgage,620000.0
CUST000437,1,1,mortgage,364000.0
CUST000438,0,0,none,0.0
CUST000439,0,0,none,0.0
CUST000440,1,1,auto,1675000.0
CUST000441,0,0,none,0.0
CUST000442,0,0,none,0.0
CUST000443,0,0,none,0.0
CUST000444,0,0,none,0.0
CUST000445,0,0,none,0.0
CUST000446,0,0,none,0.0
CUST000447,1,1,auto,555000.0
CUST000448,1,1,mortgage,667000.0
CUST000449,0,0,none,0.0
CUST000450,0,0,none,0.0
CUST000451,1,1,personal,714000.0
CUST000452,0,0,none,0.0
CUST000453,1,0,personal,1130000.0
CUST000454,0,0,none,0.0
CUST000455,1,1,mortgage,497000.0
CUST000456,1,1,mortgage,557000.0
CUST000457,0,0,none,0.0
CUST000458,1,1,home,4745000.0
CUST000459,0,0,none,0.0
CUST000460,0,0,none,0.0
CUST000461,0,0,none,0.0
CUST000462,0,0,none,0.0
CUST000463,0,0,none,0.0
CUST000464,0,0,none,0.0
CUST000465,1,1,personal,716000.0
CUST000466,0,0,none,0.0
CUST000467,0,0,none,0.0
CUST000468,0,0,none,0.0
CUST000469,0,0,none,0.0
CUST000470,0,0,none,0.0
CUST000471,0,0,none,0.0
CUST000472,1,0,mortgage,1389000.0
CUST000473,1,1,home,1984000.0
CUST000474,0,0,none,0.0
CUST000475,0,0,none,0.0
CUST000476,0,0,none,0.0
CUST000477,1,0,personal,515000.0
CUST000478,0,0,none,0.0
CUST000479,0,0,none,0.0
CUST000480,0,0,none,0.0
CUST000481,1,1,mortgage,577000.0
CUST000482,0,0,none,0.0
CUST000483,1,0,home,1267000.0
CUST000484,0,0,none,0.0
CUST000485,0,0,none,0.0
CUST000486,1,1,personal,1083000.0
CUST000487,1,0,mortgage,326000.0
CUST000488,1,1,auto,601000.0
CUST000489,0,0,none,0.0
CUST000490,0,0,none,0.0
CUST000491,0,0,none,0.0
CUST000492,0,0,none,0.0
CUST000493,1,1,personal,987000.0
CUST000494,1,0,mortgage,757000.0
CUST000495,0,0,none,0.0
CUST000496,1,1,personal,2785000.0
CUST000497,1,1,auto,593000.0
CUST000498,1,0,home,649000.0
CUST000499,0,0,none,0.0
CUST000500,1,1,personal,1808000.0
CUST000501,1,1,auto,1710000.0
CUST000502,0,0,none,0.0
CUST000503,0,0,none,0.0
CUST000504,0,0,none,0.0
CUST000505,0,0,none,0.0
CUST000506,1,1,home,659000.0
CUST000507,1,0,auto,1417000.0
CUST000508,0,0,none,0.0
CUST000509,1,1,mortgage,1710000.0
CUST000510,0,0,none,0.0
CUST000511,1,1,mortgage,1835000.0
CUST000512,0,0,none,0.0
CUST000513,1,1,auto,1503000.0
CUST000514,0,0,none,0.0
CUST000515,0,0,none,0.0
CUST000516,0,0,none,0.0
CUST000517,0,0,none,0.0
CUST000518,1,1,personal,1734000.0
CUST000519,1,0,auto,898000.0
CUST000520,0,0,none,0.0
CUST000521,1,0,auto,603000.0
CUST000522,0,0,none,0.0
CUST000523,0,0,none,0.0
CUST000524,0,0,none,0.0
CUST000525,1,1,mortgage,1359000.0
CUST000526,0,0,none,0.0
CUST000527,0,0,none,0.0
CUST000528,0,0,none,0.0
CUST000529,0,0,none,0.0
CUST000530,1,1,mortgage,1297000.0
CUST000531,0,0,none,0.0
CUST000532,1,1,personal,423000.0
CUST000533,0,0,none,0.0
CUST000534,1,1,auto,1370000.0
CUST000535,0,0,none,0.0
CUST000536,1,1,personal,839000.0
CUST000537,0,0,none,0.0
CUST000538,0,0,none,0.0
CUST000539,1,0,auto,1879000.0
CUST000540,1,1,personal,995000.0
CUST000541,0,0,none,0.0
CUST000542,0,0,none,0.0
CUST000543,0,0,none,0.0
CUST000544,0,0,none,0.0
CUST000545,0,0,none,0.0
CUST000546,1,1,personal,3611000.0
CUST000547,0,0,none,0.0
CUST000548,0,0,none,0.0
CUST000549,0,0,none,0.0
CUST000550,0,0,none,0.0
CUST000551,0,0,none,0.0
CUST000552,1,1,auto,859000.0
CUST000553,1,1,auto,644000.0
CUST000554,0,0,none,0.0
CUST000555,1,0,auto,766000.0
CUST000556,1,1,home,479000.0
CUST000557,1,1,auto,546000.0
CUST000558,0,0,none,0.0
CUST000559,0,0,none,0.0
CUST000560,0,0,none,0.0
CUST000561,0,0,none,0.0
CUST000562,0,0,none,0.0
CUST000563,1,1,mortgage,862000.0
CUST000564,1,1,mortgage,593000.0
CUST000565,1,0,mortgage,516000.0
CUST000566,0,0,none,0.0
CUST000567,0,0,none,0.0
CUST000568,0,0,none,0.0
CUST000569,1,1,home,768000.0
CUST000570,0,0,none,0.0
CUST000571,1,1,mortgage,289000.0
CUST000572,1,1,personal,2168000.0
CUST000573,1,0,personal,3017000.0
CUST000574,0,0,none,0.0
CUST000575,0,0,none,0.0
CUST000576,1,1,mortgage,980000.0
CUST000577,1,1,personal,1621000.0
CUST000578,1,0,mortgage,1571000.0
CUST000579,0,0,none,0.0
CUST000580,1,1,auto,994000.0
CUST000581,0,0,none,0.0
CUST000582,0,0,none,0.0
CUST000583,1,1,home,1209000.0
CUST000584,0,0,none,0.0
CUST000585,0,0,none,0.0
CUST000586,0,0,none,0.0
CUST000587,0,0,none,0.0
CUST000588,0,0,none,0.0
CUST000589,1,0,personal,685000.0
CUST000590,0,0,none,0.0
CUST000591,1,1,home,1323000.0
CUST000592,0,0,none,0.0
CUST000593,0,0,none,0.0
CUST000594,1,1,auto,1231000.0
CUST000595,1,1,mortgage,864000.0
CUST000596,0,0,none,0.0
CUST000597,1,1,auto,382000.0
CUST000598,1,1,personal,1850000.0
CUST000599,0,0,none,0.0
CUST000600,0,0,none,0.0
CUST000601,1,1,home,2306000.0
CUST000602,1,0,personal,4211000.0
CUST000603,0,0,none,0.0
CUST000604,0,0,none,0.0
CUST000605,1,1,personal,994000.0
CUST000606,0,0,none,0.0
CUST000607,1,1,mortgage,2605000.0
CUST000608,0,0,none,0.0
CUST000609,0,0,none,0.0
CUST000610,0,0,none,0.0
CUST000611,0,0,none,0.0
CUST000612,0,0,none,0.0
CUST000613,0,0,none,0.0
CUST000614,1,0,personal,3571000.0
CUST000615,1,1,mortgage,759000.0
CUST000616,1,0,personal,590000.0
CUST000617,1,1,personal,590000.0
CUST000618,0,0,none,0.0
CUST000619,1,1,home,858000.0
CUST000620,0,0,none,0.0
CUST000621,0,0,none,0.0
CUST000622,0,0,none,0.0
CUST000623,0,0,none,0.0
CUST000624,0,0,none,0.0
CUST000625,0,0,none,0.0
CUST000626,1,1,auto,815000.0
CUST000627,1,1,auto,500000.0
CUST000628,0,0,none,0.0
CUST000629,1,1,home,2615000.0
CUST000630,1,1,auto,1899000.0
CUST000631,0,0,none,0.0
CUST000632,0,0,none,0.0
CUST000633,1,1,personal,1510000.0
CUST000634,1,1,mortgage,562000.0
CUST000635,0,0,none,0.0
CUST000636,1,0,personal,865000.0
CUST000637,0,0,none,0.0
CUST000638,0,0,none,0.0
CUST000639,0,0,none,0.0
CUST000640,0,0,none,0.0
CUST000641,0,0,none,0.0
CUST000642,0,0,none,0.0
CUST000643,0,0,none,0.0
CUST000644,0,0,none,0.0
CUST000645,1,1,auto,882000.0
CUST000646,1,1,personal,2660000.0
CUST000647,1,1,personal,402000.0
CUST000648,1,1,personal,840000.0
CUST000649,1,1,mortgage,1760000.0
CUST000650,0,0,none,0.0
CUST000651,0,0,none,0.0
CUST000652,0,0,none,0.0
CUST000653,1,1,home,710000.0
CUST000654,0,0,none,0.0
CUST000655,0,0,none,0.0
CUST000656,1,1,auto,940000.0
CUST000657,0,0,none,0.0
CUST000658,0,0,none,0.0
CUST000659,0,0,none,0.0
CUST000660,0,0,none,0.0
CUST000661,0,0,none,0.0
CUST000662,0,0,none,0.0
CUST000663,1,1,mortgage,1131000.0
CUST000664,1,1,mortgage,320000.0
CUST000665,1,1,auto,992000.0
CUST000666,0,0,none,0.0
CUST000667,0,0,none,0.0
CUST000668,1,1,mortgage,676000.0
CUST000669,1,1,mortgage,1622000.0
CUST000670,0,0,none,0.0
CUST000671,1,1,auto,771000.0
CUST000672,1,1,mortgage,1048000.0
CUST000673,0,0,none,0.0
CUST000674,1,0,auto,940000.0
CUST000675,0,0,none,0.0
CUST000676,1,1,auto,1584000.0
CUST000677,0,0,none,0.0
CUST000678,0,0,none,0.0
CUST000679,0,0,none,0.0
CUST000680,1,0,home,5106000.0
CUST000681,0,0,none,0.0
CUST000682,1,1,mortgage,1349000.0
CUST000683,1,0,home,566000.0
CUST000684,1,1,auto,616000.0
CUST000685,1,1,auto,670000.0
CUST000686,1,1,mortgage,801000.0
CUST000687,0,0,none,0.0
CUST000688,0,0,none,0.0
CUST000689,1,1,auto,825000.0
CUST000690,0,0,none,0.0
CUST000691,0,0,none,0.0
CUST000692,0,0,none,0.0
CUST000693,0,0,none,0.0
CUST000694,0,0,none,0.0
CUST000695,1,1,home,368000.0
CUST000696,0,0,none,0.0
CUST000697,0,0,none,0.0
CUST000698,0,0,none,0.0
CUST000699,0,0,none,0.0
CUST000700,0,0,none,0.0
CUST000701,1,0,auto,1009000.0
CUST000702,0,0,none,0.0
CUST000703,0,0,none,0.0
CUST000704,0,0,none,0.0
CUST000705,1,1,mortgage,775000.0
CUST000706,0,0,none,0.0
CUST000707,1,1,personal,536000.0
CUST000708,1,1,personal,811000.0
CUST000709,0,0,none,0.0
CUST000710,0,0,none,0.0
CUST000711,1,1,mortgage,4066000.0
CUST000712,1,0,auto,656000.0
CUST000713,1,1,personal,1980000.0
CUST000714,0,0,none,0.0
CUST000715,0,0,none,0.0
CUST000716,0,0,none,0.0
CUST000717,1,1,auto,552000.0
CUST000718,0,0,none,0.0
CUST000719,1,1,personal,476000.0
CUST000720,0,0,none,0.0
CUST000721,0,0,none,0.0
CUST000722,1,1,home,1492000.0
CUST000723,0,0,none,0.0
CUST000724,0,0,none,0.0
CUST000725,0,0,none,0.0
CUST000726,0,0,none,0.0
CUST000727,0,0,none,0.0
CUST000728,0,0,none,0.0
CUST000729,0,0,none,0.0
CUST000730,1,0,mortgage,361000.0
CUST000731,0,0,none,0.0
CUST000732,0,0,none,0.0
CUST000733,0,0,none,0.0
CUST000734,1,1,personal,426000.0
CUST000735,0,0,none,0.0
CUST000736,1,1,personal,820000.0
CUST000737,0,0,none,0.0
CUST000738,0,0,none,0.0
CUST000739,1,1,home,1365000.0
CUST000740,1,0,home,1579000.0
CUST000741,0,0,none,0.0
CUST000742,1,0,auto,1886000.0
CUST000743,0,0,none,0.0
CUST000744,1,1,personal,1022000.0
CUST000745,0,0,none,0.0
CUST000746,0,0,none,0.0
CUST000747,1,1,auto,915000.0
CUST000748,1,1,personal,1350000.0
CUST000749,0,0,none,0.0
CUST000750,1,1,home,1192000.0
CUST000751,1,0,home,4280000.0
CUST000752,0,0,none,0.0
CUST000753,0,0,none,0.0
CUST000754,0,0,none,0.0
CUST000755,0,0,none,0.0
CUST000756,0,0,none,0.0
CUST000757,0,0,none,0.0
CUST000758,1,0,mortgage,763000.0
CUST000759,1,1,home,636000.0
CUST000760,1,1,mortgage,502000.0
CUST000761,0,0,none,0.0
CUST000762,1,0,home,406000.0
CUST000763,0,0,none,0.0
CUST000764,1,1,auto,1677000.0
CUST000765,0,0,none,0.0
CUST000766,0,0,none,0.0
CUST000767,0,0,none,0.0
CUST000768,0,0,none,0.0
CUST000769,1,0,home,442000.0
CUST000770,0,0,none,0.0
CUST000771,1,1,home,1381000.0
CUST000772,0,0,none,0.0
CUST000773,0,0,none,0.0
CUST000774,0,0,none,0.0
CUST000775,1,0,mortgage,697000.0
CUST000776,0,0,none,0.0
CUST000777,1,1,mortgage,887000.0
CUST000778,1,0,personal,2482000.0
CUST000779,0,0,none,0.0
CUST000780,1,1,auto,2058000.0
CUST000781,1,1,home,1633000.0
CUST000782,0,0,none,0.0
CUST000783,1,1,personal,1184000.0
CUST000784,0,0,none,0.0
CUST000785,1,1,personal,1319000.0
CUST000786,0,0,none,0.0
CUST000787,0,0,none,0.0
CUST000788,0,0,none,0.0
CUST000789,0,0,none,0.0
CUST000790,0,0,none,0.0
CUST000791,0,0,none,0.0
CUST000792,1,1,personal,1745000.0
CUST000793,0,0,none,0.0
CUST000794,1,1,mortgage,1110000.0
CUST000795,0,0,none,0.0
CUST000796,1,1,personal,516000.0
CUST000797,0,0,none,0.0
CUST000798,0,0,none,0.0
CUST000799,0,0,none,0.0
CUST000800,1,1,mortgage,416000.0
CUST000801,1,1,mortgage,985000.0
CUST000802,0,0,none,0.0
CUST000803,0,0,none,0.0
CUST000804,1,1,auto,1365000.0
CUST000805,0,0,none,0.0
CUST000806,1,1,personal,3482000.0
CUST000807,0,0,none,0.0
CUST000808,1,1,mortgage,1728000.0
CUST000809,0,0,none,0.0
CUST000810,1,0,home,4820000.0
CUST000811,0,0,none,0.0
CUST000812,0,0,none,0.0
CUST000813,0,0,none,0.0
CUST000814,0,0,none,0.0
CUST000815,0,0,none,0.0
CUST000816,0,0,none,0.0
CUST000817,0,0,none,0.0
CUST000818,0,0,none,0.0
CUST000819,1,1,personal,627000.0
CUST000820,1,1,personal,1065000.0
CUST000821,0,0,none,0.0
CUST000822,1,1,mortgage,2151000.0
CUST000823,0,0,none,0.0
CUST000824,0,0,none,0.0
CUST000825,0,0,none,0.0
CUST000826,1,1,personal,574000.0
CUST000827,1,1,auto,1077000.0
CUST000828,1,1,personal,1622000.0
CUST000829,0,0,none,0.0
CUST000830,1,1,mortgage,1852000.0
CUST000831,1,1,home,469000.0
CUST000832,1,1,home,773000.0
CUST000833,1,1,mortgage,915000.0
CUST000834,1,0,auto,1957000.0
CUST000835,0,0,none,0.0
CUST000836,0,0,none,0.0
CUST000837,0,0,none,0.0
CUST000838,0,0,none,0.0
CUST000839,1,1,auto,489000.0
CUST000840,0,0,none,0.0
CUST000841,0,0,none,0.0
CUST000842,1,1,auto,531000.0
CUST000843,1,1,personal,267000.0
CUST000844,0,0,none,0.0
CUST000845,0,0,none,0.0
CUST000846,0,0,none,0.0
CUST000847,0,0,none,0.0
CUST000848,0,0,none,0.0
CUST000849,1,0,auto,479000.0
CUST000850,0,0,none,0.0
CUST000851,0,0,none,0.0
CUST000852,0,0,none,0.0
CUST000853,0,0,none,0.0
CUST000854,1,1,mortgage,587000.0
CUST000855,0,0,none,0.0
CUST000856,1,0,auto,1171000.0
CUST000857,0,0,none,0.0
CUST000858,0,0,none,0.0
CUST000859,1,1,personal,989000.0
CUST000860,0,0,none,0.0
CUST000861,1,1,mortgage,2227000.0
CUST000862,1,0,home,1525000.0
CUST000863,0,0,none,0.0
CUST000864,1,1,mortgage,1249000.0
CUST000865,0,0,none,0.0
CUST000866,0,0,none,0.0
CUST000867,1,1,home,649000.0
CUST000868,0,0,none,0.0
CUST000869,1,1,auto,374000.0
CUST000870,1,0,personal,1083000.0
CUST000871,1,0,home,1445000.0
CUST000872,0,0,none,0.0
CUST000873,0,0,none,0.0
CUST000874,0,0,none,0.0
CUST000875,0,0,none,0.0
CUST000876,0,0,none,0.0
CUST000877,1,1,mortgage,757000.0
CUST000878,1,0,auto,907000.0
CUST000879,1,0,mortgage,181000.0
CUST000880,0,0,none,0.0
CUST000881,0,0,none,0.0
CUST000882,0,0,none,0.0
CUST000883,1,1,auto,2211000.0
CUST000884,1,1,personal,358000.0
CUST000885,1,1,home,3358000.0
CUST000886,0,0,none,0.0
CUST000887,0,0,none,0.0
CUST000888,0,0,none,0.0
CUST000889,0,0,none,0.0
CUST000890,1,1,personal,1366000.0
CUST000891,0,0,none,0.0
CUST000892,1,0,auto,1038000.0
CUST000893,0,0,none,0.0
CUST000894,0,0,none,0.0
CUST000895,0,0,none,0.0
CUST000896,1,1,auto,389000.0
CUST000897,0,0,none,0.0
CUST000898,1,1,personal,849000.0
CUST000899,1,1,personal,2265000.0
CUST000900,1,0,auto,1091000.0
CUST000901,1,1,personal,753000.0
CUST000902,0,0,none,0.0
CUST000903,0,0,none,0.0
CUST000904,0,0,none,0.0
CUST000905,1,1,mortgage,1096000.0
CUST000906,0,0,none,0.0
CUST000907,0,0,none,0.0
CUST000908,1,0,personal,868000.0
CUST000909,1,1,auto,741000.0
CUST000910,0,0,none,0.0
CUST000911,0,0,none,0.0
CUST000912,0,0,none,0.0
CUST000913,0,0,none,0.0
CUST000914,1,0,personal,259000.0
CUST000915,1,1,home,287000.0
CUST000916,0,0,none,0.0
CUST000917,0,0,none,0.0
CUST000918,0,0,none,0.0
CUST000919,0,0,none,0.0
CUST000920,0,0,none,0.0
CUST000921,1,1,personal,1347000.0
CUST000922,0,0,none,0.0
CUST000923,0,0,none,0.0
CUST000924,1,1,personal,1256000.0
CUST000925,0,0,none,0.0
CUST000926,1,1,home,187000.0
CUST000927,1,1,personal,823000.0
CUST000928,0,0,none,0.0
CUST000929,1,1,mortgage,2198000.0
CUST000930,1,1,auto,1375000.0
CUST000931,0,0,none,0.0
CUST000932,0,0,none,0.0
CUST000933,1,1,personal,747000.0
CUST000934,0,0,none,0.0
CUST000935,1,1,personal,2787000.0
CUST000936,1,1,mortgage,3652000.0
CUST000937,1,1,personal,2331000.0
CUST000938,0,0,none,0.0
CUST000939,1,1,auto,1984000.0
CUST000940,1,1,mortgage,710000.0
CUST000941,1,1,auto,863000.0
CUST000942,0,0,none,0.0
CUST000943,1,1,personal,1753000.0
CUST000944,1,0,auto,3287000.0
CUST000945,0,0,none,0.0
CUST000946,0,0,none,0.0
CUST000947,1,1,mortgage,451000.0
CUST000948,0,0,none,0.0
CUST000949,1,1,personal,1779000.0
CUST000950,0,0,none,0.0
CUST000951,0,0,none,0.0
CUST000952,1,0,home,526000.0
CUST000953,0,0,none,0.0
CUST000954,1,1,mortgage,1749000.0
CUST000955,0,0,none,0.0
CUST000956,0,0,none,0.0
CUST000957,1,1,mortgage,2027000.0
CUST000958,1,1,auto,785000.0
CUST000959,1,1,home,325000.0
CUST000960,0,0,none,0.0
CUST000961,1,1,home,445000.0
CUST000962,1,1,mortgage,3407000.0
CUST000963,1,0,home,1195000.0
CUST000964,1,0,auto,1218000.0
CUST000965,1,0,home,1158000.0
CUST000966,1,1,mortgage,998000.0
CUST000967,0,0,none,0.0
CUST000968,1,0,personal,1234000.0
CUST000969,1,0,home,1310000.0
CUST000970,0,0,none,0.0
CUST000971,0,0,none,0.0
CUST000972,0,0,none,0.0
CUST000973,1,0,mortgage,1525000.0
CUST000974,1,0,personal,1103000.0
CUST000975,1,0,personal,1930000.0
CUST000976,1,0,home,1649000.0
CUST000977,0,0,none,0.0
CUST000978,0,0,none,0.0
CUST000979,0,0,none,0.0
CUST000980,1,1,personal,271000.0
CUST000981,0,0,none,0.0
CUST000982,1,0,mortgage,834000.0
CUST000983,0,0,none,0.0
CUST000984,1,1,mortgage,302000.0
CUST000985,0,0,none,0.0
CUST000986,0,0,none,0.0
CUST000987,0,0,none,0.0
CUST000988,0,0,none,0.0
CUST000989,0,0,none,0.0
CUST000990,1,1,mortgage,1408000.0
CUST000991,1,1,personal,416000.0
CUST000992,0,0,none,0.0
CUST000993,0,0,none,0.0
CUST000994,1,1,mortgage,1092000.0
CUST000995,0,0,none,0.0
CUST000996,0,0,none,0.0
CUST000997,0,0,none,0.0
CUST000998,1,1,personal,1565000.0
CUST000999,0,0,none,0.0
CUST001000,1,1,auto,267000.0
CUST001001,0,0,none,0.0
CUST001002,0,0,none,0.0
CUST001003,0,0,none,0.0
CUST001004,0,0,none,0.0
CUST001005,1,1,home,1616000.0
CUST001006,0,0,none,0.0
CUST001007,0,0,none,0.0
CUST001008,0,0,none,0.0
CUST001009,0,0,none,0.0
CUST001010,0,0,none,0.0
CUST001011,0,0,none,0.0
CUST001012,0,0,none,0.0
CUST001013,0,0,none,0.0
CUST001014,0,0,none,0.0
CUST001015,0,0,none,0.0
CUST001016,0,0,none,0.0
CUST001017,0,0,none,0.0
CUST001018,1,1,auto,1185000.0
CUST001019,0,0,none,0.0
CUST001020,1,1,personal,918000.0
CUST001021,1,1,home,1638000.0
CUST001022,1,1,personal,990000.0
CUST001023,0,0,none,0.0
CUST001024,0,0,none,0.0
CUST001025,1,1,personal,536000.0
CUST001026,1,0,auto,993000.0
CUST001027,0,0,none,0.0
CUST001028,1,1,home,1608000.0
CUST001029,0,0,none,0.0
CUST001030,0,0,none,0.0
CUST001031,0,0,none,0.0
CUST001032,0,0,none,0.0
CUST001033,0,0,none,0.0
CUST001034,1,1,home,2908000.0
CUST001035,0,0,none,0.0
CUST001036,0,0,none,0.0
CUST001037,0,0,none,0.0
CUST001038,0,0,none,0.0
CUST001039,1,1,personal,1684000.0
CUST001040,0,0,none,0.0
CUST001041,0,0,none,0.0
CUST001042,1,1,mortgage,1195000.0
CUST001043,0,0,none,0.0
CUST001044,1,0,auto,345000.0
CUST001045,0,0,none,0.0
CUST001046,0,0,none,0.0
CUST001047,0,0,none,0.0
CUST001048,0,0,none,0.0
CUST001049,0,0,none,0.0
CUST001050,0,0,none,0.0
CUST001051,1,1,personal,667000.0
CUST001052,0,0,none,0.0
CUST001053,1,0,home,736000.0
CUST001054,1,1,auto,514000.0
CUST001055,0,0,none,0.0
CUST001056,0,0,none,0.0
CUST001057,0,0,none,0.0
CUST001058,1,1,auto,855000.0
CUST001059,1,1,personal,988000.0
CUST001060,0,0,none,0.0
CUST001061,0,0,none,0.0
CUST001062,0,0,none,0.0
CUST001063,0,0,none,0.0
CUST001064,0,0,none,0.0
CUST001065,1,1,home,1371000.0
CUST001066,0,0,none,0.0
CUST001067,0,0,none,0.0
CUST001068,1,1,auto,3193000.0
CUST001069,1,1,mortgage,1493000.0
CUST001070,1,1,mortgage,344000.0
CUST001071,1,0,mortgage,1240000.0
CUST001072,1,1,personal,846000.0
CUST001073,1,1,auto,1338000.0
CUST001074,0,0,none,0.0
CUST001075,1,1,home,955000.0
CUST001076,0,0,none,0.0
CUST001077,1,1,mortgage,580000.0
CUST001078,1,1,personal,1432000.0
CUST001079,0,0,none,0.0
CUST001080,0,0,none,0.0
CUST001081,0,0,none,0.0
CUST001082,0,0,none,0.0
CUST001083,1,1,auto,2131000.0
CUST001084,0,0,none,0.0
CUST001085,0,0,none,0.0
CUST001086,1,1,home,1091000.0
CUST001087,0,0,none,0.0
CUST001088,0,0,none,0.0
CUST001089,1,1,mortgage,1160000.0
CUST001090,0,0,none,0.0
CUST001091,1,0,home,1712000.0
CUST001092,0,0,none,0.0
CUST001093,1,0,home,863000.0
CUST001094,1,1,auto,328000.0
CUST001095,1,1,auto,1894000.0
CUST001096,1,1,home,430000.0
CUST001097,0,0,none,0.0
CUST001098,1,1,personal,768000.0
CUST001099,1,1,auto,689000.0
CUST001100,0,0,none,0.0
CUST001101,0,0,none,0.0
CUST001102,0,0,none,0.0
CUST001103,0,0,none,0.0
CUST001104,0,0,none,0.0
CUST001105,1,1,auto,1030000.0
CUST001106,0,0,none,0.0
CUST001107,0,0,none,0.0
CUST001108,0,0,none,0.0
CUST001109,1,1,home,464000.0
CUST001110,1,1,personal,821000.0
CUST001111,0,0,none,0.0
CUST001112,0,0,none,0.0
CUST001113,1,1,mortgage,844000.0
CUST001114,0,0,none,0.0
CUST001115,1,1,home,2449000.0
CUST001116,1,1,personal,847000.0
CUST001117,1,1,mortgage,756000.0
CUST001118,0,0,none,0.0
CUST001119,0,0,none,0.0
CUST001120,1,0,auto,653000.0
CUST001121,0,0,none,0.0
CUST001122,1,1,mortgage,538000.0
CUST001123,1,1,mortgage,829000.0
CUST001124,0,0,none,0.0
CUST001125,1,1,home,1348000.0
CUST001126,0,0,none,0.0
CUST001127,0,0,none,0.0
CUST001128,1,1,personal,974000.0
CUST001129,0,0,none,0.0
CUST001130,0,0,none,0.0
CUST001131,0,0,none,0.0
CUST001132,1,1,home,1158000.0
CUST001133,0,0,none,0.0
CUST001134,0,0,none,0.0
CUST001135,0,0,none,0.0
CUST001136,1,1,auto,786000.0
CUST001137,1,1,mortgage,1741000.0
CUST001138,1,1,home,1311000.0
CUST001139,0,0,none,0.0
CUST001140,0,0,none,0.0
CUST001141,1,1,mortgage,339000.0
CUST001142,0,0,none,0.0
CUST001143,1,0,home,1216000.0
CUST001144,0,0,none,0.0
CUST001145,1,1,home,769000.0
CUST001146,1,1,personal,892000.0
CUST001147,0,0,none,0.0
CUST001148,0,0,none,0.0
CUST001149,0,0,none,0.0
CUST001150,0,0,none,0.0
CUST001151,0,0,none,0.0
CUST001152,0,0,none,0.0
CUST001153,0,0,none,0.0
CUST001154,1,1,auto,988000.0
CUST001155,0,0,none,0.0
CUST001156,1,1,personal,1569000.0
CUST001157,0,0,none,0.0
CUST001158,1,0,mortgage,829000.0
CUST001159,0,0,none,0.0
CUST001160,1,1,home,1722000.0
CUST001161,0,0,none,0.0
CUST001162,0,0,none,0.0
CUST001163,0,0,none,0.0
CUST001164,1,1,personal,508000.0
CUST001165,1,1,mortgage,402000.0
CUST001166,1,1,auto,947000.0
CUST001167,0,0,none,0.0
CUST001168,0,0,none,0.0
CUST001169,0,0,none,0.0
CUST001170,1,1,home,594000.0
CUST001171,1,1,mortgage,1001000.0
CUST001172,0,0,none,0.0
CUST001173,0,0,none,0.0
CUST001174,0,0,none,0.0
CUST001175,0,0,none,0.0
CUST001176,0,0,none,0.0
CUST001177,1,1,home,609000.0
CUST001178,1,1,home,433000.0
CUST001179,1,0,mortgage,4720000.0
CUST001180,0,0,none,0.0
CUST001181,0,0,none,0.0
CUST001182,1,0,home,413000.0
CUST001183,0,0,none,0.0
CUST001184,1,1,home,349000.0
CUST001185,0,0,none,0.0
CUST001186,0,0,none,0.0
CUST001187,0,0,none,0.0
CUST001188,0,0,none,0.0
CUST001189,1,1,mortgage,1599000.0
CUST001190,0,0,none,0.0
CUST001191,1,0,home,586000.0
CUST001192,0,0,none,0.0
CUST001193,0,0,none,0.0
CUST001194,0,0,none,0.0
CUST001195,0,0,none,0.0
CUST001196,1,0,auto,2899000.0
CUST001197,0,0,none,0.0
CUST001198,0,0,none,0.0
CUST001199,1,1,auto,646000.0
CUST001200,1,1,personal,908000.0
CUST001201,0,0,none,0.0
CUST001202,1,1,home,1418000.0
CUST001203,1,1,auto,526000.0
CUST001204,1,1,home,1980000.0
CUST001205,0,0,none,0.0
CUST001206,0,0,none,0.0
CUST001207,1,1,mortgage,793000.0
CUST001208,0,0,none,0.0
CUST001209,1,1,personal,999000.0
CUST001210,1,1,mortgage,875000.0
CUST001211,1,1,home,604000.0
CUST001212,1,1,auto,1357000.0
CUST001213,0,0,none,0.0
CUST001214,0,0,none,0.0
CUST001215,0,0,none,0.0
CUST001216,1,1,auto,884000.0
CUST001217,1,0,personal,1606000.0
CUST001218,0,0,none,0.0
CUST001219,1,0,personal,414000.0
CUST001220,1,1,home,663000.0
CUST001221,0,0,none,0.0
CUST001222,1,0,auto,1571000.0
CUST001223,1,1,auto,1242000.0
CUST001224,1,1,personal,2085000.0
CUST001225,0,0,none,0.0
CUST001226,0,0,none,0.0
CUST001227,0,0,none,0.0
CUST001228,0,0,none,0.0
CUST001229,1,1,mortgage,1530000.0
CUST001230,1,1,home,682000.0
CUST001231,1,1,home,1489000.0
CUST001232,1,0,mortgage,520000.0
CUST001233,0,0,none,0.0
CUST001234,0,0,none,0.0
CUST001235,0,0,none,0.0
CUST001236,0,0,none,0.0
CUST001237,0,0,none,0.0
CUST001238,0,0,none,0.0
CUST001239,1,0,auto,2102000.0
CUST001240,0,0,none,0.0
CUST001241,0,0,none,0.0
CUST001242,0,0,none,0.0
CUST001243,0,0,none,0.0
CUST001244,1,0,personal,353000.0
CUST001245,0,0,none,0.0
CUST001246,0,0,none,0.0
CUST001247,0,0,none,0.0
CUST001248,1,0,mortgage,1454000.0
CUST001249,0,0,none,0.0
CUST001250,0,0,none,0.0
CUST001251,1,1,home,850000.0
CUST001252,0,0,none,0.0
CUST001253,1,1,auto,432000.0
CUST001254,0,0,none,0.0
CUST001255,1,1,mortgage,3865000.0
CUST001256,0,0,none,0.0
CUST001257,0,0,none,0.0
CUST001258,0,0,none,0.0
CUST001259,1,1,personal,673000.0
CUST001260,0,0,none,0.0
CUST001261,1,1,mortgage,1653000.0
CUST001262,1,1,home,889000.0
CUST001263,0,0,none,0.0
CUST001264,0,0,none,0.0
CUST001265,0,0,none,0.0
CUST001266,0,0,none,0.0
CUST001267,1,1,mortgage,884000.0
CUST001268,0,0,none,0.0
CUST001269,1,1,home,977000.0
CUST001270,0,0,none,0.0
CUST001271,1,1,auto,1524000.0
CUST001272,0,0,none,0.0
CUST001273,0,0,none,0.0
CUST001274,0,0,none,0.0
CUST001275,1,1,mortgage,914000.0
CUST001276,0,0,none,0.0
CUST001277,0,0,none,0.0
CUST001278,0,0,none,0.0
CUST001279,1,0,auto,315000.0
CUST001280,0,0,none,0.0
CUST001281,0,0,none,0.0
CUST001282,1,1,home,779000.0
CUST001283,0,0,none,0.0
CUST001284,1,1,mortgage,4711000.0
CUST001285,1,0,home,265000.0
CUST001286,0,0,none,0.0
CUST001287,0,0,none,0.0
CUST001288,0,0,none,0.0
CUST001289,0,0,none,0.0
CUST001290,0,0,none,0.0
CUST001291,1,1,personal,1309000.0
CUST001292,1,1,personal,488000.0
CUST001293,0,0,none,0.0
CUST001294,1,1,personal,442000.0
CUST001295,0,0,none,0.0
CUST001296,1,1,auto,930000.0
CUST001297,0,0,none,0.0
CUST001298,0,0,none,0.0
CUST001299,0,0,none,0.0
CUST001300,1,1,mortgage,888000.0
CUST001301,0,0,none,0.0
CUST001302,0,0,none,0.0
CUST001303,1,1,home,1507000.0
CUST001304,0,0,none,0.0
CUST001305,1,0,auto,452000.0
CUST001306,0,0,none,0.0
CUST001307,0,0,none,0.0
CUST001308,1,1,mortgage,1731000.0
CUST001309,0,0,none,0.0
CUST001310,0,0,none,0.0
CUST001311,0,0,none,0.0
CUST001312,1,1,home,753000.0
CUST001313,1,0,personal,687000.0
CUST001314,1,1,personal,388000.0
CUST001315,1,1,personal,665000.0
CUST001316,0,0,none,0.0
CUST001317,0,0,none,0.0
CUST001318,0,0,none,0.0
CUST001319,0,0,none,0.0
CUST001320,0,0,none,0.0
CUST001321,0,0,none,0.0
CUST001322,0,0,none,0.0
CUST001323,0,0,none,0.0
CUST001324,1,1,home,1625000.0
CUST001325,1,1,mortgage,915000.0
CUST001326,1,1,personal,845000.0
CUST001327,1,1,personal,3212000.0
CUST001328,0,0,none,0.0
CUST001329,1,1,home,1307000.0
CUST001330,0,0,none,0.0
CUST001331,1,0,mortgage,1291000.0
CUST001332,0,0,none,0.0
CUST001333,0,0,none,0.0
CUST001334,0,0,none,0.0
CUST001335,0,0,none,0.0
CUST001336,0,0,none,0.0
CUST001337,1,0,auto,728000.0
CUST001338,0,0,none,0.0
CUST001339,0,0,none,0.0
CUST001340,0,0,none,0.0
CUST001341,0,0,none,0.0
CUST001342,0,0,none,0.0
CUST001343,0,0,none,0.0
CUST001344,0,0,none,0.0
CUST001345,0,0,none,0.0
CUST001346,0,0,none,0.0
CUST001347,1,0,auto,5740000.0
CUST001348,0,0,none,0.0
CUST001349,1,0,home,297000.0
CUST001350,0,0,none,0.0
CUST001351,1,0,auto,1434000.0
CUST001352,1,1,mortgage,783000.0
CUST001353,1,0,home,624000.0
CUST001354,1,0,personal,2052000.0
CUST001355,1,0,mortgage,3232000.0
CUST001356,1,0,home,581000.0
CUST001357,1,1,auto,1263000.0
CUST001358,0,0,none,0.0
CUST001359,1,1,auto,272000.0
CUST001360,0,0,none,0.0
CUST001361,1,1,home,1097000.0
CUST001362,0,0,none,0.0
CUST001363,1,0,home,821000.0
CUST001364,1,1,home,724000.0
CUST001365,0,0,none,0.0
CUST001366,0,0,none,0.0
CUST001367,0,0,none,0.0
CUST001368,0,0,none,0.0
CUST001369,0,0,none,0.0
CUST001370,1,1,mortgage,514000.0
CUST001371,0,0,none,0.0
CUST001372,0,0,none,0.0
CUST001373,0,0,none,0.0
CUST001374,0,0,none,0.0
CUST001375,1,1,personal,1641000.0
CUST001376,1,1,personal,719000.0
CUST001377,0,0,none,0.0
CUST001378,1,1,home,1449000.0
CUST001379,0,0,none,0.0
CUST001380,1,1,mortgage,690000.0
CUST001381,0,0,none,0.0
CUST001382,0,0,none,0.0
CUST001383,1,1,personal,904000.0
CUST001384,1,1,auto,634000.0
CUST001385,0,0,none,0.0
CUST001386,0,0,none,0.0
CUST001387,0,0,none,0.0
CUST001388,0,0,none,0.0
CUST001389,1,1,personal,1434000.0
CUST001390,0,0,none,0.0
CUST001391,0,0,none,0.0
CUST001392,0,0,none,0.0
CUST001393,0,0,none,0.0
CUST001394,1,1,mortgage,1928000.0
CUST001395,1,1,personal,826000.0
CUST001396,1,1,mortgage,419000.0
CUST001397,1,1,home,1233000.0
CUST001398,1,0,home,1404000.0
CUST001399,0,0,none,0.0
CUST001400,0,0,none,0.0
CUST001401,1,1,personal,1103000.0
CUST001402,0,0,none,0.0
CUST001403,1,1,mortgage,2091000.0
CUST001404,0,0,none,0.0
CUST001405,0,0,none,0.0
CUST001406,0,0,none,0.0
CUST001407,0,0,none,0.0
CUST001408,1,1,home,715000.0
CUST001409,1,1,personal,574000.0
CUST001410,0,0,none,0.0
CUST001411,0,0,none,0.0
CUST001412,1,1,personal,1004000.0
CUST001413,1,1,personal,2958000.0
CUST001414,0,0,none,0.0
CUST001415,0,0,none,0.0
CUST001416,0,0,none,0.0
CUST001417,0,0,none,0.0
CUST001418,1,0,personal,764000.0
CUST001419,0,0,none,0.0
CUST001420,1,1,mortgage,406000.0
CUST001421,0,0,none,0.0
CUST001422,0,0,none,0.0
CUST001423,0,0,none,0.0
CUST001424,0,0,none,0.0
CUST001425,1,1,home,767000.0
CUST001426,1,1,auto,851000.0
CUST001427,0,0,none,0.0
CUST001428,0,0,none,0.0
CUST001429,1,1,personal,419000.0
CUST001430,1,1,home,1779000.0
CUST001431,1,1,home,198000.0
CUST001432,0,0,none,0.0
CUST001433,0,0,none,0.0
CUST001434,1,1,personal,629000.0
CUST001435,0,0,none,0.0
CUST001436,1,1,home,1248000.0
CUST001437,1,1,personal,1029000.0
CUST001438,0,0,none,0.0
CUST001439,1,1,home,630000.0
CUST001440,0,0,none,0.0
CUST001441,0,0,none,0.0
CUST001442,1,1,personal,3040000.0
CUST001443,1,1,personal,3556000.0
CUST001444,0,0,none,0.0
CUST001445,0,0,none,0.0
CUST001446,0,0,none,0.0
CUST001447,1,1,home,1777000.0
CUST001448,1,1,auto,812000.0
CUST001449,1,1,auto,782000.0
CUST001450,1,0,personal,536000.0
CUST001451,0,0,none,0.0
CUST001452,0,0,none,0.0
CUST001453,1,0,auto,724000.0
CUST001454,0,0,none,0.0
CUST001455,0,0,none,0.0
CUST001456,0,0,none,0.0
CUST001457,0,0,none,0.0
CUST001458,0,0,none,0.0
CUST001459,1,1,home,1269000.0
CUST001460,0,0,none,0.0
CUST001461,0,0,none,0.0
CUST001462,0,0,none,0.0
CUST001463,0,0,none,0.0
CUST001464,0,0,none,0.0
CUST001465,0,0,none,0.0
CUST001466,1,0,auto,829000.0
CUST001467,1,0,personal,1762000.0
CUST001468,0,0,none,0.0
CUST001469,1,1,mortgage,307000.0
CUST001470,0,0,none,0.0
CUST001471,0,0,none,0.0
CUST001472,0,0,none,0.0
CUST001473,0,0,none,0.0
CUST001474,0,0,none,0.0
CUST001475,1,1,home,781000.0
CUST001476,0,0,none,0.0
CUST001477,0,0,none,0.0
CUST001478,0,0,none,0.0
CUST001479,0,0,none,0.0
CUST001480,1,1,home,426000.0
CUST001481,1,1,home,2211000.0
CUST001482,1,1,auto,773000.0
CUST001483,0,0,none,0.0
CUST001484,1,1,auto,577000.0
CUST001485,0,0,none,0.0
CUST001486,0,0,none,0.0
CUST001487,1,1,personal,446000.0
CUST001488,0,0,none,0.0
CUST001489,1,1,mortgage,2796000.0
CUST001490,0,0,none,0.0
CUST001491,0,0,none,0.0
CUST001492,0,0,none,0.0
CUST001493,0,0,none,0.0
CUST001494,0,0,none,0.0
CUST001495,0,0,none,0.0
CUST001496,0,0,none,0.0
CUST001497,0,0,none,0.0
CUST001498,0,0,none,0.0
CUST001499,1,1,auto,1281000.0
CUST001500,0,0,none,0.0
CUST001501,1,1,mortgage,653000.0
CUST001502,0,0,none,0.0
CUST001503,1,1,personal,268000.0
CUST001504,1,0,auto,841000.0
CUST001505,1,1,auto,1258000.0
CUST001506,1,1,home,1637000.0
CUST001507,0,0,none,0.0
CUST001508,1,1,mortgage,864000.0
CUST001509,0,0,none,0.0
CUST001510,0,0,none,0.0
CUST001511,0,0,none,0.0
CUST001512,1,0,auto,882000.0
CUST001513,0,0,none,0.0
CUST001514,0,0,none,0.0
CUST001515,0,0,none,0.0
CUST001516,0,0,none,0.0
CUST001517,0,0,none,0.0
CUST001518,0,0,none,0.0
CUST001519,1,1,auto,451000.0
CUST001520,0,0,none,0.0
CUST001521,0,0,none,0.0
CUST001522,0,0,none,0.0
CUST001523,0,0,none,0.0
CUST001524,0,0,none,0.0
CUST001525,0,0,none,0.0
CUST001526,1,1,home,1041000.0
CUST001527,1,1,auto,1445000.0
CUST001528,0,0,none,0.0
CUST001529,0,0,none,0.0
CUST001530,0,0,none,0.0
CUST001531,0,0,none,0.0
CUST001532,0,0,none,0.0
CUST001533,0,0,none,0.0
CUST001534,1,1,mortgage,719000.0
CUST001535,0,0,none,0.0
CUST001536,1,1,home,2164000.0
CUST001537,1,1,home,721000.0
CUST001538,1,0,home,976000.0
CUST001539,0,0,none,0.0
CUST001540,0,0,none,0.0
CUST001541,1,1,auto,1238000.0
CUST001542,0,0,none,0.0
CUST001543,0,0,none,0.0
CUST001544,0,0,none,0.0
CUST001545,0,0,none,0.0
CUST001546,1,0,personal,538000.0
CUST001547,0,0,none,0.0
CUST001548,1,1,personal,1616000.0
CUST001549,1,0,mortgage,1264000.0
CUST001550,0,0,none,0.0
CUST001551,0,0,none,0.0
CUST001552,0,0,none,0.0
CUST001553,1,1,auto,1024000.0
CUST001554,1,1,personal,1100000.0
CUST001555,1,1,personal,670000.0
CUST001556,1,1,personal,1233000.0
CUST001557,1,1,auto,335000.0
CUST001558,0,0,none,0.0
CUST001559,1,1,personal,1035000.0
CUST001560,0,0,none,0.0
CUST001561,0,0,none,0.0
CUST001562,0,0,none,0.0
CUST001563,0,0,none,0.0
CUST001564,0,0,none,0.0
CUST001565,0,0,none,0.0
CUST001566,0,0,none,0.0
CUST001567,1,1,personal,1773000.0
CUST001568,0,0,none,0.0
CUST001569,1,1,auto,242000.0
CUST001570,0,0,none,0.0
CUST001571,1,1,home,1432000.0
CUST001572,0,0,none,0.0
CUST001573,0,0,none,0.0
CUST001574,0,0,none,0.0
CUST001575,0,0,none,0.0
CUST001576,1,1,home,810000.0
CUST001577,1,1,home,871000.0
CUST001578,0,0,none,0.0
CUST001579,1,1,home,658000.0
CUST001580,0,0,none,0.0
CUST001581,0,0,none,0.0
CUST001582,0,0,none,0.0
CUST001583,1,1,personal,287000.0
CUST001584,1,1,personal,977000.0
CUST001585,1,1,home,1536000.0
CUST001586,1,1,mortgage,1729000.0
CUST001587,0,0,none,0.0
CUST001588,1,1,auto,1647000.0
CUST001589,0,0,none,0.0
CUST001590,0,0,none,0.0
CUST001591,1,1,mortgage,667000.0
CUST001592,1,1,mortgage,1606000.0
CUST001593,0,0,none,0.0
CUST001594,1,1,personal,326000.0
CUST001595,0,0,none,0.0
CUST001596,0,0,none,0.0
CUST001597,1,1,personal,1554000.0
CUST001598,1,1,mortgage,853000.0
CUST001599,0,0,none,0.0
CUST001600,1,1,auto,1564000.0
CUST001601,0,0,none,0.0
CUST001602,0,0,none,0.0
CUST001603,1,0,auto,554000.0
CUST001604,0,0,none,0.0
CUST001605,1,1,mortgage,1533000.0
CUST001606,0,0,none,0.0
CUST001607,0,0,none,0.0
CUST001608,0,0,none,0.0
CUST001609,0,0,none,0.0
CUST001610,0,0,none,0.0
CUST001611,1,1,mortgage,1216000.0
CUST001612,0,0,none,0.0
CUST001613,0,0,none,0.0
CUST001614,1,1,personal,909000.0
CUST001615,0,0,none,0.0
CUST001616,1,1,personal,772000.0
CUST001617,1,1,auto,394000.0
CUST001618,1,1,personal,1220000.0
CUST001619,0,0,none,0.0
CUST001620,1,1,home,1556000.0
CUST001621,0,0,none,0.0
CUST001622,0,0,none,0.0
CUST001623,0,0,none,0.0
CUST001624,0,0,none,0.0
CUST001625,0,0,none,0.0
CUST001626,1,1,auto,666000.0
CUST001627,0,0,none,0.0
CUST001628,1,1,mortgage,2048000.0
CUST001629,0,0,none,0.0
CUST001630,0,0,none,0.0
CUST001631,1,1,auto,1305000.0
CUST001632,0,0,none,0.0
CUST001633,1,0,mortgage,2037000.0
CUST001634,1,1,mortgage,875000.0
CUST001635,0,0,none,0.0
CUST001636,1,1,personal,1052000.0
CUST001637,1,0,home,1179000.0
CUST001638,1,1,auto,1305000.0
CUST001639,0,0,none,0.0
CUST001640,0,0,none,0.0
CUST001641,1,1,home,2628000.0
CUST001642,1,1,mortgage,6381000.0
CUST001643,0,0,none,0.0
CUST001644,1,1,mortgage,427000.0
CUST001645,0,0,none,0.0
CUST001646,1,1,mortgage,375000.0
CUST001647,0,0,none,0.0
CUST001648,0,0,none,0.0
CUST001649,0,0,none,0.0
CUST001650,1,1,personal,1413000.0
CUST001651,0,0,none,0.0
CUST001652,0,0,none,0.0
CUST001653,0,0,none,0.0
CUST001654,0,0,none,0.0
CUST001655,1,0,home,903000.0
CUST001656,1,1,mortgage,831000.0
CUST001657,0,0,none,0.0
CUST001658,0,0,none,0.0
CUST001659,1,1,auto,1382000.0
CUST001660,1,1,home,1004000.0
CUST001661,0,0,none,0.0
CUST001662,1,1,personal,766000.0
CUST001663,0,0,none,0.0
CUST001664,0,0,none,0.0
CUST001665,1,1,personal,1354000.0
CUST001666,0,0,none,0.0
CUST001667,0,0,none,0.0
CUST001668,1,1,personal,1076000.0
CUST001669,1,0,home,1017000.0
CUST001670,0,0,none,0.0
CUST001671,1,1,auto,1206000.0
CUST001672,0,0,none,0.0
CUST001673,1,1,mortgage,830000.0
CUST001674,1,1,personal,1482000.0
CUST001675,1,1,home,1823000.0
CUST001676,0,0,none,0.0
CUST001677,0,0,none,0.0
CUST001678,0,0,none,0.0
CUST001679,1,1,personal,1961000.0
CUST001680,0,0,none,0.0
CUST001681,1,0,auto,1245000.0
CUST001682,0,0,none,0.0
CUST001683,1,1,mortgage,1440000.0
CUST001684,0,0,none,0.0
CUST001685,1,1,mortgage,913000.0
CUST001686,1,1,mortgage,355000.0
CUST001687,1,0,home,1920000.0
CUST001688,0,0,none,0.0
CUST001689,0,0,none,0.0
CUST001690,0,0,none,0.0
CUST001691,1,1,auto,1704000.0
CUST001692,1,0,personal,596000.0
CUST001693,0,0,none,0.0
CUST001694,0,0,none,0.0
CUST001695,1,1,mortgage,2268000.0
CUST001696,1,1,auto,1950000.0
CUST001697,1,1,home,763000.0
CUST001698,1,1,auto,856000.0
CUST001699,0,0,none,0.0
CUST001700,1,0,mortgage,385000.0
CUST001701,1,1,home,2138000.0
CUST001702,0,0,none,0.0
CUST001703,0,0,none,0.0
CUST001704,0,0,none,0.0
CUST001705,0,0,none,0.0
CUST001706,0,0,none,0.0
CUST001707,1,1,home,2173000.0
CUST001708,1,1,auto,481000.0
CUST001709,1,1,auto,714000.0
CUST001710,1,1,home,2998000.0
CUST001711,1,1,mortgage,1043000.0
CUST001712,0,0,none,0.0
CUST001713,0,0,none,0.0
CUST001714,0,0,none,0.0
CUST001715,0,0,none,0.0
CUST001716,0,0,none,0.0
CUST001717,0,0,none,0.0
CUST001718,0,0,none,0.0
CUST001719,0,0,none,0.0
CUST001720,1,1,auto,515000.0
CUST001721,0,0,none,0.0
CUST001722,1,0,mortgage,829000.0
CUST001723,0,0,none,0.0
CUST001724,1,1,auto,766000.0
CUST001725,1,1,mortgage,514000.0
CUST001726,1,1,personal,724000.0
CUST001727,1,1,home,860000.0
CUST001728,1,0,mortgage,1055000.0
CUST001729,1,1,personal,1045000.0
CUST001730,0,0,none,0.0
CUST001731,0,0,none,0.0
CUST001732,1,0,mortgage,1120000.0
CUST001733,0,0,none,0.0
CUST001734,0,0,none,0.0
CUST001735,0,0,none,0.0
CUST001736,0,0,none,0.0
CUST001737,0,0,none,0.0
CUST001738,1,1,home,656000.0
CUST001739,0,0,none,0.0
CUST001740,0,0,none,0.0
CUST001741,0,0,none,0.0
CUST001742,1,1,home,924000.0
CUST001743,0,0,none,0.0
CUST001744,0,0,none,0.0
CUST001745,0,0,none,0.0
CUST001746,0,0,none,0.0
CUST001747,1,1,mortgage,519000.0
CUST001748,0,0,none,0.0
CUST001749,1,1,auto,1597000.0
CUST001750,0,0,none,0.0
CUST001751,1,0,auto,1446000.0
CUST001752,0,0,none,0.0
CUST001753,0,0,none,0.0
CUST001754,1,0,personal,528000.0
CUST001755,1,1,home,714000.0
CUST001756,1,1,mortgage,855000.0
CUST001757,0,0,none,0.0
CUST001758,1,1,personal,1571000.0
CUST001759,1,1,mortgage,2870000.0
CUST001760,0,0,none,0.0
CUST001761,0,0,none,0.0
CUST001762,0,0,none,0.0
CUST001763,1,1,auto,1544000.0
CUST001764,0,0,none,0.0
CUST001765,0,0,none,0.0
CUST001766,0,0,none,0.0
CUST001767,0,0,none,0.0
CUST001768,0,0,none,0.0
CUST001769,0,0,none,0.0
CUST001770,0,0,none,0.0
CUST001771,0,0,none,0.0
CUST001772,0,0,none,0.0
CUST001773,0,0,none,0.0
CUST001774,0,0,none,0.0
CUST001775,1,1,mortgage,2546000.0
CUST001776,0,0,none,0.0
CUST001777,1,1,home,2653000.0
CUST001778,0,0,none,0.0
CUST001779,1,1,home,1350000.0
CUST001780,1,1,mortgage,1602000.0
CUST001781,0,0,none,0.0
CUST001782,0,0,none,0.0
CUST001783,0,0,none,0.0
CUST001784,0,0,none,0.0
CUST001785,0,0,none,0.0
CUST001786,1,0,home,2144000.0
CUST001787,1,1,personal,491000.0
CUST001788,0,0,none,0.0
CUST001789,0,0,none,0.0
CUST001790,0,0,none,0.0
CUST001791,0,0,none,0.0
CUST001792,0,0,none,0.0
CUST001793,0,0,none,0.0
CUST001794,0,0,none,0.0
CUST001795,1,1,mortgage,289000.0
CUST001796,0,0,none,0.0
CUST001797,0,0,none,0.0
CUST001798,1,1,auto,586000.0
CUST001799,1,1,personal,2787000.0
CUST001800,0,0,none,0.0
CUST001801,1,0,mortgage,2085000.0
CUST001802,1,1,personal,1159000.0
CUST001803,1,1,personal,1771000.0
CUST001804,0,0,none,0.0
CUST001805,1,0,auto,768000.0
CUST001806,1,1,mortgage,1524000.0
CUST001807,1,1,auto,1303000.0
CUST001808,0,0,none,0.0
CUST001809,1,1,personal,613000.0
CUST001810,1,1,mortgage,690000.0
CUST001811,1,0,mortgage,2991000.0
CUST001812,1,1,personal,900000.0
CUST001813,0,0,none,0.0
CUST001814,0,0,none,0.0
CUST001815,0,0,none,0.0
CUST001816,0,0,none,0.0
CUST001817,0,0,none,0.0
CUST001818,0,0,none,0.0
CUST001819,1,1,mortgage,739000.0
CUST001820,1,1,home,602000.0
CUST001821,1,1,home,1757000.0
CUST001822,0,0,none,0.0
CUST001823,0,0,none,0.0
CUST001824,1,1,mortgage,649000.0
CUST001825,0,0,none,0.0
CUST001826,0,0,none,0.0
CUST001827,0,0,none,0.0
CUST001828,0,0,none,0.0
CUST001829,0,0,none,0.0
CUST001830,1,1,auto,930000.0
CUST001831,0,0,none,0.0
CUST001832,0,0,none,0.0
CUST001833,0,0,none,0.0
CUST001834,0,0,none,0.0
CUST001835,1,0,home,396000.0
CUST001836,1,1,mortgage,656000.0
CUST001837,0,0,none,0.0
CUST001838,0,0,none,0.0
CUST001839,1,1,auto,1671000.0
CUST001840,0,0,none,0.0
CUST001841,0,0,none,0.0
CUST001842,0,0,none,0.0
CUST001843,1,0,auto,566000.0
CUST001844,1,1,personal,1971000.0
CUST001845,0,0,none,0.0
CUST001846,1,1,home,908000.0
CUST001847,0,0,none,0.0
CUST001848,0,0,none,0.0
CUST001849,1,1,personal,1157000.0
CUST001850,1,0,home,631000.0
CUST001851,1,1,mortgage,442000.0
CUST001852,0,0,none,0.0
CUST001853,1,0,mortgage,460000.0
CUST001854,0,0,none,0.0
CUST001855,0,0,none,0.0
CUST001856,0,0,none,0.0
CUST001857,1,0,mortgage,917000.0
CUST001858,0,0,none,0.0
CUST001859,0,0,none,0.0
CUST001860,0,0,none,0.0
CUST001861,0,0,none,0.0
CUST001862,0,0,none,0.0
CUST001863,1,0,home,2567000.0
CUST001864,1,1,auto,3818000.0
CUST001865,1,1,personal,4920000.0
CUST001866,0,0,none,0.0
CUST001867,0,0,none,0.0
CUST001868,0,0,none,0.0
CUST001869,1,1,auto,491000.0
CUST001870,0,0,none,0.0
CUST001871,1,1,personal,1263000.0
CUST001872,0,0,none,0.0
CUST001873,1,1,personal,1584000.0
CUST001874,0,0,none,0.0
CUST001875,0,0,none,0.0
CUST001876,1,0,personal,815000.0
CUST001877,1,0,home,526000.0
CUST001878,0,0,none,0.0
CUST001879,0,0,none,0.0
CUST001880,1,0,personal,986000.0
CUST001881,1,0,auto,3396000.0
CUST001882,1,0,mortgage,1094000.0
CUST001883,0,0,none,0.0
CUST001884,0,0,none,0.0
CUST001885,0,0,none,0.0
CUST001886,0,0,none,0.0
CUST001887,0,0,none,0.0
CUST001888,0,0,none,0.0
CUST001889,1,1,home,871000.0
CUST001890,0,0,none,0.0
CUST001891,0,0,none,0.0
CUST001892,0,0,none,0.0
CUST001893,0,0,none,0.0
CUST001894,0,0,none,0.0
CUST001895,0,0,none,0.0
CUST001896,1,1,personal,857000.0
CUST001897,1,1,auto,1530000.0
CUST001898,0,0,none,0.0
CUST001899,1,1,home,948000.0
CUST001900,0,0,none,0.0
CUST001901,0,0,none,0.0
CUST001902,1,1,home,909000.0
CUST001903,1,1,auto,1142000.0
CUST001904,0,0,none,0.0
CUST001905,1,1,home,673000.0
CUST001906,0,0,none,0.0
CUST001907,1,1,mortgage,494000.0
CUST001908,1,0,mortgage,548000.0
CUST001909,0,0,none,0.0
CUST001910,1,1,home,1439000.0
CUST001911,1,0,mortgage,1194000.0
CUST001912,0,0,none,0.0
CUST001913,0,0,none,0.0
CUST001914,0,0,none,0.0
CUST001915,0,0,none,0.0
CUST001916,1,1,mortgage,414000.0
CUST001917,0,0,none,0.0
CUST001918,0,0,none,0.0
CUST001919,0,0,none,0.0
CUST001920,0,0,none,0.0
CUST001921,0,0,none,0.0
CUST001922,1,1,auto,378000.0
CUST001923,0,0,none,0.0
CUST001924,1,1,home,2402000.0
CUST001925,1,1,auto,821000.0
CUST001926,0,0,none,0.0
CUST001927,0,0,none,0.0
CUST001928,1,0,mortgage,2056000.0
CUST001929,1,0,mortgage,1599000.0
CUST001930,0,0,none,0.0
CUST001931,1,1,auto,600000.0
CUST001932,0,0,none,0.0
CUST001933,0,0,none,0.0
CUST001934,0,0,none,0.0
CUST001935,0,0,none,0.0
CUST001936,0,0,none,0.0
CUST001937,1,1,auto,430000.0
CUST001938,0,0,none,0.0
CUST001939,0,0,none,0.0
CUST001940,1,0,auto,466000.0
CUST001941,1,1,mortgage,619000.0
CUST001942,0,0,none,0.0
CUST001943,0,0,none,0.0
CUST001944,1,1,home,1721000.0
CUST001945,0,0,none,0.0
CUST001946,0,0,none,0.0
CUST001947,0,0,none,0.0
CUST001948,0,0,none,0.0
CUST001949,1,0,mortgage,319000.0
CUST001950,0,0,none,0.0
CUST001951,0,0,none,0.0
CUST001952,1,0,auto,549000.0
CUST001953,1,1,personal,1080000.0
CUST001954,0,0,none,0.0
CUST001955,1,0,auto,279000.0
CUST001956,0,0,none,0.0
CUST001957,1,1,mortgage,729000.0
CUST001958,0,0,none,0.0
CUST001959,1,1,auto,1055000.0
CUST001960,0,0,none,0.0
CUST001961,0,0,none,0.0
CUST001962,1,1,personal,2030000.0
CUST001963,0,0,none,0.0
CUST001964,0,0,none,0.0
CUST001965,0,0,none,0.0
CUST001966,0,0,none,0.0
CUST001967,0,0,none,0.0
CUST001968,0,0,none,0.0
CUST001969,0,0,none,0.0
CUST001970,0,0,none,0.0
CUST001971,0,0,none,0.0
CUST001972,0,0,none,0.0
CUST001973,0,0,none,0.0
CUST001974,1,1,home,508000.0
CUST001975,0,0,none,0.0
CUST001976,1,1,personal,4391000.0
CUST001977,0,0,none,0.0
CUST001978,1,1,mortgage,1097000.0
CUST001979,0,0,none,0.0
CUST001980,1,1,personal,2046000.0
CUST001981,1,1,personal,778000.0
CUST001982,1,0,auto,557000.0
CUST001983,0,0,none,0.0
CUST001984,0,0,none,0.0
CUST001985,1,1,personal,882000.0
CUST001986,1,0,auto,933000.0
CUST001987,0,0,none,0.0
CUST001988,0,0,none,0.0
CUST001989,0,0,none,0.0
CUST001990,0,0,none,0.0
CUST001991,0,0,none,0.0
CUST001992,0,0,none,0.0
CUST001993,1,1,personal,819000.0
CUST001994,0,0,none,0.0
CUST001995,0,0,none,0.0
CUST001996,0,0,none,0.0
CUST001997,0,0,none,0.0
CUST001998,0,0,none,0.0
CUST001999,1,0,home,1035000.0
CUST002000,1,1,personal,1497000.0
CUST002001,1,0,mortgage,990000.0
CUST002002,0,0,none,0.0
CUST002003,1,1,auto,1619000.0
CUST002004,0,0,none,0.0
CUST002005,0,0,none,0.0
CUST002006,0,0,none,0.0
CUST002007,1,1,personal,418000.0
CUST002008,0,0,none,0.0
CUST002009,1,1,personal,491000.0
CUST002010,1,1,personal,1769000.0
CUST002011,0,0,none,0.0
CUST002012,0,0,none,0.0
CUST002013,0,0,none,0.0
CUST002014,1,1,mortgage,416000.0
CUST002015,0,0,none,0.0
CUST002016,0,0,none,0.0
CUST002017,1,1,home,228000.0
CUST002018,1,1,home,949000.0
CUST002019,1,1,home,942000.0
CUST002020,0,0,none,0.0
CUST002021,0,0,none,0.0
CUST002022,0,0,none,0.0
CUST002023,0,0,none,0.0
CUST002024,0,0,none,0.0
CUST002025,0,0,none,0.0
CUST002026,1,1,mortgage,425000.0
CUST002027,1,0,mortgage,467000.0
CUST002028,0,0,none,0.0
CUST002029,0,0,none,0.0
CUST002030,1,0,home,503000.0
CUST002031,0,0,none,0.0
CUST002032,0,0,none,0.0
CUST002033,0,0,none,0.0
CUST002034,0,0,none,0.0
CUST002035,0,0,none,0.0
CUST002036,1,1,auto,541000.0
CUST002037,1,0,auto,525000.0
CUST002038,1,1,home,1040000.0
CUST002039,0,0,none,0.0
CUST002040,1,1,mortgage,1807000.0
CUST002041,1,1,mortgage,529000.0
CUST002042,0,0,none,0.0
CUST002043,1,1,auto,1660000.0
CUST002044,0,0,none,0.0
CUST002045,1,1,mortgage,581000.0
CUST002046,0,0,none,0.0
CUST002047,0,0,none,0.0
CUST002048,1,1,personal,828000.0
CUST002049,0,0,none,0.0
CUST002050,0,0,none,0.0
CUST002051,0,0,none,0.0
CUST002052,1,1,mortgage,921000.0
CUST002053,1,1,mortgage,669000.0
CUST002054,0,0,none,0.0
CUST002055,0,0,none,0.0
CUST002056,0,0,none,0.0
CUST002057,0,0,none,0.0
CUST002058,0,0,none,0.0
CUST002059,0,0,none,0.0
CUST002060,0,0,none,0.0
CUST002061,1,1,mortgage,294000.0
CUST002062,0,0,none,0.0
CUST002063,1,1,personal,856000.0
CUST002064,1,1,personal,450000.0
CUST002065,0,0,none,0.0
CUST002066,0,0,none,0.0
CUST002067,0,0,none,0.0
CUST002068,0,0,none,0.0
CUST002069,1,1,mortgage,577000.0
CUST002070,0,0,none,0.0
CUST002071,0,0,none,0.0
CUST002072,0,0,none,0.0
CUST002073,1,1,personal,2896000.0
CUST002074,1,1,mortgage,667000.0
CUST002075,0,0,none,0.0
CUST002076,0,0,none,0.0
CUST002077,1,1,mortgage,1794000.0
CUST002078,0,0,none,0.0
CUST002079,0,0,none,0.0
CUST002080,0,0,none,0.0
CUST002081,0,0,none,0.0
CUST002082,1,1,auto,847000.0
CUST002083,0,0,none,0.0
CUST002084,0,0,none,0.0
CUST002085,0,0,none,0.0
CUST002086,1,1,personal,1199000.0
CUST002087,0,0,none,0.0
CUST002088,1,0,auto,2329000.0
CUST002089,0,0,none,0.0
CUST002090,0,0,none,0.0
CUST002091,1,1,personal,1143000.0
CUST002092,1,0,personal,1014000.0
CUST002093,0,0,none,0.0
CUST002094,0,0,none,0.0
CUST002095,0,0,none,0.0
CUST002096,1,1,home,366000.0
CUST002097,1,1,personal,1759000.0
CUST002098,0,0,none,0.0
CUST002099,1,1,personal,297000.0
CUST002100,0,0,none,0.0
CUST002101,1,1,home,1230000.0
CUST002102,1,1,auto,874000.0
CUST002103,1,1,auto,1465000.0
CUST002104,0,0,none,0.0
CUST002105,1,1,mortgage,2027000.0
CUST002106,0,0,none,0.0
CUST002107,1,1,auto,558000.0
CUST002108,0,0,none,0.0
CUST002109,0,0,none,0.0
CUST002110,0,0,none,0.0
CUST002111,0,0,none,0.0
CUST002112,0,0,none,0.0
CUST002113,1,1,mortgage,1691000.0
CUST002114,1,1,personal,1011000.0
CUST002115,0,0,none,0.0
CUST002116,1,1,auto,1182000.0
CUST002117,0,0,none,0.0
CUST002118,1,0,auto,1105000.0
CUST002119,1,1,home,221000.0
CUST002120,0,0,none,0.0
CUST002121,0,0,none,0.0
CUST002122,1,1,mortgage,945000.0
CUST002123,0,0,none,0.0
CUST002124,1,0,home,372000.0
CUST002125,0,0,none,0.0
CUST002126,0,0,none,0.0
CUST002127,0,0,none,0.0
CUST002128,1,1,personal,2107000.0
CUST002129,1,0,mortgage,599000.0
CUST002130,0,0,none,0.0
CUST002131,0,0,none,0.0
CUST002132,0,0,none,0.0
CUST002133,1,0,auto,430000.0
CUST002134,0,0,none,0.0
CUST002135,0,0,none,0.0
CUST002136,1,0,home,1062000.0
CUST002137,1,1,mortgage,743000.0
CUST002138,0,0,none,0.0
CUST002139,1,1,personal,491000.0
CUST002140,0,0,none,0.0
CUST002141,0,0,none,0.0
CUST002142,0,0,none,0.0
CUST002143,0,0,none,0.0
CUST002144,0,0,none,0.0
CUST002145,0,0,none,0.0
CUST002146,0,0,none,0.0
CUST002147,0,0,none,0.0
CUST002148,1,1,auto,2461000.0
CUST002149,0,0,none,0.0
CUST002150,0,0,none,0.0
CUST002151,0,0,none,0.0
CUST002152,0,0,none,0.0
CUST002153,0,0,none,0.0
CUST002154,1,1,home,572000.0
CUST002155,0,0,none,0.0
CUST002156,1,1,auto,964000.0
CUST002157,1,0,auto,539000.0
CUST002158,0,0,none,0.0
CUST002159,1,1,home,2602000.0
CUST002160,0,0,none,0.0
CUST002161,0,0,none,0.0
CUST002162,1,1,personal,770000.0
CUST002163,1,1,mortgage,974000.0
CUST002164,1,1,personal,998000.0
CUST002165,0,0,none,0.0
CUST002166,1,0,mortgage,194000.0
CUST002167,1,1,personal,1659000.0
CUST002168,0,0,none,0.0
CUST002169,0,0,none,0.0
CUST002170,0,0,none,0.0
CUST002171,0,0,none,0.0
CUST002172,1,0,mortgage,3852000.0
CUST002173,0,0,none,0.0
CUST002174,0,0,none,0.0
CUST002175,1,1,auto,561000.0
CUST002176,1,1,mortgage,678000.0
CUST002177,0,0,none,0.0
CUST002178,0,0,none,0.0
CUST002179,1,0,personal,849000.0
CUST002180,1,1,mortgage,683000.0
CUST002181,0,0,none,0.0
CUST002182,0,0,none,0.0
CUST002183,0,0,none,0.0
CUST002184,1,1,mortgage,2755000.0
CUST002185,0,0,none,0.0
CUST002186,0,0,none,0.0
CUST002187,0,0,none,0.0
CUST002188,0,0,none,0.0
CUST002189,1,1,auto,2439000.0
CUST002190,0,0,none,0.0
CUST002191,1,1,personal,926000.0
CUST002192,0,0,none,0.0
CUST002193,1,1,personal,840000.0
CUST002194,0,0,none,0.0
CUST002195,0,0,none,0.0
CUST002196,0,0,none,0.0
CUST002197,0,0,none,0.0
CUST002198,1,1,mortgage,342000.0
CUST002199,0,0,none,0.0
CUST002200,1,0,auto,1063000.0
CUST002201,1,1,personal,1266000.0
CUST002202,0,0,none,0.0
CUST002203,1,1,mortgage,372000.0
CUST002204,1,1,home,720000.0
CUST002205,0,0,none,0.0
CUST002206,0,0,none,0.0
CUST002207,1,1,home,2514000.0
CUST002208,1,1,personal,178000.0
CUST002209,0,0,none,0.0
CUST002210,0,0,none,0.0
CUST002211,0,0,none,0.0
CUST002212,1,1,mortgage,888000.0
CUST002213,0,0,none,0.0
CUST002214,0,0,none,0.0
CUST002215,0,0,none,0.0
CUST002216,1,1,mortgage,3953000.0
CUST002217,0,0,none,0.0
CUST002218,1,0,personal,499000.0
CUST002219,1,1,home,638000.0
CUST002220,1,1,personal,1422000.0
CUST002221,1,1,auto,1071000.0
CUST002222,0,0,none,0.0
CUST002223,1,1,home,462000.0
CUST002224,0,0,none,0.0
CUST002225,0,0,none,0.0
CUST002226,1,0,auto,515000.0
CUST002227,1,1,mortgage,1935000.0
CUST002228,1,0,home,839000.0
CUST002229,0,0,none,0.0
CUST002230,0,0,none,0.0
CUST002231,0,0,none,0.0
CUST002232,1,1,home,644000.0
CUST002233,1,1,mortgage,347000.0
CUST002234,0,0,none,0.0
CUST002235,0,0,none,0.0
CUST002236,1,1,auto,1039000.0
CUST002237,1,1,personal,6256000.0
CUST002238,1,1,home,679000.0
CUST002239,0,0,none,0.0
CUST002240,0,0,none,0.0
CUST002241,1,1,personal,2106000.0
CUST002242,1,1,personal,1091000.0
CUST002243,1,1,personal,503000.0
CUST002244,0,0,none,0.0
CUST002245,1,0,auto,478000.0
CUST002246,0,0,none,0.0
CUST002247,1,1,mortgage,2961000.0
CUST002248,1,0,auto,732000.0
CUST002249,0,0,none,0.0
CUST002250,0,0,none,0.0
CUST002251,1,0,auto,1799000.0
CUST002252,1,1,auto,797000.0
CUST002253,0,0,none,0.0
CUST002254,1,1,personal,1641000.0
CUST002255,0,0,none,0.0
CUST002256,0,0,none,0.0
CUST002257,0,0,none,0.0
CUST002258,1,1,auto,598000.0
CUST002259,1,0,personal,639000.0
CUST002260,0,0,none,0.0
CUST002261,0,0,none,0.0
CUST002262,0,0,none,0.0
CUST002263,1,1,auto,1047000.0
CUST002264,0,0,none,0.0
CUST002265,0,0,none,0.0
CUST002266,0,0,none,0.0
CUST002267,0,0,none,0.0
CUST002268,0,0,none,0.0
CUST002269,0,0,none,0.0
CUST002270,0,0,none,0.0
CUST002271,1,1,mortgage,1038000.0
CUST002272,0,0,none,0.0
CUST002273,1,1,auto,555000.0
CUST002274,0,0,none,0.0
CUST002275,1,1,auto,962000.0
CUST002276,0,0,none,0.0
CUST002277,0,0,none,0.0
CUST002278,0,0,none,0.0
CUST002279,0,0,none,0.0
CUST002280,0,0,none,0.0
CUST002281,0,0,none,0.0
CUST002282,0,0,none,0.0
CUST002283,0,0,none,0.0
CUST002284,0,0,none,0.0
CUST002285,1,1,auto,544000.0
CUST002286,1,0,personal,4385000.0
CUST002287,0,0,none,0.0
CUST002288,0,0,none,0.0
CUST002289,0,0,none,0.0
CUST002290,0,0,none,0.0
CUST002291,1,0,auto,1331000.0
CUST002292,0,0,none,0.0
CUST002293,1,1,auto,639000.0
CUST002294,0,0,none,0.0
CUST002295,0,0,none,0.0
CUST002296,0,0,none,0.0
CUST002297,1,1,home,1658000.0
CUST002298,1,1,auto,2932000.0
CUST002299,1,1,home,590000.0
CUST002300,0,0,none,0.0
CUST002301,0,0,none,0.0
CUST002302,0,0,none,0.0
CUST002303,0,0,none,0.0
CUST002304,1,1,home,2586000.0
CUST002305,0,0,none,0.0
CUST002306,0,0,none,0.0
CUST002307,0,0,none,0.0
CUST002308,0,0,none,0.0
CUST002309,1,0,auto,686000.0
CUST002310,0,0,none,0.0
CUST002311,0,0,none,0.0
CUST002312,1,1,mortgage,927000.0
CUST002313,0,0,none,0.0
CUST002314,0,0,none,0.0
CUST002315,0,0,none,0.0
CUST002316,0,0,none,0.0
CUST002317,1,1,mortgage,1894000.0
CUST002318,0,0,none,0.0
CUST002319,0,0,none,0.0
CUST002320,0,0,none,0.0
CUST002321,1,0,mortgage,823000.0
CUST002322,0,0,none,0.0
CUST002323,0,0,none,0.0
CUST002324,0,0,none,0.0
CUST002325,1,1,home,1265000.0
CUST002326,1,1,home,924000.0
CUST002327,1,1,auto,854000.0
CUST002328,1,1,home,987000.0
CUST002329,0,0,none,0.0
CUST002330,1,1,personal,2989000.0
CUST002331,0,0,none,0.0
CUST002332,1,1,auto,340000.0
CUST002333,0,0,none,0.0
CUST002334,0,0,none,0.0
CUST002335,1,1,home,640000.0
CUST002336,0,0,none,0.0
CUST002337,1,1,auto,1132000.0
CUST002338,0,0,none,0.0
CUST002339,0,0,none,0.0
CUST002340,0,0,none,0.0
CUST002341,0,0,none,0.0
CUST002342,1,1,home,2064000.0
CUST002343,0,0,none,0.0
CUST002344,0,0,none,0.0
CUST002345,0,0,none,0.0
CUST002346,0,0,none,0.0
CUST002347,1,1,home,697000.0
CUST002348,0,0,none,0.0
CUST002349,0,0,none,0.0
CUST002350,1,0,home,884000.0
CUST002351,0,0,none,0.0
CUST002352,1,1,mortgage,1399000.0
CUST002353,0,0,none,0.0
CUST002354,0,0,none,0.0
CUST002355,1,1,auto,655000.0
CUST002356,0,0,none,0.0
CUST002357,1,1,mortgage,870000.0
CUST002358,0,0,none,0.0
CUST002359,1,1,personal,1161000.0
CUST002360,1,0,personal,508000.0
CUST002361,1,1,personal,211000.0
CUST002362,1,1,home,960000.0
CUST002363,0,0,none,0.0
CUST002364,0,0,none,0.0
CUST002365,0,0,none,0.0
CUST002366,1,1,mortgage,495000.0
CUST002367,0,0,none,0.0
CUST002368,1,0,mortgage,722000.0
CUST002369,0,0,none,0.0
CUST002370,1,0,mortgage,673000.0
CUST002371,1,1,home,4647000.0
CUST002372,0,0,none,0.0
CUST002373,1,1,auto,586000.0
CUST002374,0,0,none,0.0
CUST002375,1,1,home,1410000.0
CUST002376,1,1,mortgage,703000.0
CUST002377,1,1,auto,2017000.0
CUST002378,0,0,none,0.0
CUST002379,1,1,auto,1489000.0
CUST002380,0,0,none,0.0
CUST002381,1,0,personal,1965000.0
CUST002382,1,1,auto,1211000.0
CUST002383,1,1,mortgage,733000.0
CUST002384,0,0,none,0.0
CUST002385,0,0,none,0.0
CUST002386,0,0,none,0.0
CUST002387,1,1,personal,327000.0
CUST002388,0,0,none,0.0
CUST002389,1,1,home,808000.0
CUST002390,0,0,none,0.0
CUST002391,0,0,none,0.0
CUST002392,0,0,none,0.0
CUST002393,0,0,none,0.0
CUST002394,0,0,none,0.0
CUST002395,1,1,home,449000.0
CUST002396,0,0,none,0.0
CUST002397,0,0,none,0.0
CUST002398,0,0,none,0.0
CUST002399,1,1,personal,1413000.0
CUST002400,0,0,none,0.0
CUST002401,1,1,auto,797000.0
CUST002402,1,1,mortgage,391000.0
CUST002403,1,1,personal,2860000.0
CUST002404,0,0,none,0.0
CUST002405,0,0,none,0.0
CUST002406,1,1,mortgage,1191000.0
CUST002407,1,1,personal,1408000.0
CUST002408,0,0,none,0.0
CUST002409,1,1,personal,243000.0
CUST002410,0,0,none,0.0
CUST002411,1,1,home,558000.0
CUST002412,0,0,none,0.0
CUST002413,1,1,mortgage,916000.0
CUST002414,1,1,personal,1570000.0
CUST002415,0,0,none,0.0
CUST002416,1,1,auto,1742000.0
CUST002417,0,0,none,0.0
CUST002418,1,1,auto,161000.0
CUST002419,0,0,none,0.0
CUST002420,0,0,none,0.0
CUST002421,0,0,none,0.0
CUST002422,0,0,none,0.0
CUST002423,0,0,none,0.0
CUST002424,0,0,none,0.0
CUST002425,1,1,auto,666000.0
CUST002426,0,0,none,0.0
CUST002427,0,0,none,0.0
CUST002428,1,1,auto,801000.0
CUST002429,1,1,auto,2697000.0
CUST002430,0,0,none,0.0
CUST002431,1,1,home,616000.0
CUST002432,1,1,home,3938000.0
CUST002433,0,0,none,0.0
CUST002434,0,0,none,0.0
CUST002435,0,0,none,0.0
CUST002436,1,1,home,778000.0
CUST002437,1,1,personal,1523000.0
CUST002438,1,0,mortgage,747000.0
CUST002439,0,0,none,0.0
CUST002440,0,0,none,0.0
CUST002441,1,1,home,1255000.0
CUST002442,1,1,home,1753000.0
CUST002443,0,0,none,0.0
CUST002444,0,0,none,0.0
CUST002445,0,0,none,0.0
CUST002446,0,0,none,0.0
CUST002447,0,0,none,0.0
CUST002448,0,0,none,0.0
CUST002449,0,0,none,0.0
CUST002450,1,1,mortgage,961000.0
CUST002451,1,1,auto,1041000.0
CUST002452,0,0,none,0.0
CUST002453,0,0,none,0.0
CUST002454,1,1,home,913000.0
CUST002455,0,0,none,0.0
CUST002456,1,1,mortgage,1566000.0
CUST002457,1,1,personal,391000.0
CUST002458,0,0,none,0.0
CUST002459,0,0,none,0.0
CUST002460,1,1,personal,802000.0
CUST002461,0,0,none,0.0
CUST002462,1,1,mortgage,692000.0
CUST002463,1,1,home,764000.0
CUST002464,1,0,mortgage,1060000.0
CUST002465,1,1,mortgage,1153000.0
CUST002466,0,0,none,0.0
CUST002467,1,1,personal,772000.0
CUST002468,1,0,home,3898000.0
CUST002469,1,1,mortgage,1046000.0
CUST002470,0,0,none,0.0
CUST002471,1,1,mortgage,1742000.0
CUST002472,1,1,home,936000.0
CUST002473,1,1,home,634000.0
CUST002474,0,0,none,0.0
CUST002475,1,1,auto,761000.0
CUST002476,1,1,personal,771000.0
CUST002477,1,0,personal,430000.0
CUST002478,0,0,none,0.0
CUST002479,0,0,none,0.0
CUST002480,1,1,auto,448000.0
CUST002481,1,1,mortgage,1450000.0
CUST002482,1,0,personal,1424000.0
CUST002483,1,1,personal,1446000.0
CUST002484,1,1,home,890000.0
CUST002485,0,0,none,0.0
CUST002486,1,0,mortgage,409000.0
CUST002487,1,1,mortgage,435000.0
CUST002488,1,1,mortgage,2020000.0
CUST002489,0,0,none,0.0
CUST002490,1,1,auto,2148000.0
CUST002491,1,1,home,1995000.0
CUST002492,1,1,home,931000.0
CUST002493,1,1,personal,546000.0
CUST002494,1,1,mortgage,1912000.0
CUST002495,1,1,auto,1145000.0
CUST002496,1,1,mortgage,1275000.0
CUST002497,0,0,none,0.0
CUST002498,0,0,none,0.0
CUST002499,1,1,home,1048000.0
CUST002500,0,0,none,0.0
CUST002501,0,0,none,0.0
CUST002502,1,0,mortgage,649000.0
CUST002503,0,0,none,0.0
CUST002504,1,1,auto,860000.0
CUST002505,0,0,none,0.0
CUST002506,0,0,none,0.0
CUST002507,0,0,none,0.0
CUST002508,0,0,none,0.0
CUST002509,0,0,none,0.0
CUST002510,1,0,personal,783000.0
CUST002511,0,0,none,0.0
CUST002512,0,0,none,0.0
CUST002513,1,1,mortgage,1326000.0
CUST002514,1,0,mortgage,2018000.0
CUST002515,0,0,none,0.0
CUST002516,0,0,none,0.0
CUST002517,0,0,none,0.0
CUST002518,1,1,personal,787000.0
CUST002519,1,1,mortgage,1488000.0
CUST002520,0,0,none,0.0
CUST002521,0,0,none,0.0
CUST002522,0,0,none,0.0
CUST002523,1,1,mortgage,2299000.0
CUST002524,1,1,auto,604000.0
CUST002525,0,0,none,0.0
CUST002526,0,0,none,0.0
CUST002527,0,0,none,0.0
CUST002528,0,0,none,0.0
CUST002529,0,0,none,0.0
CUST002530,0,0,none,0.0
CUST002531,0,0,none,0.0
CUST002532,1,1,personal,2786000.0
CUST002533,0,0,none,0.0
CUST002534,1,1,mortgage,1309000.0
CUST002535,0,0,none,0.0
CUST002536,0,0,none,0.0
CUST002537,0,0,none,0.0
CUST002538,0,0,none,0.0
CUST002539,1,0,mortgage,3355000.0
CUST002540,0,0,none,0.0
CUST002541,0,0,none,0.0
CUST002542,1,1,auto,1218000.0
CUST002543,0,0,none,0.0
CUST002544,0,0,none,0.0
CUST002545,1,0,home,1450000.0
CUST002546,0,0,none,0.0
CUST002547,1,1,personal,2956000.0
CUST002548,0,0,none,0.0
CUST002549,1,1,auto,403000.0
CUST002550,1,1,home,2343000.0
CUST002551,0,0,none,0.0
CUST002552,0,0,none,0.0
CUST002553,0,0,none,0.0
CUST002554,0,0,none,0.0
CUST002555,1,1,home,716000.0
CUST002556,0,0,none,0.0
CUST002557,1,1,personal,1497000.0
CUST002558,1,1,home,661000.0
CUST002559,0,0,none,0.0
CUST002560,0,0,none,0.0
CUST002561,0,0,none,0.0
CUST002562,0,0,none,0.0
CUST002563,0,0,none,0.0
CUST002564,0,0,none,0.0
CUST002565,1,0,auto,788000.0
CUST002566,1,1,mortgage,967000.0
CUST002567,1,1,mortgage,1215000.0
CUST002568,1,1,home,501000.0
CUST002569,0,0,none,0.0
CUST002570,0,0,none,0.0
CUST002571,1,1,personal,395000.0
CUST002572,0,0,none,0.0
CUST002573,1,1,mortgage,745000.0
CUST002574,0,0,none,0.0
CUST002575,1,1,home,1801000.0
CUST002576,1,1,mortgage,740000.0
CUST002577,1,1,personal,552000.0
CUST002578,0,0,none,0.0
CUST002579,0,0,none,0.0
CUST002580,0,0,none,0.0
CUST002581,1,1,mortgage,677000.0
CUST002582,0,0,none,0.0
CUST002583,0,0,none,0.0
CUST002584,0,0,none,0.0
CUST002585,1,1,mortgage,898000.0
CUST002586,1,1,home,551000.0
CUST002587,0,0,none,0.0
CUST002588,0,0,none,0.0
CUST002589,0,0,none,0.0
CUST002590,1,0,mortgage,755000.0
CUST002591,1,1,mortgage,954000.0
CUST002592,0,0,none,0.0
CUST002593,1,0,auto,2026000.0
CUST002594,0,0,none,0.0
CUST002595,0,0,none,0.0
CUST002596,0,0,none,0.0
CUST002597,1,1,personal,821000.0
CUST002598,0,0,none,0.0
CUST002599,1,1,home,1808000.0
CUST002600,1,1,auto,763000.0
CUST002601,0,0,none,0.0
CUST002602,0,0,none,0.0
CUST002603,1,1,personal,721000.0
CUST002604,0,0,none,0.0
CUST002605,1,1,home,1937000.0
CUST002606,1,1,home,678000.0
CUST002607,0,0,none,0.0
CUST002608,1,0,home,534000.0
CUST002609,1,0,mortgage,3583000.0
CUST002610,0,0,none,0.0
CUST002611,0,0,none,0.0
CUST002612,1,0,auto,1913000.0
CUST002613,1,1,mortgage,892000.0
CUST002614,0,0,none,0.0
CUST002615,0,0,none,0.0
CUST002616,1,1,home,2788000.0
CUST002617,0,0,none,0.0
CUST002618,1,1,personal,359000.0
CUST002619,1,1,auto,1637000.0
CUST002620,1,1,auto,519000.0
CUST002621,0,0,none,0.0
CUST002622,1,1,personal,1277000.0
CUST002623,0,0,none,0.0
CUST002624,0,0,none,0.0
CUST002625,0,0,none,0.0
CUST002626,1,1,home,602000.0
CUST002627,0,0,none,0.0
CUST002628,1,1,personal,826000.0
CUST002629,1,0,mortgage,1635000.0
CUST002630,1,0,auto,448000.0
CUST002631,1,1,auto,1229000.0
CUST002632,0,0,none,0.0
CUST002633,1,1,personal,1363000.0
CUST002634,1,0,home,473000.0
CUST002635,1,0,home,669000.0
CUST002636,0,0,none,0.0
CUST002637,0,0,none,0.0
CUST002638,1,1,home,347000.0
CUST002639,0,0,none,0.0
CUST002640,0,0,none,0.0
CUST002641,1,1,home,377000.0
CUST002642,1,1,home,2055000.0
CUST002643,0,0,none,0.0
CUST002644,1,1,auto,2017000.0
CUST002645,0,0,none,0.0
CUST002646,0,0,none,0.0
CUST002647,1,1,auto,1456000.0
CUST002648,0,0,none,0.0
CUST002649,0,0,none,0.0
CUST002650,1,1,home,2530000.0
CUST002651,1,1,home,1313000.0
CUST002652,0,0,none,0.0
CUST002653,0,0,none,0.0
CUST002654,0,0,none,0.0
CUST002655,1,1,personal,540000.0
CUST002656,1,1,personal,918000.0
CUST002657,1,1,personal,1916000.0
CUST002658,0,0,none,0.0
CUST002659,1,1,auto,448000.0
CUST002660,1,1,auto,2299000.0
CUST002661,1,1,personal,746000.0
CUST002662,0,0,none,0.0
CUST002663,0,0,none,0.0
CUST002664,1,1,home,906000.0
CUST002665,1,0,home,354000.0
CUST002666,0,0,none,0.0
CUST002667,0,0,none,0.0
CUST002668,0,0,none,0.0
CUST002669,1,1,mortgage,1128000.0
CUST002670,1,0,mortgage,2074000.0
CUST002671,0,0,none,0.0
CUST002672,1,1,personal,996000.0
CUST002673,0,0,none,0.0
CUST002674,1,1,home,1286000.0
CUST002675,0,0,none,0.0
CUST002676,1,1,mortgage,368000.0
CUST002677,1,1,mortgage,1750000.0
CUST002678,1,1,mortgage,1146000.0
CUST002679,1,0,home,1235000.0
CUST002680,1,1,auto,579000.0
CUST002681,1,1,personal,357000.0
CUST002682,1,1,mortgage,1058000.0
CUST002683,1,1,mortgage,3045000.0
CUST002684,0,0,none,0.0
CUST002685,1,1,auto,491000.0
CUST002686,0,0,none,0.0
CUST002687,0,0,none,0.0
CUST002688,1,0,personal,616000.0
CUST002689,1,1,auto,1894000.0
CUST002690,0,0,none,0.0
CUST002691,0,0,none,0.0
CUST002692,0,0,none,0.0
CUST002693,1,1,home,757000.0
CUST002694,0,0,none,0.0
CUST002695,1,1,auto,1027000.0
CUST002696,1,1,auto,617000.0
CUST002697,0,0,none,0.0
CUST002698,0,0,none,0.0
CUST002699,1,1,personal,1541000.0
CUST002700,0,0,none,0.0
CUST002701,0,0,none,0.0
CUST002702,1,1,mortgage,912000.0
CUST002703,0,0,none,0.0
CUST002704,1,1,auto,497000.0
CUST002705,1,1,mortgage,2224000.0
CUST002706,1,1,mortgage,852000.0
CUST002707,1,1,auto,1528000.0
CUST002708,0,0,none,0.0
CUST002709,1,1,personal,1810000.0
CUST002710,0,0,none,0.0
CUST002711,0,0,none,0.0
CUST002712,0,0,none,0.0
CUST002713,1,0,personal,717000.0
CUST002714,1,1,home,1260000.0
CUST002715,0,0,none,0.0
CUST002716,1,1,mortgage,484000.0
CUST002717,0,0,none,0.0
CUST002718,1,1,home,1296000.0
CUST002719,0,0,none,0.0
CUST002720,0,0,none,0.0
CUST002721,0,0,none,0.0
CUST002722,1,1,personal,758000.0
CUST002723,0,0,none,0.0
CUST002724,1,1,home,1550000.0
CUST002725,0,0,none,0.0
CUST002726,0,0,none,0.0
CUST002727,0,0,none,0.0
CUST002728,0,0,none,0.0
CUST002729,0,0,none,0.0
CUST002730,1,1,personal,679000.0
CUST002731,1,1,personal,1330000.0
CUST002732,0,0,none,0.0
CUST002733,0,0,none,0.0
CUST002734,1,0,auto,930000.0
CUST002735,0,0,none,0.0
CUST002736,0,0,none,0.0
CUST002737,1,1,auto,2022000.0
CUST002738,1,1,personal,1061000.0
CUST002739,0,0,none,0.0
CUST002740,0,0,none,0.0
CUST002741,0,0,none,0.0
CUST002742,0,0,none,0.0
CUST002743,0,0,none,0.0
CUST002744,0,0,none,0.0
CUST002745,1,1,auto,1718000.0
CUST002746,1,1,personal,1831000.0
CUST002747,1,1,personal,1453000.0
CUST002748,1,0,personal,977000.0
CUST002749,0,0,none,0.0
CUST002750,0,0,none,0.0
CUST002751,0,0,none,0.0
CUST002752,1,1,personal,1555000.0
CUST002753,0,0,none,0.0
CUST002754,0,0,none,0.0
CUST002755,0,0,none,0.0
CUST002756,0,0,none,0.0
CUST002757,0,0,none,0.0
CUST002758,0,0,none,0.0
CUST002759,1,1,personal,2117000.0
CUST002760,0,0,none,0.0
CUST002761,1,1,home,801000.0
CUST002762,0,0,none,0.0
CUST002763,0,0,none,0.0
CUST002764,1,1,mortgage,381000.0
CUST002765,0,0,none,0.0
CUST002766,0,0,none,0.0
CUST002767,0,0,none,0.0
CUST002768,0,0,none,0.0
CUST002769,1,1,home,1057000.0
CUST002770,1,1,home,624000.0
CUST002771,0,0,none,0.0
CUST002772,1,1,mortgage,2512000.0
CUST002773,0,0,none,0.0
CUST002774,1,1,home,1377000.0
CUST002775,0,0,none,0.0
CUST002776,1,1,auto,980000.0
CUST002777,0,0,none,0.0
CUST002778,0,0,none,0.0
CUST002779,0,0,none,0.0
CUST002780,1,1,personal,968000.0
CUST002781,0,0,none,0.0
CUST002782,0,0,none,0.0
CUST002783,1,0,mortgage,704000.0
CUST002784,1,1,home,2609000.0
CUST002785,1,1,personal,900000.0
CUST002786,1,0,mortgage,528000.0
CUST002787,0,0,none,0.0
CUST002788,0,0,none,0.0
CUST002789,1,1,home,739000.0
CUST002790,0,0,none,0.0
CUST002791,0,0,none,0.0
CUST002792,0,0,none,0.0
CUST002793,0,0,none,0.0
CUST002794,1,0,auto,962000.0
CUST002795,0,0,none,0.0
CUST002796,1,0,mortgage,242000.0
CUST002797,0,0,none,0.0
CUST002798,0,0,none,0.0
CUST002799,0,0,none,0.0
CUST002800,0,0,none,0.0
CUST002801,1,1,personal,1205000.0
CUST002802,0,0,none,0.0
CUST002803,0,0,none,0.0
CUST002804,0,0,none,0.0
CUST002805,1,1,personal,2022000.0
CUST002806,1,0,auto,833000.0
CUST002807,0,0,none,0.0
CUST002808,0,0,none,0.0
CUST002809,1,1,mortgage,426000.0
CUST002810,1,1,personal,434000.0
CUST002811,0,0,none,0.0
CUST002812,1,1,personal,806000.0
CUST002813,0,0,none,0.0
CUST002814,1,0,personal,567000.0
CUST002815,1,0,personal,524000.0
CUST002816,1,1,home,879000.0
CUST002817,0,0,none,0.0
CUST002818,0,0,none,0.0
CUST002819,0,0,none,0.0
CUST002820,0,0,none,0.0
CUST002821,1,1,mortgage,1287000.0
CUST002822,0,0,none,0.0
CUST002823,1,0,mortgage,703000.0
CUST002824,0,0,none,0.0
CUST002825,1,1,auto,481000.0
CUST002826,0,0,none,0.0
CUST002827,0,0,none,0.0
CUST002828,0,0,none,0.0
CUST002829,0,0,none,0.0
CUST002830,1,1,auto,1258000.0
CUST002831,1,1,home,980000.0
CUST002832,0,0,none,0.0
CUST002833,0,0,none,0.0
CUST002834,1,1,mortgage,546000.0
CUST002835,1,1,mortgage,3627000.0
CUST002836,0,0,none,0.0
CUST002837,1,1,mortgage,1158000.0
CUST002838,0,0,none,0.0
CUST002839,0,0,none,0.0
CUST002840,0,0,none,0.0
CUST002841,1,0,personal,3827000.0
CUST002842,0,0,none,0.0
CUST002843,1,1,mortgage,755000.0
CUST002844,1,1,mortgage,705000.0
CUST002845,1,0,personal,2333000.0
CUST002846,1,1,home,1353000.0
CUST002847,0,0,none,0.0
CUST002848,1,1,home,1821000.0
CUST002849,0,0,none,0.0
CUST002850,0,0,none,0.0
CUST002851,1,0,personal,1570000.0
CUST002852,0,0,none,0.0
CUST002853,0,0,none,0.0
CUST002854,0,0,none,0.0
CUST002855,0,0,none,0.0
CUST002856,0,0,none,0.0
CUST002857,1,0,home,834000.0
CUST002858,0,0,none,0.0
CUST002859,1,1,auto,2568000.0
CUST002860,1,1,personal,1334000.0
CUST002861,1,1,home,1739000.0
CUST002862,0,0,none,0.0
CUST002863,0,0,none,0.0
CUST002864,1,1,home,4005000.0
CUST002865,1,1,mortgage,1001000.0
CUST002866,1,1,home,312000.0
CUST002867,1,1,home,2567000.0
CUST002868,0,0,none,0.0
CUST002869,0,0,none,0.0
CUST002870,1,0,personal,1331000.0
CUST002871,1,1,auto,335000.0
CUST002872,0,0,none,0.0
CUST002873,1,0,personal,1854000.0
CUST002874,1,0,auto,636000.0
CUST002875,0,0,none,0.0
CUST002876,0,0,none,0.0
CUST002877,1,1,home,2288000.0
CUST002878,0,0,none,0.0
CUST002879,1,1,personal,868000.0
CUST002880,0,0,none,0.0
CUST002881,1,1,mortgage,1255000.0
CUST002882,0,0,none,0.0
CUST002883,0,0,none,0.0
CUST002884,1,0,home,722000.0
CUST002885,1,1,mortgage,726000.0
CUST002886,1,0,personal,411000.0
CUST002887,1,1,mortgage,408000.0
CUST002888,1,0,personal,314000.0
CUST002889,1,0,home,1236000.0
CUST002890,0,0,none,0.0
CUST002891,1,0,personal,763000.0
CUST002892,0,0,none,0.0
CUST002893,1,1,home,1004000.0
CUST002894,0,0,none,0.0
CUST002895,1,0,mortgage,1730000.0
CUST002896,0,0,none,0.0
CUST002897,0,0,none,0.0
CUST002898,0,0,none,0.0
CUST002899,0,0,none,0.0
CUST002900,1,1,auto,526000.0
CUST002901,0,0,none,0.0
CUST002902,0,0,none,0.0
CUST002903,1,0,personal,2080000.0
CUST002904,0,0,none,0.0
CUST002905,0,0,none,0.0
CUST002906,1,1,home,511000.0
CUST002907,0,0,none,0.0
CUST002908,0,0,none,0.0
CUST002909,0,0,none,0.0
CUST002910,0,0,none,0.0
CUST002911,1,1,home,1800000.0
CUST002912,0,0,none,0.0
CUST002913,1,0,mortgage,2102000.0
CUST002914,1,1,personal,1397000.0
CUST002915,1,1,mortgage,1390000.0
CUST002916,0,0,none,0.0
CUST002917,1,1,auto,2735000.0
CUST002918,1,1,auto,316000.0
CUST002919,0,0,none,0.0
CUST002920,0,0,none,0.0
CUST002921,1,1,home,3228000.0
CUST002922,1,1,home,437000.0
CUST002923,0,0,none,0.0
CUST002924,0,0,none,0.0
CUST002925,0,0,none,0.0
CUST002926,0,0,none,0.0
CUST002927,0,0,none,0.0
CUST002928,0,0,none,0.0
CUST002929,0,0,none,0.0
CUST002930,0,0,none,0.0
CUST002931,0,0,none,0.0
CUST002932,1,1,personal,2771000.0
CUST002933,1,1,mortgage,3522000.0
CUST002934,0,0,none,0.0
CUST002935,0,0,none,0.0
CUST002936,0,0,none,0.0
CUST002937,0,0,none,0.0
CUST002938,1,0,mortgage,1426000.0
CUST002939,0,0,none,0.0
CUST002940,0,0,none,0.0
CUST002941,1,1,home,803000.0
CUST002942,0,0,none,0.0
CUST002943,0,0,none,0.0
CUST002944,1,0,personal,1568000.0
CUST002945,1,1,home,1200000.0
CUST002946,0,0,none,0.0
CUST002947,0,0,none,0.0
CUST002948,1,0,mortgage,728000.0
CUST002949,0,0,none,0.0
CUST002950,1,1,mortgage,1741000.0
CUST002951,0,0,none,0.0
CUST002952,1,1,home,719000.0
CUST002953,0,0,none,0.0
CUST002954,0,0,none,0.0
CUST002955,0,0,none,0.0
CUST002956,0,0,none,0.0
CUST002957,0,0,none,0.0
CUST002958,0,0,none,0.0
CUST002959,0,0,none,0.0
CUST002960,0,0,none,0.0
CUST002961,0,0,none,0.0
CUST002962,1,1,home,989000.0
CUST002963,0,0,none,0.0
CUST002964,0,0,none,0.0
CUST002965,0,0,none,0.0
CUST002966,1,1,personal,843000.0
CUST002967,0,0,none,0.0
CUST002968,0,0,none,0.0
CUST002969,0,0,none,0.0
CUST002970,0,0,none,0.0
CUST002971,1,1,home,2101000.0
CUST002972,0,0,none,0.0
CUST002973,0,0,none,0.0
CUST002974,0,0,none,0.0
CUST002975,0,0,none,0.0
CUST002976,1,0,auto,2126000.0
CUST002977,0,0,none,0.0
CUST002978,1,1,mortgage,366000.0
CUST002979,1,0,home,1024000.0
CUST002980,1,1,auto,1204000.0
CUST002981,0,0,none,0.0
CUST002982,1,1,personal,556000.0
CUST002983,0,0,none,0.0
CUST002984,0,0,none,0.0
CUST002985,0,0,none,0.0
CUST002986,1,1,home,750000.0
CUST002987,0,0,none,0.0
CUST002988,0,0,none,0.0
CUST002989,1,0,home,1731000.0
CUST002990,0,0,none,0.0
CUST002991,0,0,none,0.0
CUST002992,1,1,auto,650000.0
CUST002993,1,1,personal,4343000.0
CUST002994,1,1,home,686000.0
CUST002995,0,0,none,0.0
CUST002996,0,0,none,0.0
CUST002997,0,0,none,0.0
CUST002998,0,0,none,0.0
CUST002999,0,0,none,0.0
CUST003000,0,0,none,0.0
CUST003001,0,0,none,0.0
CUST003002,1,1,mortgage,1953000.0
CUST003003,0,0,none,0.0
CUST003004,0,0,none,0.0
CUST003005,0,0,none,0.0
CUST003006,1,1,auto,1317000.0
CUST003007,0,0,none,0.0
CUST003008,1,1,home,612000.0
CUST003009,0,0,none,0.0
CUST003010,0,0,none,0.0
CUST003011,1,1,personal,255000.0
CUST003012,0,0,none,0.0
CUST003013,0,0,none,0.0
CUST003014,0,0,none,0.0
CUST003015,0,0,none,0.0
CUST003016,0,0,none,0.0
CUST003017,1,1,home,1467000.0
CUST003018,0,0,none,0.0
CUST003019,1,1,home,259000.0
CUST003020,0,0,none,0.0
CUST003021,0,0,none,0.0
CUST003022,0,0,none,0.0
CUST003023,0,0,none,0.0
CUST003024,0,0,none,0.0
CUST003025,0,0,none,0.0
CUST003026,1,1,mortgage,522000.0
CUST003027,0,0,none,0.0
CUST003028,1,0,auto,1237000.0
CUST003029,1,1,home,2749000.0
CUST003030,1,0,mortgage,1043000.0
CUST003031,1,1,home,809000.0
CUST003032,1,0,auto,1337000.0
CUST003033,0,0,none,0.0
CUST003034,0,0,none,0.0
CUST003035,0,0,none,0.0
CUST003036,1,1,mortgage,2728000.0
CUST003037,0,0,none,0.0
CUST003038,1,1,personal,507000.0
CUST003039,0,0,none,0.0
CUST003040,0,0,none,0.0
CUST003041,1,1,auto,522000.0
CUST003042,1,0,auto,632000.0
CUST003043,0,0,none,0.0
CUST003044,0,0,none,0.0
CUST003045,0,0,none,0.0
CUST003046,1,0,auto,551000.0
CUST003047,0,0,none,0.0
CUST003048,0,0,none,0.0
CUST003049,0,0,none,0.0
CUST003050,0,0,none,0.0
CUST003051,0,0,none,0.0
CUST003052,0,0,none,0.0
CUST003053,1,1,mortgage,401000.0
CUST003054,0,0,none,0.0
CUST003055,1,1,personal,1029000.0
CUST003056,1,1,auto,879000.0
CUST003057,0,0,none,0.0
CUST003058,1,1,home,2966000.0
CUST003059,0,0,none,0.0
CUST003060,0,0,none,0.0
CUST003061,1,1,auto,804000.0
CUST003062,0,0,none,0.0
CUST003063,0,0,none,0.0
CUST003064,0,0,none,0.0
CUST003065,0,0,none,0.0
CUST003066,0,0,none,0.0
CUST003067,0,0,none,0.0
CUST003068,0,0,none,0.0
CUST003069,0,0,none,0.0
CUST003070,0,0,none,0.0
CUST003071,1,0,personal,475000.0
CUST003072,0,0,none,0.0
CUST003073,0,0,none,0.0
CUST003074,1,1,home,744000.0
CUST003075,1,1,home,844000.0
CUST003076,1,1,personal,489000.0
CUST003077,1,1,personal,961000.0
CUST003078,0,0,none,0.0
CUST003079,0,0,none,0.0
CUST003080,0,0,none,0.0
CUST003081,0,0,none,0.0
CUST003082,1,0,home,1209000.0
CUST003083,1,1,mortgage,363000.0
CUST003084,0,0,none,0.0
CUST003085,1,1,personal,1279000.0
CUST003086,1,1,auto,1328000.0
CUST003087,0,0,none,0.0
CUST003088,0,0,none,0.0
CUST003089,1,1,home,620000.0
CUST003090,0,0,none,0.0
CUST003091,1,1,home,1836000.0
CUST003092,0,0,none,0.0
CUST003093,1,1,personal,1157000.0
CUST003094,0,0,none,0.0
CUST003095,1,1,mortgage,1335000.0
CUST003096,1,0,personal,1180000.0
CUST003097,0,0,none,0.0
CUST003098,0,0,none,0.0
CUST003099,0,0,none,0.0
CUST003100,0,0,none,0.0
CUST003101,0,0,none,0.0
CUST003102,1,1,mortgage,250000.0
CUST003103,1,1,mortgage,1432000.0
CUST003104,1,1,mortgage,472000.0
CUST003105,0,0,none,0.0
CUST003106,0,0,none,0.0
CUST003107,0,0,none,0.0
CUST003108,0,0,none,0.0
CUST003109,1,0,auto,318000.0
CUST003110,0,0,none,0.0
CUST003111,0,0,none,0.0
CUST003112,0,0,none,0.0
CUST003113,0,0,none,0.0
CUST003114,0,0,none,0.0
CUST003115,1,1,mortgage,1796000.0
CUST003116,1,1,mortgage,1284000.0
CUST003117,0,0,none,0.0
CUST003118,0,0,none,0.0
CUST003119,1,1,personal,783000.0
CUST003120,0,0,none,0.0
CUST003121,0,0,none,0.0
CUST003122,0,0,none,0.0
CUST003123,0,0,none,0.0
CUST003124,1,0,auto,973000.0
CUST003125,0,0,none,0.0
CUST003126,1,1,home,527000.0
CUST003127,1,1,personal,2514000.0
CUST003128,0,0,none,0.0
CUST003129,1,1,personal,3234000.0
CUST003130,1,1,auto,499000.0
CUST003131,0,0,none,0.0
CUST003132,0,0,none,0.0
CUST003133,1,0,auto,1247000.0
CUST003134,1,1,personal,934000.0
CUST003135,0,0,none,0.0
CUST003136,0,0,none,0.0
CUST003137,0,0,none,0.0
CUST003138,0,0,none,0.0
CUST003139,0,0,none,0.0
CUST003140,0,0,none,0.0
CUST003141,0,0,none,0.0
CUST003142,0,0,none,0.0
CUST003143,0,0,none,0.0
CUST003144,0,0,none,0.0
CUST003145,0,0,none,0.0
CUST003146,0,0,none,0.0
CUST003147,0,0,none,0.0
CUST003148,0,0,none,0.0
CUST003149,1,0,auto,611000.0
CUST003150,0,0,none,0.0
CUST003151,0,0,none,0.0
CUST003152,0,0,none,0.0
CUST003153,0,0,none,0.0
CUST003154,1,1,mortgage,1092000.0
CUST003155,1,1,mortgage,547000.0
CUST003156,0,0,none,0.0
CUST003157,1,0,home,689000.0
CUST003158,0,0,none,0.0
CUST003159,1,1,home,629000.0
CUST003160,1,1,mortgage,1961000.0
CUST003161,0,0,none,0.0
CUST003162,1,1,auto,603000.0
CUST003163,1,1,personal,1686000.0
CUST003164,1,0,personal,1143000.0
CUST003165,1,1,mortgage,1373000.0
CUST003166,1,1,mortgage,499000.0
CUST003167,0,0,none,0.0
CUST003168,0,0,none,0.0
CUST003169,0,0,none,0.0
CUST003170,0,0,none,0.0
CUST003171,0,0,none,0.0
CUST003172,0,0,none,0.0
CUST003173,1,1,mortgage,1439000.0
CUST003174,1,0,personal,1908000.0
CUST003175,0,0,none,0.0
CUST003176,1,1,mortgage,290000.0
CUST003177,0,0,none,0.0
CUST003178,1,0,mortgage,822000.0
CUST003179,1,1,mortgage,706000.0
CUST003180,0,0,none,0.0
CUST003181,0,0,none,0.0
CUST003182,0,0,none,0.0
CUST003183,0,0,none,0.0
CUST003184,0,0,none,0.0
CUST003185,0,0,none,0.0
CUST003186,0,0,none,0.0
CUST003187,1,0,auto,979000.0
CUST003188,0,0,none,0.0
CUST003189,0,0,none,0.0
CUST003190,0,0,none,0.0
CUST003191,0,0,none,0.0
CUST003192,0,0,none,0.0
CUST003193,0,0,none,0.0
CUST003194,1,0,personal,888000.0
CUST003195,0,0,none,0.0
CUST003196,0,0,none,0.0
CUST003197,1,1,auto,674000.0
CUST003198,1,1,personal,1322000.0
CUST003199,1,0,personal,1430000.0
CUST003200,0,0,none,0.0
CUST003201,1,0,auto,3170000.0
CUST003202,0,0,none,0.0
CUST003203,0,0,none,0.0
CUST003204,0,0,none,0.0
CUST003205,1,1,mortgage,213000.0
CUST003206,0,0,none,0.0
CUST003207,1,1,mortgage,539000.0
CUST003208,0,0,none,0.0
CUST003209,0,0,none,0.0
CUST003210,0,0,none,0.0
CUST003211,0,0,none,0.0
CUST003212,1,1,home,2901000.0
CUST003213,1,1,personal,3426000.0
CUST003214,0,0,none,0.0
CUST003215,0,0,none,0.0
CUST003216,0,0,none,0.0
CUST003217,0,0,none,0.0
CUST003218,1,1,mortgage,799000.0
CUST003219,1,1,home,2022000.0
CUST003220,1,0,personal,3232000.0
CUST003221,0,0,none,0.0
CUST003222,1,0,auto,1732000.0
CUST003223,0,0,none,0.0
CUST003224,1,1,home,1162000.0
CUST003225,1,1,auto,724000.0
CUST003226,0,0,none,0.0
CUST003227,0,0,none,0.0
CUST003228,0,0,none,0.0
CUST003229,1,0,personal,1470000.0
CUST003230,0,0,none,0.0
CUST003231,0,0,none,0.0
CUST003232,0,0,none,0.0
CUST003233,0,0,none,0.0
CUST003234,1,1,personal,697000.0
CUST003235,1,1,mortgage,205000.0
CUST003236,0,0,none,0.0
CUST003237,1,1,home,1171000.0
CUST003238,1,1,mortgage,596000.0
CUST003239,0,0,none,0.0
CUST003240,1,1,mortgage,1002000.0
CUST003241,1,1,personal,2438000.0
CUST003242,0,0,none,0.0
CUST003243,1,1,home,256000.0
CUST003244,0,0,none,0.0
CUST003245,0,0,none,0.0
CUST003246,0,0,none,0.0
CUST003247,1,1,personal,1981000.0
CUST003248,0,0,none,0.0
CUST003249,0,0,none,0.0
CUST003250,1,1,home,1934000.0
CUST003251,0,0,none,0.0
CUST003252,1,1,home,1062000.0
CUST003253,0,0,none,0.0
CUST003254,1,1,personal,651000.0
CUST003255,0,0,none,0.0
CUST003256,0,0,none,0.0
CUST003257,0,0,none,0.0
CUST003258,1,1,auto,438000.0
CUST003259,0,0,none,0.0
CUST003260,0,0,none,0.0
CUST003261,0,0,none,0.0
CUST003262,0,0,none,0.0
CUST003263,0,0,none,0.0
CUST003264,0,0,none,0.0
CUST003265,1,0,mortgage,703000.0
CUST003266,1,0,home,1076000.0
CUST003267,1,1,mortgage,2187000.0
CUST003268,1,1,home,1281000.0
CUST003269,1,1,personal,1483000.0
CUST003270,0,0,none,0.0
CUST003271,0,0,none,0.0
CUST003272,1,1,home,3611000.0
CUST003273,0,0,none,0.0
CUST003274,0,0,none,0.0
CUST003275,0,0,none,0.0
CUST003276,0,0,none,0.0
CUST003277,0,0,none,0.0
CUST003278,0,0,none,0.0
CUST003279,0,0,none,0.0
CUST003280,1,1,personal,1177000.0
CUST003281,0,0,none,0.0
CUST003282,0,0,none,0.0
CUST003283,0,0,none,0.0
CUST003284,0,0,none,0.0
CUST003285,0,0,none,0.0
CUST003286,0,0,none,0.0
CUST003287,1,1,auto,1286000.0
CUST003288,0,0,none,0.0
CUST003289,0,0,none,0.0
CUST003290,0,0,none,0.0
CUST003291,0,0,none,0.0
CUST003292,0,0,none,0.0
CUST003293,1,1,auto,770000.0
CUST003294,1,1,home,988000.0
CUST003295,0,0,none,0.0
CUST003296,1,1,personal,234000.0
CUST003297,0,0,none,0.0
CUST003298,0,0,none,0.0
CUST003299,1,1,auto,547000.0
CUST003300,0,0,none,0.0
CUST003301,1,1,auto,457000.0
CUST003302,0,0,none,0.0
CUST003303,0,0,none,0.0
CUST003304,0,0,none,0.0
CUST003305,1,1,auto,2647000.0
CUST003306,0,0,none,0.0
CUST003307,0,0,none,0.0
CUST003308,0,0,none,0.0
CUST003309,0,0,none,0.0
CUST003310,0,0,none,0.0
CUST003311,0,0,none,0.0
CUST003312,1,0,auto,2438000.0
CUST003313,1,1,mortgage,652000.0
CUST003314,1,1,mortgage,745000.0
CUST003315,0,0,none,0.0
CUST003316,0,0,none,0.0
CUST003317,0,0,none,0.0
CUST003318,0,0,none,0.0
CUST003319,1,1,mortgage,2488000.0
CUST003320,0,0,none,0.0
CUST003321,0,0,none,0.0
CUST003322,1,1,personal,763000.0
CUST003323,0,0,none,0.0
CUST003324,1,0,auto,669000.0
CUST003325,1,1,mortgage,1029000.0
CUST003326,0,0,none,0.0
CUST003327,0,0,none,0.0
CUST003328,0,0,none,0.0
CUST003329,0,0,none,0.0
CUST003330,0,0,none,0.0
CUST003331,1,1,mortgage,482000.0
CUST003332,0,0,none,0.0
CUST003333,1,1,personal,386000.0
CUST003334,0,0,none,0.0
CUST003335,1,1,auto,2218000.0
CUST003336,0,0,none,0.0
CUST003337,1,1,mortgage,1165000.0
CUST003338,1,1,personal,643000.0
CUST003339,0,0,none,0.0
CUST003340,1,1,mortgage,1096000.0
CUST003341,1,0,personal,339000.0
CUST003342,0,0,none,0.0
CUST003343,1,1,personal,2469000.0
CUST003344,0,0,none,0.0
CUST003345,0,0,none,0.0
CUST003346,1,1,auto,1323000.0
CUST003347,1,1,home,1636000.0
CUST003348,0,0,none,0.0
CUST003349,0,0,none,0.0
CUST003350,1,1,home,1021000.0
CUST003351,1,1,personal,1937000.0
CUST003352,0,0,none,0.0
CUST003353,0,0,none,0.0
CUST003354,0,0,none,0.0
CUST003355,1,1,home,774000.0
CUST003356,0,0,none,0.0
CUST003357,1,1,auto,1611000.0
CUST003358,0,0,none,0.0
CUST003359,0,0,none,0.0
CUST003360,1,1,mortgage,445000.0
CUST003361,1,1,mortgage,853000.0
CUST003362,0,0,none,0.0
CUST003363,0,0,none,0.0
CUST003364,1,1,home,1716000.0
CUST003365,0,0,none,0.0
CUST003366,0,0,none,0.0
CUST003367,0,0,none,0.0
CUST003368,1,1,personal,1071000.0
CUST003369,1,1,personal,792000.0
CUST003370,0,0,none,0.0
CUST003371,0,0,none,0.0
CUST003372,1,1,auto,444000.0
CUST003373,0,0,none,0.0
CUST003374,0,0,none,0.0
CUST003375,0,0,none,0.0
CUST003376,0,0,none,0.0
CUST003377,1,0,personal,1317000.0
CUST003378,0,0,none,0.0
CUST003379,1,1,home,837000.0
CUST003380,1,1,personal,970000.0
CUST003381,0,0,none,0.0
CUST003382,1,1,auto,3022000.0
CUST003383,0,0,none,0.0
CUST003384,0,0,none,0.0
CUST003385,1,0,personal,1765000.0
CUST003386,0,0,none,0.0
CUST003387,1,1,auto,922000.0
CUST003388,1,1,personal,1363000.0
CUST003389,0,0,none,0.0
CUST003390,0,0,none,0.0
CUST003391,0,0,none,0.0
CUST003392,1,1,mortgage,935000.0
CUST003393,0,0,none,0.0
CUST003394,0,0,none,0.0
CUST003395,0,0,none,0.0
CUST003396,1,1,personal,1013000.0
CUST003397,0,0,none,0.0
CUST003398,0,0,none,0.0
CUST003399,1,1,mortgage,2312000.0
CUST003400,0,0,none,0.0
CUST003401,0,0,none,0.0
CUST003402,0,0,none,0.0
CUST003403,1,1,personal,870000.0
CUST003404,0,0,none,0.0
CUST003405,0,0,none,0.0
CUST003406,0,0,none,0.0
CUST003407,0,0,none,0.0
CUST003408,0,0,none,0.0
CUST003409,1,1,auto,1735000.0
CUST003410,0,0,none,0.0
CUST003411,0,0,none,0.0
CUST003412,0,0,none,0.0
CUST003413,0,0,none,0.0
CUST003414,0,0,none,0.0
CUST003415,0,0,none,0.0
CUST003416,0,0,none,0.0
CUST003417,0,0,none,0.0
CUST003418,0,0,none,0.0
CUST003419,1,1,auto,783000.0
CUST003420,1,1,auto,1190000.0
CUST003421,0,0,none,0.0
CUST003422,0,0,none,0.0
CUST003423,0,0,none,0.0
CUST003424,0,0,none,0.0
CUST003425,1,1,auto,574000.0
CUST003426,1,1,mortgage,688000.0
CUST003427,0,0,none,0.0
CUST003428,1,1,personal,1909000.0
CUST003429,0,0,none,0.0
CUST003430,1,1,mortgage,525000.0
CUST003431,0,0,none,0.0
CUST003432,0,0,none,0.0
CUST003433,0,0,none,0.0
CUST003434,1,1,personal,942000.0
CUST003435,0,0,none,0.0
CUST003436,0,0,none,0.0
CUST003437,0,0,none,0.0
CUST003438,0,0,none,0.0
CUST003439,0,0,none,0.0
CUST003440,1,1,auto,3619000.0
CUST003441,1,1,auto,735000.0
CUST003442,1,1,home,680000.0
CUST003443,0,0,none,0.0
CUST003444,0,0,none,0.0
CUST003445,0,0,none,0.0
CUST003446,0,0,none,0.0
CUST003447,0,0,none,0.0
CUST003448,1,0,home,665000.0
CUST003449,1,1,mortgage,853000.0
CUST003450,0,0,none,0.0
CUST003451,0,0,none,0.0
CUST003452,1,1,home,302000.0
CUST003453,0,0,none,0.0
CUST003454,0,0,none,0.0
CUST003455,1,1,personal,582000.0
CUST003456,1,1,auto,1486000.0
CUST003457,0,0,none,0.0
CUST003458,1,1,auto,2119000.0
CUST003459,0,0,none,0.0
CUST003460,0,0,none,0.0
CUST003461,1,1,personal,1036000.0
CUST003462,1,1,mortgage,674000.0
CUST003463,1,1,mortgage,1054000.0
CUST003464,0,0,none,0.0
CUST003465,0,0,none,0.0
CUST003466,0,0,none,0.0
CUST003467,0,0,none,0.0
CUST003468,0,0,none,0.0
CUST003469,1,1,auto,637000.0
CUST003470,0,0,none,0.0
CUST003471,0,0,none,0.0
CUST003472,0,0,none,0.0
CUST003473,1,1,mortgage,1152000.0
CUST003474,0,0,none,0.0
CUST003475,0,0,none,0.0
CUST003476,0,0,none,0.0
CUST003477,1,1,mortgage,482000.0
CUST003478,0,0,none,0.0
CUST003479,0,0,none,0.0
CUST003480,0,0,none,0.0
CUST003481,1,1,personal,909000.0
CUST003482,0,0,none,0.0
CUST003483,1,0,home,1048000.0
CUST003484,0,0,none,0.0
CUST003485,1,1,home,1559000.0
CUST003486,0,0,none,0.0
CUST003487,0,0,none,0.0
CUST003488,0,0,none,0.0
CUST003489,0,0,none,0.0
CUST003490,0,0,none,0.0
CUST003491,0,0,none,0.0
CUST003492,1,1,auto,988000.0
CUST003493,1,1,mortgage,2375000.0
CUST003494,0,0,none,0.0
CUST003495,0,0,none,0.0
CUST003496,0,0,none,0.0
CUST003497,1,1,home,405000.0
CUST003498,1,1,auto,2035000.0
CUST003499,1,1,mortgage,1153000.0
CUST003500,0,0,none,0.0
CUST003501,0,0,none,0.0
CUST003502,0,0,none,0.0
CUST003503,1,1,auto,461000.0
CUST003504,0,0,none,0.0
CUST003505,0,0,none,0.0
CUST003506,1,0,mortgage,2218000.0
CUST003507,0,0,none,0.0
CUST003508,0,0,none,0.0
CUST003509,0,0,none,0.0
CUST003510,0,0,none,0.0
CUST003511,1,0,home,387000.0
CUST003512,0,0,none,0.0
CUST003513,0,0,none,0.0
CUST003514,0,0,none,0.0
CUST003515,0,0,none,0.0
CUST003516,1,1,auto,851000.0
CUST003517,0,0,none,0.0
CUST003518,1,1,mortgage,432000.0
CUST003519,1,0,mortgage,719000.0
CUST003520,1,1,auto,2034000.0
CUST003521,0,0,none,0.0
CUST003522,1,1,auto,449000.0
CUST003523,1,1,auto,932000.0
CUST003524,1,1,home,1174000.0
CUST003525,1,1,mortgage,378000.0
CUST003526,0,0,none,0.0
CUST003527,1,1,personal,688000.0
CUST003528,0,0,none,0.0
CUST003529,0,0,none,0.0
CUST003530,0,0,none,0.0
CUST003531,0,0,none,0.0
CUST003532,0,0,none,0.0
CUST003533,0,0,none,0.0
CUST003534,0,0,none,0.0
CUST003535,0,0,none,0.0
CUST003536,0,0,none,0.0
CUST003537,1,1,mortgage,1339000.0
CUST003538,0,0,none,0.0
CUST003539,1,1,personal,2080000.0
CUST003540,0,0,none,0.0
CUST003541,0,0,none,0.0
CUST003542,1,0,home,707000.0
CUST003543,0,0,none,0.0
CUST003544,0,0,none,0.0
CUST003545,0,0,none,0.0
CUST003546,0,0,none,0.0
CUST003547,1,1,mortgage,594000.0
CUST003548,1,1,personal,917000.0
CUST003549,0,0,none,0.0
CUST003550,1,1,mortgage,518000.0
CUST003551,1,0,personal,838000.0
CUST003552,1,1,personal,1373000.0
CUST003553,1,1,auto,463000.0
CUST003554,1,1,personal,1907000.0
CUST003555,1,0,mortgage,635000.0
CUST003556,1,1,home,1347000.0
CUST003557,0,0,none,0.0
CUST003558,1,1,auto,1223000.0
CUST003559,0,0,none,0.0
CUST003560,1,0,home,2885000.0
CUST003561,1,1,personal,770000.0
CUST003562,1,1,mortgage,1337000.0
CUST003563,1,1,mortgage,1358000.0
CUST003564,0,0,none,0.0
CUST003565,1,1,auto,2160000.0
CUST003566,1,1,home,4111000.0
CUST003567,0,0,none,0.0
CUST003568,0,0,none,0.0
CUST003569,0,0,none,0.0
CUST003570,0,0,none,0.0
CUST003571,0,0,none,0.0
CUST003572,1,1,mortgage,442000.0
CUST003573,0,0,none,0.0
CUST003574,0,0,none,0.0
CUST003575,1,0,personal,1068000.0
CUST003576,0,0,none,0.0
CUST003577,1,1,personal,1774000.0
CUST003578,0,0,none,0.0
CUST003579,0,0,none,0.0
CUST003580,0,0,none,0.0
CUST003581,0,0,none,0.0
CUST003582,0,0,none,0.0
CUST003583,1,1,auto,626000.0
CUST003584,0,0,none,0.0
CUST003585,0,0,none,0.0
CUST003586,0,0,none,0.0
CUST003587,0,0,none,0.0
CUST003588,0,0,none,0.0
CUST003589,0,0,none,0.0
CUST003590,0,0,none,0.0
CUST003591,0,0,none,0.0
CUST003592,0,0,none,0.0
CUST003593,0,0,none,0.0
CUST003594,0,0,none,0.0
CUST003595,0,0,none,0.0
CUST003596,0,0,none,0.0
CUST003597,0,0,none,0.0
CUST003598,1,1,auto,759000.0
CUST003599,1,1,auto,1720000.0
CUST003600,0,0,none,0.0
CUST003601,0,0,none,0.0
CUST003602,1,1,auto,517000.0
CUST003603,0,0,none,0.0
CUST003604,1,1,home,1237000.0
CUST003605,0,0,none,0.0
CUST003606,0,0,none,0.0
CUST003607,0,0,none,0.0
CUST003608,0,0,none,0.0
CUST003609,1,1,mortgage,985000.0
CUST003610,0,0,none,0.0
CUST003611,1,1,personal,1052000.0
CUST003612,1,0,home,1112000.0
CUST003613,0,0,none,0.0
CUST003614,0,0,none,0.0
CUST003615,0,0,none,0.0
CUST003616,1,1,auto,494000.0
CUST003617,0,0,none,0.0
CUST003618,1,0,personal,1268000.0
CUST003619,1,1,home,515000.0
CUST003620,0,0,none,0.0
CUST003621,0,0,none,0.0
CUST003622,1,1,home,1848000.0
CUST003623,0,0,none,0.0
CUST003624,0,0,none,0.0
CUST003625,0,0,none,0.0
CUST003626,0,0,none,0.0
CUST003627,1,0,mortgage,759000.0
CUST003628,0,0,none,0.0
CUST003629,0,0,none,0.0
CUST003630,0,0,none,0.0
CUST003631,0,0,none,0.0
CUST003632,1,0,home,190000.0
CUST003633,1,0,home,838000.0
CUST003634,0,0,none,0.0
CUST003635,1,0,personal,360000.0
CUST003636,0,0,none,0.0
CUST003637,1,1,mortgage,1209000.0
CUST003638,0,0,none,0.0
CUST003639,0,0,none,0.0
CUST003640,1,1,mortgage,566000.0
CUST003641,0,0,none,0.0
CUST003642,0,0,none,0.0
CUST003643,0,0,none,0.0
CUST003644,0,0,none,0.0
CUST003645,0,0,none,0.0
CUST003646,1,0,home,562000.0
CUST003647,1,0,auto,1144000.0
CUST003648,0,0,none,0.0
CUST003649,0,0,none,0.0
CUST003650,1,0,mortgage,489000.0
CUST003651,1,1,home,3976000.0
CUST003652,1,0,home,979000.0
CUST003653,1,1,auto,867000.0
CUST003654,0,0,none,0.0
CUST003655,0,0,none,0.0
CUST003656,1,1,mortgage,942000.0
CUST003657,1,0,personal,1492000.0
CUST003658,0,0,none,0.0
CUST003659,1,1,personal,1178000.0
CUST003660,1,1,mortgage,1603000.0
CUST003661,0,0,none,0.0
CUST003662,0,0,none,0.0
CUST003663,1,1,home,1389000.0
CUST003664,1,1,personal,666000.0
CUST003665,0,0,none,0.0
CUST003666,1,0,home,1302000.0
CUST003667,1,1,mortgage,517000.0
CUST003668,0,0,none,0.0
CUST003669,0,0,none,0.0
CUST003670,1,1,home,1441000.0
CUST003671,1,0,personal,911000.0
CUST003672,0,0,none,0.0
CUST003673,0,0,none,0.0
CUST003674,0,0,none,0.0
CUST003675,0,0,none,0.0
CUST003676,1,1,auto,2070000.0
CUST003677,0,0,none,0.0
CUST003678,0,0,none,0.0
CUST003679,1,1,mortgage,864000.0
CUST003680,0,0,none,0.0
CUST003681,0,0,none,0.0
CUST003682,1,1,home,1020000.0
CUST003683,0,0,none,0.0
CUST003684,1,0,personal,589000.0
CUST003685,0,0,none,0.0
CUST003686,1,1,auto,643000.0
CUST003687,1,1,home,1036000.0
CUST003688,0,0,none,0.0
CUST003689,0,0,none,0.0
CUST003690,1,0,mortgage,509000.0
CUST003691,1,0,home,1192000.0
CUST003692,1,1,auto,1447000.0
CUST003693,1,0,home,1154000.0
CUST003694,0,0,none,0.0
CUST003695,0,0,none,0.0
CUST003696,1,1,mortgage,803000.0
CUST003697,1,1,home,663000.0
CUST003698,0,0,none,0.0
CUST003699,1,1,home,421000.0
CUST003700,0,0,none,0.0
CUST003701,0,0,none,0.0
CUST003702,0,0,none,0.0
CUST003703,0,0,none,0.0
CUST003704,1,0,mortgage,1990000.0
CUST003705,0,0,none,0.0
CUST003706,0,0,none,0.0
CUST003707,1,0,personal,927000.0
CUST003708,0,0,none,0.0
CUST003709,0,0,none,0.0
CUST003710,0,0,none,0.0
CUST003711,1,0,mortgage,1414000.0
CUST003712,0,0,none,0.0
CUST003713,0,0,none,0.0
CUST003714,0,0,none,0.0
CUST003715,1,1,home,823000.0
CUST003716,1,1,auto,381000.0
CUST003717,0,0,none,0.0
CUST003718,0,0,none,0.0
CUST003719,0,0,none,0.0
CUST003720,1,1,personal,1578000.0
CUST003721,1,1,personal,449000.0
CUST003722,0,0,none,0.0
CUST003723,1,0,auto,1379000.0
CUST003724,0,0,none,0.0
CUST003725,0,0,none,0.0
CUST003726,1,1,auto,1166000.0
CUST003727,0,0,none,0.0
CUST003728,0,0,none,0.0
CUST003729,0,0,none,0.0
CUST003730,1,0,mortgage,631000.0
CUST003731,1,1,mortgage,468000.0
CUST003732,1,1,home,706000.0
CUST003733,1,0,personal,955000.0
CUST003734,0,0,none,0.0
CUST003735,1,1,mortgage,670000.0
CUST003736,0,0,none,0.0
CUST003737,0,0,none,0.0
CUST003738,1,0,personal,544000.0
CUST003739,0,0,none,0.0
CUST003740,0,0,none,0.0
CUST003741,0,0,none,0.0
CUST003742,0,0,none,0.0
CUST003743,1,1,home,2001000.0
CUST003744,0,0,none,0.0
CUST003745,1,1,auto,1468000.0
CUST003746,1,1,home,1156000.0
CUST003747,0,0,none,0.0
CUST003748,0,0,none,0.0
CUST003749,1,0,personal,1038000.0
CUST003750,1,1,home,2329000.0
CUST003751,0,0,none,0.0
CUST003752,0,0,none,0.0
CUST003753,0,0,none,0.0
CUST003754,0,0,none,0.0
CUST003755,0,0,none,0.0
CUST003756,0,0,none,0.0
CUST003757,0,0,none,0.0
CUST003758,1,0,personal,967000.0
CUST003759,0,0,none,0.0
CUST003760,0,0,none,0.0
CUST003761,0,0,none,0.0
CUST003762,0,0,none,0.0
CUST003763,0,0,none,0.0
CUST003764,1,1,auto,954000.0
CUST003765,0,0,none,0.0
CUST003766,1,0,auto,841000.0
CUST003767,1,1,personal,745000.0
CUST003768,0,0,none,0.0
CUST003769,0,0,none,0.0
CUST003770,1,0,home,1077000.0
CUST003771,1,0,auto,451000.0
CUST003772,0,0,none,0.0
CUST003773,1,1,mortgage,269000.0
CUST003774,1,0,personal,1114000.0
CUST003775,0,0,none,0.0
CUST003776,1,0,home,993000.0
CUST003777,0,0,none,0.0
CUST003778,0,0,none,0.0
CUST003779,1,0,personal,313000.0
CUST003780,1,1,home,605000.0
CUST003781,0,0,none,0.0
CUST003782,0,0,none,0.0
CUST003783,1,0,home,1006000.0
CUST003784,1,1,auto,1256000.0
CUST003785,0,0,none,0.0
CUST003786,0,0,none,0.0
CUST003787,1,1,mortgage,1838000.0
CUST003788,0,0,none,0.0
CUST003789,0,0,none,0.0
CUST003790,0,0,none,0.0
CUST003791,0,0,none,0.0
CUST003792,0,0,none,0.0
CUST003793,0,0,none,0.0
CUST003794,1,1,personal,668000.0
CUST003795,0,0,none,0.0
CUST003796,0,0,none,0.0
CUST003797,1,1,mortgage,759000.0
CUST003798,1,1,auto,3824000.0
CUST003799,0,0,none,0.0
CUST003800,1,1,mortgage,339000.0
CUST003801,1,1,mortgage,217000.0
CUST003802,0,0,none,0.0
CUST003803,0,0,none,0.0
CUST003804,1,1,mortgage,2213000.0
CUST003805,1,1,auto,950000.0
CUST003806,0,0,none,0.0
CUST003807,0,0,none,0.0
CUST003808,0,0,none,0.0
CUST003809,1,1,mortgage,480000.0
CUST003810,0,0,none,0.0
CUST003811,0,0,none,0.0
CUST003812,0,0,none,0.0
CUST003813,0,0,none,0.0
CUST003814,1,1,mortgage,263000.0
CUST003815,0,0,none,0.0
CUST003816,0,0,none,0.0
CUST003817,1,1,mortgage,1332000.0
CUST003818,1,1,auto,696000.0
CUST003819,1,0,auto,364000.0
CUST003820,1,1,mortgage,386000.0
CUST003821,0,0,none,0.0
CUST003822,0,0,none,0.0
CUST003823,1,0,auto,436000.0
CUST003824,0,0,none,0.0
CUST003825,0,0,none,0.0
CUST003826,1,1,personal,332000.0
CUST003827,1,0,mortgage,932000.0
CUST003828,1,1,auto,784000.0
CUST003829,1,1,home,1173000.0
CUST003830,1,1,personal,976000.0
CUST003831,1,0,home,495000.0
CUST003832,1,1,home,929000.0
CUST003833,0,0,none,0.0
CUST003834,1,1,home,698000.0
CUST003835,0,0,none,0.0
CUST003836,0,0,none,0.0
CUST003837,0,0,none,0.0
CUST003838,0,0,none,0.0
CUST003839,0,0,none,0.0
CUST003840,1,1,home,967000.0
CUST003841,0,0,none,0.0
CUST003842,0,0,none,0.0
CUST003843,1,1,home,1390000.0
CUST003844,0,0,none,0.0
CUST003845,0,0,none,0.0
CUST003846,0,0,none,0.0
CUST003847,0,0,none,0.0
CUST003848,0,0,none,0.0
CUST003849,1,1,auto,321000.0
CUST003850,1,1,mortgage,192000.0
CUST003851,0,0,none,0.0
CUST003852,0,0,none,0.0
CUST003853,0,0,none,0.0
CUST003854,0,0,none,0.0
CUST003855,1,1,home,1050000.0
CUST003856,1,1,mortgage,1638000.0
CUST003857,0,0,none,0.0
CUST003858,0,0,none,0.0
CUST003859,0,0,none,0.0
CUST003860,0,0,none,0.0
CUST003861,1,1,mortgage,2320000.0
CUST003862,0,0,none,0.0
CUST003863,1,1,mortgage,1383000.0
CUST003864,1,1,auto,550000.0
CUST003865,0,0,none,0.0
CUST003866,0,0,none,0.0
CUST003867,0,0,none,0.0
CUST003868,1,0,mortgage,811000.0
CUST003869,0,0,none,0.0
CUST003870,0,0,none,0.0
CUST003871,0,0,none,0.0
CUST003872,0,0,none,0.0
CUST003873,1,1,home,520000.0
CUST003874,1,1,personal,1077000.0
CUST003875,1,1,mortgage,2807000.0
CUST003876,1,0,mortgage,854000.0
CUST003877,0,0,none,0.0
CUST003878,0,0,none,0.0
CUST003879,0,0,none,0.0
CUST003880,0,0,none,0.0
CUST003881,1,1,mortgage,2150000.0
CUST003882,1,1,auto,1635000.0
CUST003883,1,1,auto,1137000.0
CUST003884,0,0,none,0.0
CUST003885,0,0,none,0.0
CUST003886,0,0,none,0.0
CUST003887,0,0,none,0.0
CUST003888,0,0,none,0.0
CUST003889,1,1,auto,1096000.0
CUST003890,0,0,none,0.0
CUST003891,1,1,mortgage,711000.0
CUST003892,1,0,home,436000.0
CUST003893,1,1,auto,553000.0
CUST003894,1,1,mortgage,452000.0
CUST003895,1,1,mortgage,484000.0
CUST003896,1,0,home,820000.0
CUST003897,0,0,none,0.0
CUST003898,1,1,auto,1538000.0
CUST003899,0,0,none,0.0
CUST003900,0,0,none,0.0
CUST003901,1,0,auto,2786000.0
CUST003902,0,0,none,0.0
CUST003903,1,1,mortgage,529000.0
CUST003904,0,0,none,0.0
CUST003905,0,0,none,0.0
CUST003906,0,0,none,0.0
CUST003907,0,0,none,0.0
CUST003908,0,0,none,0.0
CUST003909,0,0,none,0.0
CUST003910,1,1,mortgage,1340000.0
CUST003911,0,0,none,0.0
CUST003912,1,1,auto,297000.0
CUST003913,0,0,none,0.0
CUST003914,1,0,mortgage,873000.0
CUST003915,0,0,none,0.0
CUST003916,1,1,home,308000.0
CUST003917,1,1,auto,3356000.0
CUST003918,0,0,none,0.0
CUST003919,0,0,none,0.0
CUST003920,0,0,none,0.0
CUST003921,0,0,none,0.0
CUST003922,1,1,mortgage,1160000.0
CUST003923,0,0,none,0.0
CUST003924,1,1,auto,2781000.0
CUST003925,0,0,none,0.0
CUST003926,1,1,home,1081000.0
CUST003927,1,1,home,550000.0
CUST003928,1,1,home,1687000.0
CUST003929,0,0,none,0.0
CUST003930,0,0,none,0.0
CUST003931,1,1,home,831000.0
CUST003932,0,0,none,0.0
CUST003933,0,0,none,0.0
CUST003934,1,1,mortgage,553000.0
CUST003935,0,0,none,0.0
CUST003936,0,0,none,0.0
CUST003937,0,0,none,0.0
CUST003938,0,0,none,0.0
CUST003939,1,1,home,1452000.0
CUST003940,1,1,home,2153000.0
CUST003941,1,1,mortgage,1933000.0
CUST003942,0,0,none,0.0
CUST003943,0,0,none,0.0
CUST003944,0,0,none,0.0
CUST003945,1,1,personal,985000.0
CUST003946,0,0,none,0.0
CUST003947,0,0,none,0.0
CUST003948,0,0,none,0.0
CUST003949,1,1,mortgage,1282000.0
CUST003950,0,0,none,0.0
CUST003951,1,1,personal,568000.0
CUST003952,0,0,none,0.0
CUST003953,0,0,none,0.0
CUST003954,0,0,none,0.0
CUST003955,1,1,personal,740000.0
CUST003956,1,0,auto,884000.0
CUST003957,1,0,auto,2635000.0
CUST003958,0,0,none,0.0
CUST003959,1,1,auto,1032000.0
CUST003960,0,0,none,0.0
CUST003961,0,0,none,0.0
CUST003962,1,1,personal,3647000.0
CUST003963,1,1,home,1109000.0
CUST003964,1,1,home,971000.0
CUST003965,0,0,none,0.0
CUST003966,0,0,none,0.0
CUST003967,0,0,none,0.0
CUST003968,1,1,personal,374000.0
CUST003969,0,0,none,0.0
CUST003970,0,0,none,0.0
CUST003971,0,0,none,0.0
CUST003972,0,0,none,0.0
CUST003973,1,0,auto,447000.0
CUST003974,0,0,none,0.0
CUST003975,1,1,home,1581000.0
CUST003976,0,0,none,0.0
CUST003977,0,0,none,0.0
CUST003978,1,1,personal,710000.0
CUST003979,1,0,home,2866000.0
CUST003980,1,1,auto,942000.0
CUST003981,0,0,none,0.0
CUST003982,0,0,none,0.0
CUST003983,0,0,none,0.0
CUST003984,1,0,home,227000.0
CUST003985,0,0,none,0.0
CUST003986,0,0,none,0.0
CUST003987,0,0,none,0.0
CUST003988,0,0,none,0.0
CUST003989,1,1,personal,401000.0
CUST003990,0,0,none,0.0
CUST003991,0,0,none,0.0
CUST003992,1,1,auto,777000.0
CUST003993,1,1,home,3447000.0
CUST003994,0,0,none,0.0
CUST003995,0,0,none,0.0
CUST003996,0,0,none,0.0
CUST003997,1,1,auto,1218000.0
CUST003998,0,0,none,0.0
CUST003999,0,0,none,0.0
CUST004000,0,0,none,0.0
CUST004001,1,1,personal,394000.0
CUST004002,0,0,none,0.0
CUST004003,0,0,none,0.0
CUST004004,1,1,auto,2244000.0
CUST004005,0,0,none,0.0
CUST004006,0,0,none,0.0
CUST004007,0,0,none,0.0
CUST004008,0,0,none,0.0
CUST004009,0,0,none,0.0
CUST004010,0,0,none,0.0
CUST004011,0,0,none,0.0
CUST004012,0,0,none,0.0
CUST004013,0,0,none,0.0
CUST004014,1,1,personal,1397000.0
CUST004015,0,0,none,0.0
CUST004016,1,1,mortgage,2113000.0
CUST004017,1,1,mortgage,818000.0
CUST004018,0,0,none,0.0
CUST004019,0,0,none,0.0
CUST004020,1,1,personal,2094000.0
CUST004021,0,0,none,0.0
CUST004022,0,0,none,0.0
CUST004023,0,0,none,0.0
CUST004024,0,0,none,0.0
CUST004025,0,0,none,0.0
CUST004026,1,1,home,2914000.0
CUST004027,1,1,mortgage,391000.0
CUST004028,0,0,none,0.0
CUST004029,0,0,none,0.0
CUST004030,1,1,auto,1362000.0
CUST004031,0,0,none,0.0
CUST004032,1,1,home,853000.0
CUST004033,0,0,none,0.0
CUST004034,1,0,home,388000.0
CUST004035,1,1,mortgage,1335000.0
CUST004036,0,0,none,0.0
CUST004037,1,1,mortgage,265000.0
CUST004038,1,0,home,694000.0
CUST004039,1,1,mortgage,1027000.0
CUST004040,0,0,none,0.0
CUST004041,1,1,home,1308000.0
CUST004042,1,1,personal,1832000.0
CUST004043,1,1,mortgage,1003000.0
CUST004044,0,0,none,0.0
CUST004045,1,1,auto,1394000.0
CUST004046,0,0,none,0.0
CUST004047,1,1,mortgage,879000.0
CUST004048,1,1,home,606000.0
CUST004049,1,1,auto,1596000.0
CUST004050,1,1,mortgage,370000.0
CUST004051,1,1,auto,583000.0
CUST004052,0,0,none,0.0
CUST004053,0,0,none,0.0
CUST004054,0,0,none,0.0
CUST004055,1,1,personal,228000.0
CUST004056,0,0,none,0.0
CUST004057,1,1,home,422000.0
CUST004058,1,1,home,2067000.0
CUST004059,1,1,auto,661000.0
CUST004060,1,1,home,3742000.0
CUST004061,1,1,auto,460000.0
CUST004062,1,1,auto,869000.0
CUST004063,0,0,none,0.0
CUST004064,0,0,none,0.0
CUST004065,0,0,none,0.0
CUST004066,1,1,auto,2835000.0
CUST004067,0,0,none,0.0
CUST004068,1,0,personal,660000.0
CUST004069,0,0,none,0.0
CUST004070,0,0,none,0.0
CUST004071,0,0,none,0.0
CUST004072,1,1,personal,335000.0
CUST004073,0,0,none,0.0
CUST004074,0,0,none,0.0
CUST004075,1,1,mortgage,1050000.0
CUST004076,0,0,none,0.0
CUST004077,0,0,none,0.0
CUST004078,0,0,none,0.0
CUST004079,0,0,none,0.0
CUST004080,1,1,mortgage,1350000.0
CUST004081,1,1,home,259000.0
CUST004082,1,1,personal,1603000.0
CUST004083,0,0,none,0.0
CUST004084,0,0,none,0.0
CUST004085,1,1,mortgage,622000.0
CUST004086,0,0,none,0.0
CUST004087,1,1,home,590000.0
CUST004088,0,0,none,0.0
CUST004089,0,0,none,0.0
CUST004090,0,0,none,0.0
CUST004091,0,0,none,0.0
CUST004092,0,0,none,0.0
CUST004093,1,1,personal,2061000.0
CUST004094,1,1,home,926000.0
CUST004095,0,0,none,0.0
CUST004096,0,0,none,0.0
CUST004097,1,0,home,1879000.0
CUST004098,0,0,none,0.0
CUST004099,1,0,personal,987000.0
CUST004100,1,1,auto,1237000.0
CUST004101,1,1,mortgage,559000.0
CUST004102,1,1,auto,1324000.0
CUST004103,0,0,none,0.0
CUST004104,0,0,none,0.0
CUST004105,0,0,none,0.0
CUST004106,1,1,mortgage,764000.0
CUST004107,0,0,none,0.0
CUST004108,0,0,none,0.0
CUST004109,1,0,auto,584000.0
CUST004110,0,0,none,0.0
CUST004111,0,0,none,0.0
CUST004112,1,1,mortgage,697000.0
CUST004113,1,0,home,1725000.0
CUST004114,0,0,none,0.0
CUST004115,1,0,personal,1149000.0
CUST004116,0,0,none,0.0
CUST004117,0,0,none,0.0
CUST004118,1,1,personal,795000.0
CUST004119,1,0,personal,1157000.0
CUST004120,0,0,none,0.0
CUST004121,1,1,home,2433000.0
CUST004122,1,1,mortgage,690000.0
CUST004123,0,0,none,0.0
CUST004124,0,0,none,0.0
CUST004125,1,1,auto,663000.0
CUST004126,0,0,none,0.0
CUST004127,0,0,none,0.0
CUST004128,1,1,personal,2531000.0
CUST004129,0,0,none,0.0
CUST004130,0,0,none,0.0
CUST004131,1,1,mortgage,960000.0
CUST004132,0,0,none,0.0
CUST004133,0,0,none,0.0
CUST004134,0,0,none,0.0
CUST004135,0,0,none,0.0
CUST004136,0,0,none,0.0
CUST004137,1,1,mortgage,1121000.0
CUST004138,0,0,none,0.0
CUST004139,0,0,none,0.0
CUST004140,0,0,none,0.0
CUST004141,0,0,none,0.0
CUST004142,0,0,none,0.0
CUST004143,0,0,none,0.0
CUST004144,0,0,none,0.0
CUST004145,1,0,home,1489000.0
CUST004146,0,0,none,0.0
CUST004147,0,0,none,0.0
CUST004148,0,0,none,0.0
CUST004149,1,0,home,617000.0
CUST004150,1,1,mortgage,716000.0
CUST004151,1,0,auto,650000.0
CUST004152,1,1,auto,1156000.0
CUST004153,0,0,none,0.0
CUST004154,0,0,none,0.0
CUST004155,1,1,mortgage,1032000.0
CUST004156,0,0,none,0.0
CUST004157,1,1,personal,1264000.0
CUST004158,1,1,mortgage,569000.0
CUST004159,1,1,mortgage,1268000.0
CUST004160,1,1,mortgage,626000.0
CUST004161,0,0,none,0.0
CUST004162,1,1,home,509000.0
CUST004163,0,0,none,0.0
CUST004164,0,0,none,0.0
CUST004165,1,1,auto,963000.0
CUST004166,0,0,none,0.0
CUST004167,1,1,personal,1038000.0
CUST004168,0,0,none,0.0
CUST004169,1,1,personal,345000.0
CUST004170,0,0,none,0.0
CUST004171,0,0,none,0.0
CUST004172,0,0,none,0.0
CUST004173,0,0,none,0.0
CUST004174,1,0,mortgage,469000.0
CUST004175,1,1,home,1237000.0
CUST004176,0,0,none,0.0
CUST004177,0,0,none,0.0
CUST004178,0,0,none,0.0
CUST004179,1,0,home,2411000.0
CUST004180,0,0,none,0.0
CUST004181,1,1,home,1704000.0
CUST004182,1,1,mortgage,439000.0
CUST004183,1,1,home,1261000.0
CUST004184,1,1,mortgage,302000.0
CUST004185,1,1,mortgage,238000.0
CUST004186,0,0,none,0.0
CUST004187,1,1,auto,1099000.0
CUST004188,1,0,auto,552000.0
CUST004189,0,0,none,0.0
CUST004190,1,1,personal,1297000.0
CUST004191,0,0,none,0.0
CUST004192,0,0,none,0.0
CUST004193,1,1,personal,679000.0
CUST004194,1,1,personal,1041000.0
CUST004195,0,0,none,0.0
CUST004196,1,1,mortgage,707000.0
CUST004197,0,0,none,0.0
CUST004198,0,0,none,0.0
CUST004199,1,1,auto,2294000.0
CUST004200,0,0,none,0.0
CUST004201,0,0,none,0.0
CUST004202,0,0,none,0.0
CUST004203,0,0,none,0.0
CUST004204,0,0,none,0.0
CUST004205,0,0,none,0.0
CUST004206,1,1,personal,781000.0
CUST004207,1,1,auto,540000.0
CUST004208,1,1,personal,827000.0
CUST004209,1,1,home,577000.0
CUST004210,0,0,none,0.0
CUST004211,0,0,none,0.0
CUST004212,1,1,mortgage,2168000.0
CUST004213,0,0,none,0.0
CUST004214,1,1,mortgage,817000.0
CUST004215,1,0,mortgage,2031000.0
CUST004216,1,1,mortgage,1061000.0
CUST004217,1,1,personal,290000.0
CUST004218,0,0,none,0.0
CUST004219,0,0,none,0.0
CUST004220,0,0,none,0.0
CUST004221,0,0,none,0.0
CUST004222,1,0,auto,1233000.0
CUST004223,0,0,none,0.0
CUST004224,1,0,personal,1591000.0
CUST004225,1,1,home,990000.0
CUST004226,0,0,none,0.0
CUST004227,1,0,mortgage,548000.0
CUST004228,1,1,personal,786000.0
CUST004229,0,0,none,0.0
CUST004230,1,1,home,1139000.0
CUST004231,1,1,mortgage,664000.0
CUST004232,0,0,none,0.0
CUST004233,0,0,none,0.0
CUST004234,1,1,mortgage,1860000.0
CUST004235,0,0,none,0.0
CUST004236,0,0,none,0.0
CUST004237,1,0,auto,413000.0
CUST004238,0,0,none,0.0
CUST004239,0,0,none,0.0
CUST004240,0,0,none,0.0
CUST004241,0,0,none,0.0
CUST004242,0,0,none,0.0
CUST004243,0,0,none,0.0
CUST004244,0,0,none,0.0
CUST004245,1,0,auto,341000.0
CUST004246,0,0,none,0.0
CUST004247,1,1,personal,284000.0
CUST004248,0,0,none,0.0
CUST004249,0,0,none,0.0
CUST004250,1,1,auto,602000.0
CUST004251,0,0,none,0.0
CUST004252,0,0,none,0.0
CUST004253,0,0,none,0.0
CUST004254,0,0,none,0.0
CUST004255,0,0,none,0.0
CUST004256,1,1,mortgage,3219000.0
CUST004257,0,0,none,0.0
CUST004258,0,0,none,0.0
CUST004259,0,0,none,0.0
CUST004260,1,1,mortgage,2000000.0
CUST004261,0,0,none,0.0
CUST004262,0,0,none,0.0
CUST004263,1,1,home,480000.0
CUST004264,1,1,mortgage,1514000.0
CUST004265,0,0,none,0.0
CUST004266,1,1,mortgage,980000.0
CUST004267,1,0,auto,860000.0
CUST004268,0,0,none,0.0
CUST004269,0,0,none,0.0
CUST004270,1,1,auto,739000.0
CUST004271,0,0,none,0.0
CUST004272,0,0,none,0.0
CUST004273,1,1,auto,178000.0
CUST004274,0,0,none,0.0
CUST004275,1,0,home,1802000.0
CUST004276,1,1,personal,2393000.0
CUST004277,1,0,auto,753000.0
CUST004278,0,0,none,0.0
CUST004279,0,0,none,0.0
CUST004280,0,0,none,0.0
CUST004281,1,0,home,2553000.0
CUST004282,0,0,none,0.0
CUST004283,1,1,home,595000.0
CUST004284,1,1,mortgage,957000.0
CUST004285,0,0,none,0.0
CUST004286,1,1,auto,1802000.0
CUST004287,0,0,none,0.0
CUST004288,1,1,auto,3246000.0
CUST004289,1,0,personal,1208000.0
CUST004290,0,0,none,0.0
CUST004291,1,1,auto,221000.0
CUST004292,0,0,none,0.0
CUST004293,0,0,none,0.0
CUST004294,0,0,none,0.0
CUST004295,0,0,none,0.0
CUST004296,0,0,none,0.0
CUST004297,0,0,none,0.0
CUST004298,0,0,none,0.0
CUST004299,0,0,none,0.0
CUST004300,1,0,auto,1712000.0
CUST004301,0,0,none,0.0
CUST004302,1,1,mortgage,1607000.0
CUST004303,0,0,none,0.0
CUST004304,1,1,home,1613000.0
CUST004305,1,1,personal,1107000.0
CUST004306,0,0,none,0.0
CUST004307,0,0,none,0.0
CUST004308,0,0,none,0.0
CUST004309,0,0,none,0.0
CUST004310,1,1,personal,463000.0
CUST004311,0,0,none,0.0
CUST004312,0,0,none,0.0
CUST004313,0,0,none,0.0
CUST004314,0,0,none,0.0
CUST004315,1,1,personal,984000.0
CUST004316,0,0,none,0.0
CUST004317,1,1,mortgage,681000.0
CUST004318,0,0,none,0.0
CUST004319,1,1,home,789000.0
CUST004320,0,0,none,0.0
CUST004321,0,0,none,0.0
CUST004322,0,0,none,0.0
CUST004323,0,0,none,0.0
CUST004324,1,1,auto,251000.0
CUST004325,1,0,mortgage,855000.0
CUST004326,0,0,none,0.0
CUST004327,0,0,none,0.0
CUST004328,1,1,personal,2290000.0
CUST004329,0,0,none,0.0
CUST004330,1,1,mortgage,903000.0
CUST004331,0,0,none,0.0
CUST004332,0,0,none,0.0
CUST004333,0,0,none,0.0
CUST004334,0,0,none,0.0
CUST004335,0,0,none,0.0
CUST004336,0,0,none,0.0
CUST004337,0,0,none,0.0
CUST004338,0,0,none,0.0
CUST004339,0,0,none,0.0
CUST004340,0,0,none,0.0
CUST004341,0,0,none,0.0
CUST004342,0,0,none,0.0
CUST004343,0,0,none,0.0
CUST004344,0,0,none,0.0
CUST004345,0,0,none,0.0
CUST004346,1,1,auto,3151000.0
CUST004347,0,0,none,0.0
CUST004348,1,1,personal,1950000.0
CUST004349,0,0,none,0.0
CUST004350,1,1,mortgage,1717000.0
CUST004351,1,1,personal,1195000.0
CUST004352,1,1,auto,1384000.0
CUST004353,0,0,none,0.0
CUST004354,0,0,none,0.0
CUST004355,0,0,none,0.0
CUST004356,0,0,none,0.0
CUST004357,1,1,mortgage,631000.0
CUST004358,0,0,none,0.0
CUST004359,0,0,none,0.0
CUST004360,0,0,none,0.0
CUST004361,1,0,home,1271000.0
CUST004362,1,0,mortgage,452000.0
CUST004363,0,0,none,0.0
CUST004364,1,1,auto,458000.0
CUST004365,1,1,mortgage,421000.0
CUST004366,1,1,home,4021000.0
CUST004367,0,0,none,0.0
CUST004368,1,1,personal,1225000.0
CUST004369,1,0,auto,1680000.0
CUST004370,1,1,personal,805000.0
CUST004371,0,0,none,0.0
CUST004372,1,1,mortgage,385000.0
CUST004373,0,0,none,0.0
CUST004374,0,0,none,0.0
CUST004375,1,1,home,564000.0
CUST004376,1,1,personal,1085000.0
CUST004377,0,0,none,0.0
CUST004378,1,1,auto,415000.0
CUST004379,0,0,none,0.0
CUST004380,0,0,none,0.0
CUST004381,0,0,none,0.0
CUST004382,1,1,home,910000.0
CUST004383,0,0,none,0.0
CUST004384,0,0,none,0.0
CUST004385,0,0,none,0.0
CUST004386,0,0,none,0.0
CUST004387,0,0,none,0.0
CUST004388,0,0,none,0.0
CUST004389,0,0,none,0.0
CUST004390,1,1,personal,646000.0
CUST004391,1,1,personal,414000.0
CUST004392,1,1,home,1458000.0
CUST004393,0,0,none,0.0
CUST004394,1,0,auto,918000.0
CUST004395,1,1,mortgage,549000.0
CUST004396,0,0,none,0.0
CUST004397,0,0,none,0.0
CUST004398,0,0,none,0.0
CUST004399,1,1,personal,1056000.0
CUST004400,0,0,none,0.0
CUST004401,0,0,none,0.0
CUST004402,0,0,none,0.0
CUST004403,0,0,none,0.0
CUST004404,0,0,none,0.0
CUST004405,1,1,mortgage,525000.0
CUST004406,1,1,personal,897000.0
CUST004407,0,0,none,0.0
CUST004408,1,0,personal,1175000.0
CUST004409,0,0,none,0.0
CUST004410,0,0,none,0.0
CUST004411,0,0,none,0.0
CUST004412,0,0,none,0.0
CUST004413,1,1,home,936000.0
CUST004414,1,0,auto,519000.0
CUST004415,1,1,home,1704000.0
CUST004416,0,0,none,0.0
CUST004417,0,0,none,0.0
CUST004418,0,0,none,0.0
CUST004419,0,0,none,0.0
CUST004420,0,0,none,0.0
CUST004421,0,0,none,0.0
CUST004422,0,0,none,0.0
CUST004423,1,1,auto,616000.0
CUST004424,0,0,none,0.0
CUST004425,1,1,auto,540000.0
CUST004426,0,0,none,0.0
CUST004427,0,0,none,0.0
CUST004428,1,1,personal,1280000.0
CUST004429,1,1,auto,1138000.0
CUST004430,1,1,home,1013000.0
CUST004431,0,0,none,0.0
CUST004432,1,1,home,1251000.0
CUST004433,0,0,none,0.0
CUST004434,0,0,none,0.0
CUST004435,0,0,none,0.0
CUST004436,1,1,auto,595000.0
CUST004437,0,0,none,0.0
CUST004438,0,0,none,0.0
CUST004439,1,1,mortgage,1480000.0
CUST004440,0,0,none,0.0
CUST004441,1,0,home,795000.0
CUST004442,1,1,mortgage,453000.0
CUST004443,1,1,home,1080000.0
CUST004444,0,0,none,0.0
CUST004445,0,0,none,0.0
CUST004446,1,0,personal,746000.0
CUST004447,0,0,none,0.0
CUST004448,0,0,none,0.0
CUST004449,0,0,none,0.0
CUST004450,0,0,none,0.0
CUST004451,0,0,none,0.0
CUST004452,1,1,mortgage,780000.0
CUST004453,1,0,mortgage,2628000.0
CUST004454,1,0,mortgage,851000.0
CUST004455,1,0,auto,973000.0
CUST004456,0,0,none,0.0
CUST004457,0,0,none,0.0
CUST004458,1,1,auto,2605000.0
CUST004459,0,0,none,0.0
CUST004460,1,1,auto,503000.0
CUST004461,1,1,home,2023000.0
CUST004462,0,0,none,0.0
CUST004463,1,1,mortgage,500000.0
CUST004464,0,0,none,0.0
CUST004465,1,1,auto,1288000.0
CUST004466,1,1,personal,351000.0
CUST004467,1,1,personal,1236000.0
CUST004468,0,0,none,0.0
CUST004469,1,1,mortgage,557000.0
CUST004470,1,0,mortgage,825000.0
CUST004471,0,0,none,0.0
CUST004472,0,0,none,0.0
CUST004473,0,0,none,0.0
CUST004474,1,1,home,2019000.0
CUST004475,0,0,none,0.0
CUST004476,0,0,none,0.0
CUST004477,0,0,none,0.0
CUST004478,0,0,none,0.0
CUST004479,0,0,none,0.0
CUST004480,0,0,none,0.0
CUST004481,0,0,none,0.0
CUST004482,0,0,none,0.0
CUST004483,0,0,none,0.0
CUST004484,1,1,auto,1533000.0
CUST004485,1,0,home,1136000.0
CUST004486,0,0,none,0.0
CUST004487,1,1,auto,892000.0
CUST004488,0,0,none,0.0
CUST004489,0,0,none,0.0
CUST004490,0,0,none,0.0
CUST004491,0,0,none,0.0
CUST004492,0,0,none,0.0
CUST004493,1,1,mortgage,362000.0
CUST004494,0,0,none,0.0
CUST004495,0,0,none,0.0
CUST004496,1,1,home,724000.0
CUST004497,1,1,auto,1035000.0
CUST004498,0,0,none,0.0
CUST004499,1,1,mortgage,1182000.0
CUST004500,0,0,none,0.0
CUST004501,0,0,none,0.0
CUST004502,0,0,none,0.0
CUST004503,0,0,none,0.0
CUST004504,1,1,home,745000.0
CUST004505,1,1,home,2270000.0
CUST004506,0,0,none,0.0
CUST004507,0,0,none,0.0
CUST004508,0,0,none,0.0
CUST004509,0,0,none,0.0
CUST004510,1,1,personal,1141000.0
CUST004511,0,0,none,0.0
CUST004512,0,0,none,0.0
CUST004513,0,0,none,0.0
CUST004514,0,0,none,0.0
CUST004515,1,1,mortgage,1348000.0
CUST004516,1,1,mortgage,1271000.0
CUST004517,0,0,none,0.0
CUST004518,0,0,none,0.0
CUST004519,0,0,none,0.0
CUST004520,0,0,none,0.0
CUST004521,0,0,none,0.0
CUST004522,0,0,none,0.0
CUST004523,0,0,none,0.0
CUST004524,0,0,none,0.0
CUST004525,0,0,none,0.0
CUST004526,0,0,none,0.0
CUST004527,0,0,none,0.0
CUST004528,0,0,none,0.0
CUST004529,0,0,none,0.0
CUST004530,0,0,none,0.0
CUST004531,0,0,none,0.0
CUST004532,0,0,none,0.0
CUST004533,0,0,none,0.0
CUST004534,1,1,home,1631000.0
CUST004535,0,0,none,0.0
CUST004536,0,0,none,0.0
CUST004537,0,0,none,0.0
CUST004538,1,1,mortgage,1795000.0
CUST004539,0,0,none,0.0
CUST004540,1,1,auto,1306000.0
CUST004541,1,0,personal,690000.0
CUST004542,1,1,home,255000.0
CUST004543,0,0,none,0.0
CUST004544,1,1,auto,1196000.0
CUST004545,0,0,none,0.0
CUST004546,1,0,personal,723000.0
CUST004547,1,1,auto,370000.0
CUST004548,1,0,home,1338000.0
CUST004549,0,0,none,0.0
CUST004550,0,0,none,0.0
CUST004551,0,0,none,0.0
CUST004552,0,0,none,0.0
CUST004553,0,0,none,0.0
CUST004554,0,0,none,0.0
CUST004555,1,1,home,4529000.0
CUST004556,1,1,mortgage,907000.0
CUST004557,1,1,personal,2225000.0
CUST004558,1,1,home,1647000.0
CUST004559,0,0,none,0.0
CUST004560,0,0,none,0.0
CUST004561,0,0,none,0.0
CUST004562,0,0,none,0.0
CUST004563,0,0,none,0.0
CUST004564,0,0,none,0.0
CUST004565,1,1,home,977000.0
CUST004566,0,0,none,0.0
CUST004567,0,0,none,0.0
CUST004568,0,0,none,0.0
CUST004569,1,1,mortgage,1132000.0
CUST004570,0,0,none,0.0
CUST004571,0,0,none,0.0
CUST004572,1,0,auto,387000.0
CUST004573,0,0,none,0.0
CUST004574,0,0,none,0.0
CUST004575,0,0,none,0.0
CUST004576,0,0,none,0.0
CUST004577,1,1,personal,252000.0
CUST004578,0,0,none,0.0
CUST004579,0,0,none,0.0
CUST004580,1,1,personal,581000.0
CUST004581,1,0,mortgage,1766000.0
CUST004582,0,0,none,0.0
CUST004583,0,0,none,0.0
CUST004584,1,1,personal,1059000.0
CUST004585,0,0,none,0.0
CUST004586,0,0,none,0.0
CUST004587,1,1,home,2755000.0
CUST004588,0,0,none,0.0
CUST004589,0,0,none,0.0
CUST004590,1,1,mortgage,3076000.0
CUST004591,0,0,none,0.0
CUST004592,0,0,none,0.0
CUST004593,1,1,auto,524000.0
CUST004594,0,0,none,0.0
CUST004595,0,0,none,0.0
CUST004596,1,1,auto,1326000.0
CUST004597,0,0,none,0.0
CUST004598,1,1,personal,1164000.0
CUST004599,0,0,none,0.0
CUST004600,1,1,home,877000.0
CUST004601,0,0,none,0.0
CUST004602,1,1,personal,343000.0
CUST004603,0,0,none,0.0
CUST004604,1,0,home,3586000.0
CUST004605,0,0,none,0.0
CUST004606,1,1,personal,1175000.0
CUST004607,1,1,personal,2631000.0
CUST004608,1,1,personal,1031000.0
CUST004609,1,1,home,749000.0
CUST004610,1,1,mortgage,540000.0
CUST004611,1,1,home,1152000.0
CUST004612,0,0,none,0.0
CUST004613,1,1,personal,1306000.0
CUST004614,1,1,personal,461000.0
CUST004615,0,0,none,0.0
CUST004616,1,0,home,1821000.0
CUST004617,0,0,none,0.0
CUST004618,0,0,none,0.0
CUST004619,0,0,none,0.0
CUST004620,0,0,none,0.0
CUST004621,1,0,home,938000.0
CUST004622,1,1,home,1638000.0
CUST004623,0,0,none,0.0
CUST004624,0,0,none,0.0
CUST004625,0,0,none,0.0
CUST004626,1,1,personal,926000.0
CUST004627,0,0,none,0.0
CUST004628,0,0,none,0.0
CUST004629,0,0,none,0.0
CUST004630,1,1,mortgage,852000.0
CUST004631,1,0,personal,1657000.0
CUST004632,0,0,none,0.0
CUST004633,1,1,auto,513000.0
CUST004634,1,1,personal,877000.0
CUST004635,0,0,none,0.0
CUST004636,1,0,mortgage,1489000.0
CUST004637,0,0,none,0.0
CUST004638,1,1,home,1082000.0
CUST004639,0,0,none,0.0
CUST004640,1,1,personal,2385000.0
CUST004641,1,0,auto,838000.0
CUST004642,1,1,mortgage,2095000.0
CUST004643,0,0,none,0.0
CUST004644,0,0,none,0.0
CUST004645,0,0,none,0.0
CUST004646,0,0,none,0.0
CUST004647,0,0,none,0.0
CUST004648,1,1,home,1010000.0
CUST004649,0,0,none,0.0
CUST004650,0,0,none,0.0
CUST004651,0,0,none,0.0
CUST004652,1,1,personal,936000.0
CUST004653,0,0,none,0.0
CUST004654,1,1,personal,824000.0
CUST004655,0,0,none,0.0
CUST004656,0,0,none,0.0
CUST004657,0,0,none,0.0
CUST004658,0,0,none,0.0
CUST004659,0,0,none,0.0
CUST004660,0,0,none,0.0
CUST004661,0,0,none,0.0
CUST004662,1,1,auto,905000.0
CUST004663,0,0,none,0.0
CUST004664,0,0,none,0.0
CUST004665,0,0,none,0.0
CUST004666,0,0,none,0.0
CUST004667,0,0,none,0.0
CUST004668,1,1,auto,694000.0
CUST004669,0,0,none,0.0
CUST004670,1,0,personal,282000.0
CUST004671,0,0,none,0.0
CUST004672,0,0,none,0.0
CUST004673,0,0,none,0.0
CUST004674,0,0,none,0.0
CUST004675,0,0,none,0.0
CUST004676,0,0,none,0.0
CUST004677,1,0,mortgage,2036000.0
CUST004678,0,0,none,0.0
CUST004679,1,1,mortgage,627000.0
CUST004680,0,0,none,0.0
CUST004681,0,0,none,0.0
CUST004682,1,1,home,291000.0
CUST004683,0,0,none,0.0
CUST004684,0,0,none,0.0
CUST004685,0,0,none,0.0
CUST004686,1,1,personal,1167000.0
CUST004687,1,1,auto,780000.0
CUST004688,1,1,home,1389000.0
CUST004689,1,1,auto,1012000.0
CUST004690,1,1,home,568000.0
CUST004691,0,0,none,0.0
CUST004692,1,0,auto,742000.0
CUST004693,1,1,mortgage,1088000.0
CUST004694,1,1,mortgage,1215000.0
CUST004695,0,0,none,0.0
CUST004696,0,0,none,0.0
CUST004697,0,0,none,0.0
CUST004698,1,1,auto,1293000.0
CUST004699,0,0,none,0.0
CUST004700,0,0,none,0.0
CUST004701,0,0,none,0.0
CUST004702,1,1,mortgage,1045000.0
CUST004703,0,0,none,0.0
CUST004704,0,0,none,0.0
CUST004705,0,0,none,0.0
CUST004706,1,1,auto,673000.0
CUST004707,0,0,none,0.0
CUST004708,1,1,auto,779000.0
CUST004709,1,1,mortgage,256000.0
CUST004710,1,1,auto,2276000.0
CUST004711,1,1,home,1757000.0
CUST004712,1,1,mortgage,1046000.0
CUST004713,1,1,auto,1836000.0
CUST004714,0,0,none,0.0
CUST004715,1,1,mortgage,428000.0
CUST004716,0,0,none,0.0
CUST004717,0,0,none,0.0
CUST004718,0,0,none,0.0
CUST004719,1,1,personal,894000.0
CUST004720,1,1,home,1274000.0
CUST004721,0,0,none,0.0
CUST004722,1,1,home,1099000.0
CUST004723,0,0,none,0.0
CUST004724,1,1,mortgage,1243000.0
CUST004725,0,0,none,0.0
CUST004726,1,1,auto,3055000.0
CUST004727,0,0,none,0.0
CUST004728,0,0,none,0.0
CUST004729,0,0,none,0.0
CUST004730,1,1,personal,1197000.0
CUST004731,0,0,none,0.0
CUST004732,0,0,none,0.0
CUST004733,1,0,mortgage,1541000.0
CUST004734,0,0,none,0.0
CUST004735,1,0,auto,378000.0
CUST004736,0,0,none,0.0
CUST004737,0,0,none,0.0
CUST004738,1,0,personal,913000.0
CUST004739,0,0,none,0.0
CUST004740,0,0,none,0.0
CUST004741,0,0,none,0.0
CUST004742,0,0,none,0.0
CUST004743,0,0,none,0.0
CUST004744,1,0,home,968000.0
CUST004745,1,1,mortgage,1442000.0
CUST004746,1,1,mortgage,751000.0
CUST004747,0,0,none,0.0
CUST004748,0,0,none,0.0
CUST004749,1,1,auto,1855000.0
CUST004750,0,0,none,0.0
CUST004751,0,0,none,0.0
CUST004752,1,1,mortgage,826000.0
CUST004753,0,0,none,0.0
CUST004754,1,1,personal,817000.0
CUST004755,0,0,none,0.0
CUST004756,1,1,mortgage,731000.0
CUST004757,1,1,mortgage,4284000.0
CUST004758,0,0,none,0.0
CUST004759,1,1,auto,409000.0
CUST004760,0,0,none,0.0
CUST004761,1,1,home,391000.0
CUST004762,0,0,none,0.0
CUST004763,0,0,none,0.0
CUST004764,1,1,personal,407000.0
CUST004765,1,1,mortgage,554000.0
CUST004766,1,1,auto,252000.0
CUST004767,0,0,none,0.0
CUST004768,0,0,none,0.0
CUST004769,1,0,mortgage,2489000.0
CUST004770,0,0,none,0.0
CUST004771,0,0,none,0.0
CUST004772,1,1,mortgage,900000.0
CUST004773,1,1,home,1266000.0
CUST004774,0,0,none,0.0
CUST004775,1,1,home,1129000.0
CUST004776,0,0,none,0.0
CUST004777,0,0,none,0.0
CUST004778,0,0,none,0.0
CUST004779,0,0,none,0.0
CUST004780,1,1,personal,1460000.0
CUST004781,0,0,none,0.0
CUST004782,1,1,personal,2775000.0
CUST004783,1,0,auto,1116000.0
CUST004784,1,0,home,958000.0
CUST004785,0,0,none,0.0
CUST004786,0,0,none,0.0
CUST004787,1,1,personal,676000.0
CUST004788,1,1,personal,628000.0
CUST004789,0,0,none,0.0
CUST004790,0,0,none,0.0
CUST004791,0,0,none,0.0
CUST004792,0,0,none,0.0
CUST004793,0,0,none,0.0
CUST004794,1,1,personal,562000.0
CUST004795,0,0,none,0.0
CUST004796,1,0,auto,670000.0
CUST004797,0,0,none,0.0
CUST004798,1,1,home,1998000.0
CUST004799,1,1,home,413000.0
CUST004800,0,0,none,0.0
CUST004801,0,0,none,0.0
CUST004802,0,0,none,0.0
CUST004803,0,0,none,0.0
CUST004804,0,0,none,0.0
CUST004805,0,0,none,0.0
CUST004806,0,0,none,0.0
CUST004807,0,0,none,0.0
CUST004808,1,1,personal,881000.0
CUST004809,1,1,auto,1308000.0
CUST004810,0,0,none,0.0
CUST004811,1,1,auto,624000.0
CUST004812,0,0,none,0.0
CUST004813,0,0,none,0.0
CUST004814,1,1,personal,410000.0
CUST004815,1,1,mortgage,1589000.0
CUST004816,1,0,auto,311000.0
CUST004817,0,0,none,0.0
CUST004818,1,1,personal,1150000.0
CUST004819,1,1,personal,1157000.0
CUST004820,1,0,home,538000.0
CUST004821,0,0,none,0.0
CUST004822,0,0,none,0.0
CUST004823,1,1,home,654000.0
CUST004824,0,0,none,0.0
CUST004825,0,0,none,0.0
CUST004826,1,1,auto,582000.0
CUST004827,1,0,personal,2333000.0
CUST004828,0,0,none,0.0
CUST004829,1,1,auto,2758000.0
CUST004830,0,0,none,0.0
CUST004831,1,1,mortgage,1217000.0
CUST004832,0,0,none,0.0
CUST004833,0,0,none,0.0
CUST004834,0,0,none,0.0
CUST004835,1,0,mortgage,1800000.0
CUST004836,1,0,personal,2066000.0
CUST004837,0,0,none,0.0
CUST004838,1,1,personal,1043000.0
CUST004839,0,0,none,0.0
CUST004840,0,0,none,0.0
CUST004841,1,1,personal,854000.0
CUST004842,0,0,none,0.0
CUST004843,1,0,home,1005000.0
CUST004844,0,0,none,0.0
CUST004845,1,0,personal,445000.0
CUST004846,1,1,personal,446000.0
CUST004847,1,1,mortgage,907000.0
CUST004848,1,1,personal,292000.0
CUST004849,0,0,none,0.0
CUST004850,1,1,personal,531000.0
CUST004851,0,0,none,0.0
CUST004852,1,0,personal,858000.0
CUST004853,1,1,home,282000.0
CUST004854,0,0,none,0.0
CUST004855,0,0,none,0.0
CUST004856,0,0,none,0.0
CUST004857,1,0,personal,1387000.0
CUST004858,0,0,none,0.0
CUST004859,0,0,none,0.0
CUST004860,0,0,none,0.0
CUST004861,0,0,none,0.0
CUST004862,1,0,personal,237000.0
CUST004863,0,0,none,0.0
CUST004864,0,0,none,0.0
CUST004865,0,0,none,0.0
CUST004866,1,1,personal,1049000.0
CUST004867,1,1,auto,2054000.0
CUST004868,0,0,none,0.0
CUST004869,0,0,none,0.0
CUST004870,1,1,mortgage,423000.0
CUST004871,1,1,mortgage,1735000.0
CUST004872,1,1,mortgage,1717000.0
CUST004873,1,1,personal,2015000.0
CUST004874,1,1,mortgage,563000.0
CUST004875,0,0,none,0.0
CUST004876,1,1,home,1407000.0
CUST004877,0,0,none,0.0
CUST004878,0,0,none,0.0
CUST004879,1,1,home,522000.0
CUST004880,0,0,none,0.0
CUST004881,0,0,none,0.0
CUST004882,0,0,none,0.0
CUST004883,0,0,none,0.0
CUST004884,1,1,mortgage,609000.0
CUST004885,0,0,none,0.0
CUST004886,1,0,auto,509000.0
CUST004887,1,1,personal,832000.0
CUST004888,0,0,none,0.0
CUST004889,1,1,home,1537000.0
CUST004890,1,1,personal,631000.0
CUST004891,0,0,none,0.0
CUST004892,0,0,none,0.0
CUST004893,1,1,auto,516000.0
CUST004894,0,0,none,0.0
CUST004895,1,1,home,1037000.0
CUST004896,0,0,none,0.0
CUST004897,0,0,none,0.0
CUST004898,0,0,none,0.0
CUST004899,1,1,mortgage,401000.0
CUST004900,1,1,home,368000.0
CUST004901,0,0,none,0.0
CUST004902,0,0,none,0.0
CUST004903,0,0,none,0.0
CUST004904,0,0,none,0.0
CUST004905,1,1,home,913000.0
CUST004906,0,0,none,0.0
CUST004907,0,0,none,0.0
CUST004908,1,0,mortgage,316000.0
CUST004909,0,0,none,0.0
CUST004910,1,1,auto,1323000.0
CUST004911,0,0,none,0.0
CUST004912,0,0,none,0.0
CUST004913,1,1,auto,523000.0
CUST004914,0,0,none,0.0
CUST004915,1,1,auto,994000.0
CUST004916,0,0,none,0.0
CUST004917,0,0,none,0.0
CUST004918,0,0,none,0.0
CUST004919,1,1,home,751000.0
CUST004920,1,1,home,3766000.0
CUST004921,0,0,none,0.0
CUST004922,0,0,none,0.0
CUST004923,0,0,none,0.0
CUST004924,1,1,mortgage,881000.0
CUST004925,1,1,home,404000.0
CUST004926,0,0,none,0.0
CUST004927,0,0,none,0.0
CUST004928,0,0,none,0.0
CUST004929,1,1,mortgage,1183000.0
CUST004930,0,0,none,0.0
CUST004931,1,0,personal,725000.0
CUST004932,0,0,none,0.0
CUST004933,0,0,none,0.0
CUST004934,0,0,none,0.0
CUST004935,0,0,none,0.0
CUST004936,1,1,home,1537000.0
CUST004937,1,1,home,776000.0
CUST004938,0,0,none,0.0
CUST004939,1,1,auto,1949000.0
CUST004940,0,0,none,0.0
CUST004941,1,1,home,1074000.0
CUST004942,1,1,auto,1250000.0
CUST004943,0,0,none,0.0
CUST004944,0,0,none,0.0
CUST004945,0,0,none,0.0
CUST004946,0,0,none,0.0
CUST004947,1,1,home,1316000.0
CUST004948,1,1,auto,801000.0
CUST004949,0,0,none,0.0
CUST004950,0,0,none,0.0
CUST004951,1,0,personal,879000.0
CUST004952,0,0,none,0.0
CUST004953,0,0,none,0.0
CUST004954,0,0,none,0.0
CUST004955,0,0,none,0.0
CUST004956,0,0,none,0.0
CUST004957,0,0,none,0.0
CUST004958,1,1,personal,2321000.0
CUST004959,0,0,none,0.0
CUST004960,0,0,none,0.0
CUST004961,0,0,none,0.0
CUST004962,0,0,none,0.0
CUST004963,0,0,none,0.0
CUST004964,1,1,mortgage,3781000.0
CUST004965,0,0,none,0.0
CUST004966,1,1,home,1016000.0
CUST004967,0,0,none,0.0
CUST004968,1,1,auto,1643000.0
CUST004969,0,0,none,0.0
CUST004970,0,0,none,0.0
CUST004971,0,0,none,0.0
CUST004972,0,0,none,0.0
CUST004973,0,0,none,0.0
CUST004974,0,0,none,0.0
CUST004975,0,0,none,0.0
CUST004976,1,1,auto,1059000.0
CUST004977,1,1,auto,1977000.0
CUST004978,0,0,none,0.0
CUST004979,0,0,none,0.0
CUST004980,0,0,none,0.0
CUST004981,0,0,none,0.0
CUST004982,1,1,personal,1275000.0
CUST004983,0,0,none,0.0
CUST004984,0,0,none,0.0
CUST004985,0,0,none,0.0
CUST004986,1,1,mortgage,3092000.0
CUST004987,0,0,none,0.0
CUST004988,0,0,none,0.0
CUST004989,1,1,personal,676000.0
CUST004990,1,1,home,484000.0
CUST004991,1,1,home,964000.0
CUST004992,0,0,none,0.0
CUST004993,1,1,mortgage,752000.0
CUST004994,0,0,none,0.0
CUST004995,1,0,mortgage,814000.0
CUST004996,0,0,none,0.0
CUST004997,0,0,none,0.0
CUST004998,1,1,mortgage,741000.0
CUST004999,0,0,none,0.0
CUST005000,0,0,none,0.0
